behavior_id,user_id,course_id,behavior_type,event_time,duration
B00000001,U000663,C00023,buy,2026-08-20 18:00:48,3206
B00000002,U000345,C00016,buy,2026-08-20 00:12:48,2777
B00000003,U000819,C00002,buy,2026-08-31 10:00:48,1742
B00000004,U000852,C00047,buy,2026-08-24 09:18:48,1147
B00000005,U000154,C00070,start_learning,2026-08-20 05:49:48,2059
B00000006,U000088,C00024,finish,2026-08-14 15:53:48,2094
B00000007,U000427,C00082,start_learning,2026-08-24 17:37:48,3249
B00000008,U000003,C00056,start_learning,2026-08-04 10:12:48,249
B00000009,U000684,C00007,start_learning,2026-08-17 15:35:48,983
B00000010,U000155,C00094,view,2026-08-10 05:00:48,1496
B00000011,U000204,C00001,view,2026-08-31 03:58:48,2909
B00000012,U000326,C00023,start_learning,2026-08-23 16:14:48,2308
B00000013,U000700,C00006,start_learning,2026-08-21 11:43:48,695
B00000014,U000520,C00091,view,2026-08-17 12:21:48,1632
B00000015,U000583,C00090,start_learning,2026-09-01 01:05:48,466
B00000016,U000045,C00030,view,2026-08-26 17:56:48,2875
B00000017,U000992,C00024,buy,2026-08-13 00:29:48,1443
B00000018,U000017,C00047,finish,2026-08-15 15:52:48,2382
B00000019,U000275,C00077,view,2026-08-08 10:23:48,3049
B00000020,U000123,C00034,favorite,2026-08-02 18:53:48,3064
B00000021,U000952,C00080,start_learning,2026-08-26 16:34:48,1160
B00000022,U000362,C00076,finish,2026-08-21 23:23:48,2131
B00000023,U000166,C00091,view,2026-08-14 11:02:48,1727
B00000024,U000629,C00099,buy,2026-08-16 01:41:48,2453
B00000025,U000607,C00050,buy,2026-08-22 15:19:48,2475
B00000026,U000571,C00086,start_learning,2026-08-29 22:06:48,1261
B00000027,U000637,C00035,buy,2026-08-12 00:33:48,1567
B00000028,U000823,C00008,start_learning,2026-08-19 10:18:48,1006
B00000029,U000837,C00087,finish,2026-08-30 05:37:48,1276
B00000030,U000312,C00033,buy,2026-08-07 05:02:48,3489
B00000031,U000834,C00092,favorite,2026-08-28 01:26:48,2329
B00000032,U000066,C00080,start_learning,2026-08-23 06:27:48,2674
B00000033,U000299,C00018,favorite,2026-08-14 18:21:48,197
B00000034,U000288,C00016,finish,2026-08-20 10:11:48,1211
B00000035,U000729,C00072,start_learning,2026-08-05 02:05:48,1318
B00000036,U000873,C00056,favorite,2026-08-03 22:57:48,2789
B00000037,U000019,C00059,favorite,2026-08-16 08:44:48,1304
B00000038,U000136,C00097,favorite,2026-08-31 19:50:48,81
B00000039,U000435,C00089,favorite,2026-08-08 22:09:48,3292
B00000040,U000622,C00055,finish,2026-08-28 06:17:48,411
B00000041,U000233,C00052,start_learning,2026-08-05 21:13:48,2535
B00000042,U000302,C00003,view,2026-08-08 11:57:48,1880
B00000043,U000968,C00040,buy,2026-08-19 03:55:48,836
B00000044,U000919,C00050,finish,2026-08-21 23:26:48,440
B00000045,U000909,C00068,favorite,2026-08-20 23:53:48,1258
B00000046,U000683,C00069,finish,2026-08-19 20:06:48,1950
B00000047,U000172,C00006,start_learning,2026-09-01 13:32:48,192
B00000048,U000286,C00010,finish,2026-08-14 20:40:48,2562
B00000049,U000750,C00012,buy,2026-08-12 03:32:48,692
B00000050,U000365,C00059,finish,2026-08-07 12:05:48,1536
B00000051,U000068,C00011,favorite,2026-08-09 18:25:48,2762
B00000052,U000580,C00061,buy,2026-08-25 00:57:48,3460
B00000053,U000483,C00045,start_learning,2026-08-24 14:53:48,2219
B00000054,U000533,C00008,start_learning,2026-08-12 21:17:48,1813
B00000055,U000860,C00069,buy,2026-08-19 05:46:48,1631
B00000056,U000653,C00050,finish,2026-08-08 06:28:48,3156
B00000057,U000245,C00089,finish,2026-08-11 22:59:48,505
B00000058,U000365,C00099,favorite,2026-08-25 15:48:48,2738
B00000059,U000017,C00057,favorite,2026-08-18 11:05:48,2883
B00000060,U000605,C00082,finish,2026-08-31 15:01:48,1788
B00000061,U000567,C00048,view,2026-09-01 13:33:48,2618
B00000062,U000246,C00076,buy,2026-08-26 06:12:48,2940
B00000063,U000289,C00040,favorite,2026-08-19 00:49:48,922
B00000064,U000307,C00086,start_learning,2026-08-12 10:08:48,119
B00000065,U000004,C00003,start_learning,2026-08-06 02:07:48,3000
B00000066,U000505,C00002,favorite,2026-08-25 17:16:48,2809
B00000067,U000335,C00026,finish,2026-08-18 09:57:48,1467
B00000068,U000623,C00007,favorite,2026-08-22 11:04:48,2264
B00000069,U000417,C00016,buy,2026-08-30 12:04:48,3375
B00000070,U000208,C00089,favorite,2026-08-25 02:46:48,3540
B00000071,U000091,C00061,favorite,2026-08-07 17:47:48,3307
B00000072,U000272,C00063,view,2026-08-03 10:26:48,2740
B00000073,U000036,C00050,finish,2026-08-15 06:04:48,3
B00000074,U000501,C00051,favorite,2026-08-15 21:24:48,2355
B00000075,U000322,C00037,start_learning,2026-08-08 12:31:48,1238
B00000076,U000578,C00089,favorite,2026-08-09 18:16:48,1203
B00000077,U000593,C00013,finish,2026-08-18 04:58:48,1168
B00000078,U000186,C00058,start_learning,2026-08-19 01:56:48,3017
B00000079,U000388,C00045,buy,2026-08-14 18:14:48,796
B00000080,U000378,C00021,view,2026-08-10 05:49:48,710
B00000081,U000475,C00037,favorite,2026-08-25 17:34:48,2810
B00000082,U000018,C00017,view,2026-08-07 09:47:48,2831
B00000083,U000734,C00007,finish,2026-08-11 07:23:48,2214
B00000084,U000130,C00057,view,2026-08-26 15:19:48,288
B00000085,U000442,C00063,buy,2026-08-29 11:22:48,725
B00000086,U000300,C00053,favorite,2026-08-21 19:03:48,1378
B00000087,U000204,C00081,favorite,2026-08-15 01:54:48,2628
B00000088,U000577,C00017,favorite,2026-08-07 01:39:48,1642
B00000089,U000809,C00046,favorite,2026-08-03 15:28:48,183
B00000090,U000376,C00004,start_learning,2026-08-05 13:48:48,2750
B00000091,U000954,C00058,buy,2026-08-19 08:31:48,2749
B00000092,U000012,C00090,start_learning,2026-08-15 21:49:48,2763
B00000093,U000191,C00033,finish,2026-08-12 15:09:48,1888
B00000094,U000884,C00013,finish,2026-08-08 21:35:48,405
B00000095,U000240,C00073,finish,2026-08-13 14:29:48,1754
B00000096,U000496,C00059,favorite,2026-08-09 19:56:48,230
B00000097,U000862,C00074,view,2026-08-05 18:43:48,2439
B00000098,U000991,C00094,buy,2026-08-29 05:18:48,1103
B00000099,U000827,C00032,favorite,2026-08-03 15:17:48,1330
B00000100,U000557,C00100,favorite,2026-08-05 14:44:48,1261
B00000101,U000600,C00024,buy,2026-08-02 23:49:48,2096
B00000102,U000858,C00080,buy,2026-08-29 23:26:48,2346
B00000103,U000001,C00044,favorite,2026-08-13 01:12:48,327
B00000104,U000409,C00072,start_learning,2026-08-30 09:41:48,978
B00000105,U000134,C00054,buy,2026-08-18 18:44:48,2070
B00000106,U000429,C00066,buy,2026-08-24 11:48:48,3459
B00000107,U000891,C00009,buy,2026-08-08 20:11:48,144
B00000108,U000825,C00064,finish,2026-08-29 17:41:48,3349
B00000109,U000270,C00055,start_learning,2026-08-31 00:21:48,410
B00000110,U000252,C00096,buy,2026-08-24 00:18:48,435
B00000111,U000712,C00049,favorite,2026-08-06 04:27:48,1169
B00000112,U000597,C00066,buy,2026-08-27 10:24:48,1696
B00000113,U000566,C00081,buy,2026-08-16 16:21:48,2697
B00000114,U000939,C00049,start_learning,2026-08-09 07:56:48,2296
B00000115,U000530,C00059,view,2026-08-24 07:38:48,1711
B00000116,U000621,C00097,start_learning,2026-08-11 17:06:48,1819
B00000117,U000154,C00023,finish,2026-08-21 22:38:48,2222
B00000118,U000281,C00079,view,2026-08-21 04:21:48,166
B00000119,U000471,C00086,finish,2026-08-30 12:57:48,1918
B00000120,U000400,C00059,finish,2026-08-24 14:23:48,2989
B00000121,U000712,C00025,start_learning,2026-08-21 08:38:48,2435
B00000122,U000026,C00095,view,2026-08-04 17:01:48,1321
B00000123,U000866,C00027,buy,2026-08-22 20:13:48,1347
B00000124,U000314,C00007,finish,2026-08-05 12:30:48,431
B00000125,U000569,C00068,view,2026-08-18 06:52:48,1029
B00000126,U000072,C00075,favorite,2026-08-30 15:10:48,2798
B00000127,U000610,C00021,favorite,2026-08-15 06:08:48,1994
B00000128,U000945,C00062,buy,2026-08-27 00:38:48,2557
B00000129,U000569,C00069,buy,2026-08-26 06:02:48,3593
B00000130,U000047,C00079,buy,2026-08-21 07:04:48,998
B00000131,U000588,C00098,favorite,2026-08-26 22:41:48,919
B00000132,U000596,C00044,favorite,2026-08-17 01:54:48,1578
B00000133,U000955,C00028,finish,2026-08-17 10:17:48,1468
B00000134,U000235,C00035,start_learning,2026-08-07 14:47:48,1086
B00000135,U000757,C00059,favorite,2026-08-08 17:29:48,2501
B00000136,U000123,C00099,start_learning,2026-08-03 12:16:48,1049
B00000137,U000271,C00007,finish,2026-08-08 01:14:48,3043
B00000138,U000860,C00048,favorite,2026-08-03 13:58:48,422
B00000139,U000023,C00027,finish,2026-08-06 19:27:48,2797
B00000140,U000037,C00083,favorite,2026-08-18 17:18:48,2964
B00000141,U000294,C00048,view,2026-08-08 17:45:48,999
B00000142,U000413,C00036,finish,2026-08-04 10:32:48,2626
B00000143,U000671,C00079,start_learning,2026-08-29 20:24:48,1892
B00000144,U000974,C00056,start_learning,2026-08-21 23:35:48,1489
B00000145,U000635,C00003,view,2026-08-10 10:53:48,1587
B00000146,U000875,C00005,finish,2026-08-23 14:11:48,2705
B00000147,U000046,C00058,finish,2026-08-08 14:40:48,2875
B00000148,U000376,C00080,finish,2026-08-06 08:33:48,991
B00000149,U000548,C00055,favorite,2026-08-20 12:53:48,2103
B00000150,U000311,C00030,start_learning,2026-08-16 03:50:48,3452
B00000151,U000744,C00021,start_learning,2026-08-21 12:16:48,753
B00000152,U000308,C00079,favorite,2026-08-04 10:01:48,2500
B00000153,U000323,C00076,buy,2026-08-29 06:37:48,1403
B00000154,U000238,C00016,favorite,2026-08-21 03:48:48,1382
B00000155,U000239,C00006,start_learning,2026-08-22 13:03:48,3266
B00000156,U000280,C00024,favorite,2026-08-15 21:06:48,1765
B00000157,U000672,C00063,buy,2026-08-10 11:54:48,485
B00000158,U000273,C00007,favorite,2026-08-10 02:42:48,2769
B00000159,U000429,C00027,favorite,2026-08-13 13:34:48,2049
B00000160,U000885,C00075,buy,2026-08-20 07:11:48,1541
B00000161,U000380,C00003,view,2026-08-23 16:37:48,2141
B00000162,U000706,C00069,view,2026-08-05 02:01:48,979
B00000163,U000406,C00009,view,2026-08-28 18:34:48,334
B00000164,U000669,C00019,start_learning,2026-08-21 23:55:48,3351
B00000165,U000473,C00023,favorite,2026-08-12 18:58:48,2460
B00000166,U000613,C00003,finish,2026-08-10 17:02:48,3175
B00000167,U000490,C00069,start_learning,2026-08-16 13:08:48,940
B00000168,U000976,C00069,favorite,2026-08-26 14:13:48,2499
B00000169,U000262,C00050,finish,2026-08-17 18:17:48,457
B00000170,U000271,C00087,start_learning,2026-08-23 02:10:48,3557
B00000171,U000385,C00081,view,2026-08-22 16:25:48,2678
B00000172,U000059,C00062,start_learning,2026-08-03 03:31:48,663
B00000173,U000477,C00006,start_learning,2026-08-12 01:50:48,759
B00000174,U000547,C00065,buy,2026-08-21 12:16:48,566
B00000175,U000874,C00098,buy,2026-08-16 21:31:48,1021
B00000176,U000002,C00076,view,2026-08-28 22:49:48,1081
B00000177,U000204,C00048,buy,2026-08-17 09:06:48,1937
B00000178,U000007,C00097,finish,2026-08-17 15:42:48,549
B00000179,U000865,C00042,view,2026-08-17 04:35:48,2122
B00000180,U000310,C00047,finish,2026-08-20 09:59:48,2020
B00000181,U000874,C00009,finish,2026-08-25 12:40:48,2817
B00000182,U000540,C00050,buy,2026-08-18 20:22:48,238
B00000183,U000766,C00027,favorite,2026-08-31 01:03:48,1962
B00000184,U000706,C00037,favorite,2026-08-19 12:29:48,2167
B00000185,U000346,C00025,view,2026-08-03 05:06:48,2637
B00000186,U000115,C00034,favorite,2026-08-17 08:48:48,2226
B00000187,U000876,C00093,favorite,2026-08-20 23:09:48,2390
B00000188,U000614,C00038,finish,2026-08-18 12:59:48,1235
B00000189,U000760,C00060,finish,2026-08-19 12:20:48,839
B00000190,U000072,C00005,view,2026-08-09 13:29:48,362
B00000191,U000019,C00093,buy,2026-08-03 15:00:48,135
B00000192,U000393,C00009,buy,2026-08-12 01:29:48,823
B00000193,U000954,C00064,favorite,2026-08-20 17:03:48,769
B00000194,U000949,C00063,favorite,2026-08-18 23:05:48,1554
B00000195,U000467,C00053,finish,2026-08-21 17:36:48,2025
B00000196,U000517,C00031,view,2026-08-04 09:58:48,1943
B00000197,U000741,C00068,start_learning,2026-08-15 08:26:48,453
B00000198,U000149,C00051,favorite,2026-08-13 01:59:48,1099
B00000199,U000487,C00085,start_learning,2026-08-09 14:51:48,259
B00000200,U000577,C00093,view,2026-08-20 08:03:48,643
B00000201,U000592,C00042,view,2026-08-05 05:49:48,544
B00000202,U000560,C00061,finish,2026-08-31 18:40:48,1176
B00000203,U000791,C00097,finish,2026-08-31 01:18:48,1536
B00000204,U000241,C00074,view,2026-08-28 05:00:48,1770
B00000205,U000881,C00043,favorite,2026-08-19 09:56:48,187
B00000206,U000446,C00019,favorite,2026-08-11 18:26:48,1240
B00000207,U000280,C00028,finish,2026-08-23 16:25:48,1546
B00000208,U000726,C00066,favorite,2026-08-17 13:24:48,194
B00000209,U000090,C00048,view,2026-08-31 06:26:48,435
B00000210,U000107,C00042,favorite,2026-08-27 10:12:48,942
B00000211,U000627,C00056,start_learning,2026-08-23 09:08:48,410
B00000212,U000292,C00026,start_learning,2026-08-07 04:20:48,2709
B00000213,U000454,C00061,start_learning,2026-08-30 03:30:48,2300
B00000214,U000068,C00086,view,2026-08-26 14:32:48,1967
B00000215,U000119,C00056,buy,2026-08-15 23:04:48,3343
B00000216,U000385,C00011,start_learning,2026-08-27 20:45:48,1184
B00000217,U000153,C00056,buy,2026-08-04 22:55:48,303
B00000218,U000565,C00038,favorite,2026-08-09 16:50:48,2636
B00000219,U000933,C00013,finish,2026-08-16 20:07:48,266
B00000220,U000671,C00044,buy,2026-08-26 06:15:48,903
B00000221,U000575,C00001,view,2026-08-18 19:15:48,1617
B00000222,U000316,C00098,start_learning,2026-08-31 08:54:48,782
B00000223,U000652,C00097,view,2026-08-31 20:25:48,2650
B00000224,U000782,C00082,favorite,2026-08-12 01:26:48,3512
B00000225,U000656,C00025,buy,2026-08-13 02:55:48,409
B00000226,U000849,C00081,start_learning,2026-08-12 07:50:48,1173
B00000227,U000820,C00020,view,2026-08-31 14:55:48,93
B00000228,U000797,C00036,favorite,2026-08-25 08:38:48,2229
B00000229,U000148,C00073,buy,2026-08-17 04:59:48,1774
B00000230,U000436,C00052,buy,2026-08-19 11:52:48,780
B00000231,U000310,C00040,finish,2026-08-09 13:14:48,2537
B00000232,U000202,C00030,view,2026-08-14 10:05:48,1382
B00000233,U000154,C00087,view,2026-08-26 14:27:48,1304
B00000234,U000392,C00034,buy,2026-09-01 14:59:48,305
B00000235,U000785,C00021,start_learning,2026-08-12 06:36:48,1372
B00000236,U000015,C00062,start_learning,2026-08-07 20:02:48,286
B00000237,U000800,C00055,favorite,2026-08-24 07:54:48,1791
B00000238,U000016,C00082,start_learning,2026-08-19 03:05:48,216
B00000239,U000845,C00078,buy,2026-08-10 00:39:48,906
B00000240,U000247,C00071,favorite,2026-08-12 06:35:48,2063
B00000241,U000329,C00021,start_learning,2026-08-04 11:30:48,425
B00000242,U000209,C00064,view,2026-08-15 15:08:48,2176
B00000243,U000744,C00078,start_learning,2026-08-27 15:17:48,2602
B00000244,U000806,C00062,buy,2026-08-31 16:13:48,282
B00000245,U000742,C00010,favorite,2026-08-18 17:50:48,2073
B00000246,U000329,C00020,finish,2026-08-15 01:54:48,1403
B00000247,U000932,C00036,buy,2026-08-05 12:30:48,578
B00000248,U000339,C00080,view,2026-08-03 21:29:48,1686
B00000249,U000123,C00015,favorite,2026-08-26 14:28:48,1492
B00000250,U000004,C00066,start_learning,2026-08-04 00:10:48,1932
B00000251,U000567,C00095,buy,2026-08-16 00:36:48,396
B00000252,U000981,C00075,view,2026-08-19 20:31:48,895
B00000253,U000994,C00058,buy,2026-08-31 18:00:48,943
B00000254,U000734,C00062,view,2026-08-19 01:50:48,1020
B00000255,U000575,C00006,start_learning,2026-08-25 16:05:48,1232
B00000256,U000015,C00036,favorite,2026-08-23 14:55:48,224
B00000257,U000241,C00064,finish,2026-08-30 05:30:48,3140
B00000258,U000477,C00039,view,2026-08-12 14:25:48,1571
B00000259,U000744,C00065,favorite,2026-08-15 04:20:48,2946
B00000260,U000720,C00009,finish,2026-08-13 18:07:48,215
B00000261,U000446,C00020,favorite,2026-08-11 19:32:48,2456
B00000262,U000553,C00042,favorite,2026-08-28 10:21:48,2085
B00000263,U000476,C00064,view,2026-08-07 05:06:48,1429
B00000264,U000286,C00027,start_learning,2026-08-25 12:15:48,3470
B00000265,U000163,C00033,favorite,2026-08-27 18:11:48,1912
B00000266,U000924,C00052,view,2026-08-07 05:07:48,1271
B00000267,U000522,C00015,favorite,2026-08-30 19:38:48,2003
B00000268,U000782,C00074,start_learning,2026-08-06 07:53:48,1758
B00000269,U000623,C00064,favorite,2026-08-15 14:43:48,807
B00000270,U000657,C00040,favorite,2026-08-16 21:49:48,2770
B00000271,U000433,C00036,buy,2026-08-29 18:27:48,3024
B00000272,U000264,C00086,start_learning,2026-08-29 23:34:48,198
B00000273,U000942,C00074,finish,2026-08-24 16:30:48,60
B00000274,U000470,C00004,favorite,2026-08-19 14:22:48,3578
B00000275,U000604,C00039,finish,2026-08-10 08:49:48,3316
B00000276,U000415,C00074,view,2026-08-17 07:12:48,3030
B00000277,U000150,C00017,start_learning,2026-08-29 02:51:48,1879
B00000278,U000698,C00045,finish,2026-08-06 08:14:48,576
B00000279,U000682,C00032,start_learning,2026-08-03 01:38:48,3198
B00000280,U000601,C00036,buy,2026-08-18 13:11:48,708
B00000281,U000983,C00096,favorite,2026-08-19 20:46:48,2913
B00000282,U000945,C00069,finish,2026-08-06 17:03:48,1292
B00000283,U000393,C00024,start_learning,2026-08-24 18:22:48,666
B00000284,U000893,C00099,favorite,2026-08-26 09:22:48,1905
B00000285,U000875,C00053,buy,2026-08-29 22:16:48,2528
B00000286,U000918,C00057,buy,2026-08-16 08:21:48,1165
B00000287,U000113,C00027,finish,2026-08-31 12:17:48,2466
B00000288,U000012,C00013,start_learning,2026-08-15 04:24:48,2855
B00000289,U000222,C00088,finish,2026-08-23 21:33:48,941
B00000290,U000466,C00052,view,2026-08-03 12:17:48,3031
B00000291,U000031,C00037,favorite,2026-08-19 12:40:48,198
B00000292,U000475,C00065,finish,2026-08-03 05:05:48,1841
B00000293,U000772,C00082,start_learning,2026-08-22 05:42:48,3016
B00000294,U000416,C00053,start_learning,2026-08-31 05:32:48,62
B00000295,U000235,C00011,buy,2026-08-02 21:29:48,564
B00000296,U000542,C00086,finish,2026-08-24 18:15:48,1664
B00000297,U000431,C00031,view,2026-08-28 07:56:48,3020
B00000298,U000711,C00029,start_learning,2026-08-13 23:07:48,577
B00000299,U000485,C00043,start_learning,2026-08-30 16:13:48,2141
B00000300,U000730,C00043,view,2026-08-18 00:30:48,3169
B00000301,U000848,C00012,view,2026-08-12 06:59:48,1151
B00000302,U000521,C00035,buy,2026-08-02 15:57:48,1695
B00000303,U000869,C00040,view,2026-08-19 08:12:48,2634
B00000304,U000892,C00001,buy,2026-08-15 23:38:48,1952
B00000305,U000385,C00060,buy,2026-08-12 23:30:48,619
B00000306,U000673,C00055,favorite,2026-08-11 22:21:48,284
B00000307,U000213,C00043,view,2026-09-01 08:20:48,2002
B00000308,U000542,C00048,favorite,2026-08-14 14:49:48,924
B00000309,U000096,C00006,start_learning,2026-08-18 14:43:48,1711
B00000310,U000866,C00068,buy,2026-08-13 04:48:48,752
B00000311,U000548,C00080,favorite,2026-08-14 00:38:48,3502
B00000312,U000324,C00099,buy,2026-08-03 08:45:48,2419
B00000313,U000572,C00002,view,2026-08-31 01:24:48,1942
B00000314,U000931,C00016,favorite,2026-08-27 21:16:48,3206
B00000315,U000891,C00009,favorite,2026-08-25 06:33:48,1037
B00000316,U000094,C00070,buy,2026-08-08 13:18:48,1704
B00000317,U000643,C00016,finish,2026-08-24 22:13:48,663
B00000318,U000818,C00051,buy,2026-08-22 16:41:48,474
B00000319,U000854,C00013,buy,2026-08-06 18:18:48,2503
B00000320,U000664,C00059,favorite,2026-08-08 14:36:48,2480
B00000321,U000057,C00060,finish,2026-08-30 18:09:48,2455
B00000322,U000025,C00007,finish,2026-08-12 12:58:48,931
B00000323,U000345,C00055,buy,2026-08-15 09:07:48,59
B00000324,U000443,C00078,buy,2026-08-24 10:50:48,687
B00000325,U000913,C00040,finish,2026-08-18 01:59:48,3104
B00000326,U000076,C00079,view,2026-08-13 14:16:48,2117
B00000327,U000206,C00051,finish,2026-08-10 06:43:48,1302
B00000328,U000479,C00089,start_learning,2026-08-14 05:09:48,2386
B00000329,U000407,C00024,buy,2026-08-22 17:36:48,1206
B00000330,U000627,C00075,start_learning,2026-08-04 13:47:48,825
B00000331,U000410,C00082,buy,2026-08-05 08:22:48,2848
B00000332,U000467,C00098,favorite,2026-08-07 15:30:48,3415
B00000333,U000410,C00021,favorite,2026-08-03 11:27:48,3442
B00000334,U000263,C00049,finish,2026-08-06 04:32:48,3477
B00000335,U000447,C00012,favorite,2026-08-24 08:25:48,724
B00000336,U000419,C00001,view,2026-08-11 20:09:48,235
B00000337,U000609,C00062,finish,2026-08-05 12:09:48,921
B00000338,U000888,C00075,start_learning,2026-08-11 20:37:48,515
B00000339,U000516,C00093,start_learning,2026-08-23 20:01:48,2595
B00000340,U000159,C00030,view,2026-08-28 07:13:48,2738
B00000341,U000805,C00078,favorite,2026-08-17 06:10:48,2375
B00000342,U000015,C00082,finish,2026-08-20 10:25:48,2149
B00000343,U000147,C00023,view,2026-08-11 05:25:48,2389
B00000344,U000938,C00041,view,2026-08-23 15:43:48,648
B00000345,U000574,C00090,finish,2026-08-03 05:35:48,2745
B00000346,U000983,C00029,finish,2026-08-27 06:42:48,1504
B00000347,U000334,C00084,view,2026-08-10 11:04:48,3269
B00000348,U000243,C00057,start_learning,2026-08-06 17:59:48,816
B00000349,U000201,C00070,view,2026-08-05 14:08:48,965
B00000350,U000286,C00022,buy,2026-08-31 14:04:48,1800
B00000351,U000186,C00074,favorite,2026-08-31 08:55:48,639
B00000352,U000123,C00053,view,2026-08-05 05:00:48,3081
B00000353,U000717,C00008,buy,2026-08-21 22:41:48,2754
B00000354,U000824,C00082,view,2026-08-31 02:15:48,1684
B00000355,U000391,C00022,view,2026-08-13 07:16:48,2927
B00000356,U000894,C00056,start_learning,2026-08-21 09:34:48,1203
B00000357,U000454,C00001,start_learning,2026-08-03 07:56:48,1987
B00000358,U000514,C00033,buy,2026-08-29 16:53:48,2277
B00000359,U000947,C00011,favorite,2026-08-10 13:33:48,2241
B00000360,U000843,C00027,buy,2026-08-22 15:44:48,2355
B00000361,U000480,C00052,finish,2026-08-07 10:31:48,1643
B00000362,U000613,C00064,finish,2026-08-10 13:37:48,2275
B00000363,U000685,C00064,finish,2026-08-09 07:07:48,2238
B00000364,U000420,C00018,start_learning,2026-08-09 02:19:48,3130
B00000365,U000697,C00039,finish,2026-08-24 18:25:48,968
B00000366,U000563,C00049,finish,2026-08-12 18:59:48,3305
B00000367,U000323,C00092,view,2026-08-06 15:27:48,1159
B00000368,U000670,C00086,favorite,2026-08-20 01:55:48,3600
B00000369,U000759,C00008,finish,2026-08-18 13:19:48,1036
B00000370,U000045,C00083,finish,2026-08-23 05:48:48,2841
B00000371,U000842,C00016,view,2026-08-10 23:47:48,1832
B00000372,U000383,C00055,start_learning,2026-08-27 15:09:48,1976
B00000373,U000983,C00072,finish,2026-08-26 23:02:48,315
B00000374,U000787,C00097,buy,2026-08-21 01:09:48,2543
B00000375,U000153,C00002,favorite,2026-08-30 08:12:48,1694
B00000376,U000403,C00025,buy,2026-08-30 10:21:48,1706
B00000377,U000178,C00075,start_learning,2026-08-23 14:07:48,110
B00000378,U000690,C00020,favorite,2026-08-19 12:07:48,49
B00000379,U000604,C00061,start_learning,2026-08-31 22:54:48,452
B00000380,U000888,C00025,favorite,2026-08-11 13:18:48,698
B00000381,U000249,C00050,view,2026-08-08 06:49:48,1223
B00000382,U000901,C00013,buy,2026-08-29 23:35:48,1802
B00000383,U000224,C00060,view,2026-08-18 22:55:48,2199
B00000384,U000785,C00040,favorite,2026-08-09 07:57:48,2622
B00000385,U000199,C00021,buy,2026-08-13 23:28:48,2854
B00000386,U000531,C00027,buy,2026-08-05 20:25:48,3503
B00000387,U000970,C00093,finish,2026-08-04 15:43:48,2541
B00000388,U000579,C00082,buy,2026-08-30 08:15:48,804
B00000389,U000291,C00032,favorite,2026-08-14 19:28:48,2001
B00000390,U000776,C00061,buy,2026-08-23 06:00:48,3073
B00000391,U000760,C00024,view,2026-08-18 00:16:48,220
B00000392,U000514,C00041,finish,2026-08-23 14:24:48,1159
B00000393,U000563,C00052,view,2026-08-12 00:13:48,1912
B00000394,U000331,C00040,favorite,2026-08-07 07:13:48,1057
B00000395,U000869,C00086,favorite,2026-08-03 18:21:48,929
B00000396,U000522,C00022,view,2026-08-30 14:13:48,2648
B00000397,U000343,C00029,finish,2026-08-12 20:10:48,754
B00000398,U000802,C00040,finish,2026-08-27 02:28:48,1017
B00000399,U000833,C00096,buy,2026-08-04 08:22:48,1805
B00000400,U000055,C00041,view,2026-08-23 02:49:48,1959
B00000401,U000259,C00042,buy,2026-08-04 19:08:48,2400
B00000402,U000045,C00017,buy,2026-08-11 21:39:48,1365
B00000403,U000561,C00093,start_learning,2026-08-02 21:54:48,366
B00000404,U000583,C00018,start_learning,2026-08-05 00:05:48,1839
B00000405,U000489,C00039,start_learning,2026-08-09 05:19:48,1678
B00000406,U000324,C00022,buy,2026-08-12 07:42:48,2980
B00000407,U000565,C00077,favorite,2026-08-06 15:40:48,2005
B00000408,U000599,C00034,start_learning,2026-08-27 10:41:48,1142
B00000409,U000834,C00058,finish,2026-08-05 06:14:48,1642
B00000410,U000764,C00063,favorite,2026-08-21 22:47:48,53
B00000411,U000639,C00089,finish,2026-08-07 12:28:48,9
B00000412,U000915,C00073,favorite,2026-08-20 04:02:48,3503
B00000413,U000470,C00013,buy,2026-08-27 06:46:48,2308
B00000414,U000204,C00026,buy,2026-08-07 00:06:48,1529
B00000415,U000631,C00017,buy,2026-08-04 12:40:48,3456
B00000416,U000841,C00036,start_learning,2026-08-15 08:22:48,58
B00000417,U000704,C00041,start_learning,2026-08-20 19:18:48,1770
B00000418,U000787,C00054,favorite,2026-08-19 19:50:48,1317
B00000419,U000430,C00082,start_learning,2026-08-10 00:14:48,2629
B00000420,U000441,C00009,favorite,2026-08-27 13:32:48,2314
B00000421,U000697,C00050,view,2026-08-15 10:48:48,1767
B00000422,U000079,C00044,favorite,2026-08-18 17:02:48,2776
B00000423,U000039,C00024,start_learning,2026-08-22 22:07:48,537
B00000424,U000687,C00056,favorite,2026-08-23 17:48:48,836
B00000425,U000765,C00027,buy,2026-08-07 09:51:48,2
B00000426,U000181,C00014,start_learning,2026-08-17 18:09:48,1822
B00000427,U000724,C00085,view,2026-08-07 15:11:48,2039
B00000428,U000757,C00099,buy,2026-08-09 15:22:48,1466
B00000429,U000048,C00005,finish,2026-08-10 12:11:48,2750
B00000430,U000049,C00082,favorite,2026-08-14 02:13:48,338
B00000431,U000082,C00074,favorite,2026-08-25 00:10:48,364
B00000432,U000183,C00007,finish,2026-08-21 12:15:48,697
B00000433,U000724,C00068,favorite,2026-08-16 16:51:48,3521
B00000434,U000740,C00072,favorite,2026-08-30 19:51:48,327
B00000435,U000020,C00035,finish,2026-08-27 02:19:48,2830
B00000436,U000981,C00043,view,2026-08-12 17:31:48,1920
B00000437,U000198,C00011,view,2026-08-09 14:31:48,401
B00000438,U000817,C00027,buy,2026-09-01 15:06:48,2615
B00000439,U000793,C00061,buy,2026-08-18 17:16:48,2976
B00000440,U000092,C00086,buy,2026-08-28 06:39:48,1895
B00000441,U000797,C00008,finish,2026-08-24 14:57:48,1916
B00000442,U000681,C00084,view,2026-08-28 10:27:48,2244
B00000443,U000346,C00056,start_learning,2026-08-22 19:13:48,861
B00000444,U000155,C00042,view,2026-08-24 12:21:48,717
B00000445,U000747,C00086,view,2026-08-04 03:45:48,1574
B00000446,U000374,C00010,buy,2026-08-27 12:35:48,410
B00000447,U000344,C00073,favorite,2026-08-17 00:05:48,2045
B00000448,U000006,C00027,buy,2026-08-17 02:14:48,37
B00000449,U000385,C00020,start_learning,2026-08-18 19:10:48,1113
B00000450,U000155,C00012,favorite,2026-08-10 23:07:48,2662
B00000451,U000003,C00054,start_learning,2026-08-21 16:11:48,539
B00000452,U000381,C00032,buy,2026-08-26 01:56:48,157
B00000453,U000738,C00093,buy,2026-08-03 01:32:48,755
B00000454,U000269,C00071,start_learning,2026-08-11 21:26:48,2509
B00000455,U000995,C00065,finish,2026-08-28 22:52:48,261
B00000456,U000659,C00072,start_learning,2026-08-19 07:23:48,1516
B00000457,U000492,C00057,favorite,2026-08-11 04:47:48,356
B00000458,U000614,C00067,start_learning,2026-08-09 13:13:48,471
B00000459,U000291,C00032,buy,2026-08-24 18:46:48,461
B00000460,U000278,C00057,start_learning,2026-08-04 11:12:48,3236
B00000461,U000754,C00032,buy,2026-08-31 21:15:48,669
B00000462,U000577,C00012,buy,2026-08-07 12:51:48,1692
B00000463,U000879,C00088,view,2026-08-08 04:25:48,1915
B00000464,U000077,C00082,start_learning,2026-08-06 22:26:48,2093
B00000465,U000998,C00051,view,2026-08-30 09:11:48,1173
B00000466,U000879,C00042,view,2026-08-13 02:12:48,182
B00000467,U000369,C00069,favorite,2026-08-13 09:09:48,3359
B00000468,U000483,C00089,buy,2026-08-08 17:16:48,491
B00000469,U000232,C00019,start_learning,2026-08-25 08:58:48,2751
B00000470,U000431,C00049,view,2026-08-12 03:44:48,3571
B00000471,U000697,C00015,favorite,2026-08-17 10:53:48,406
B00000472,U000006,C00041,favorite,2026-08-03 02:54:48,271
B00000473,U000577,C00065,start_learning,2026-08-30 19:58:48,2546
B00000474,U000885,C00084,view,2026-08-13 22:06:48,2643
B00000475,U000782,C00100,buy,2026-08-03 17:48:48,1142
B00000476,U000399,C00009,view,2026-08-13 08:05:48,1719
B00000477,U000704,C00060,buy,2026-08-30 01:26:48,2230
B00000478,U000713,C00005,buy,2026-08-25 04:18:48,2891
B00000479,U000593,C00003,favorite,2026-08-20 21:34:48,1715
B00000480,U000547,C00078,finish,2026-08-31 07:43:48,245
B00000481,U000499,C00074,view,2026-09-01 05:26:48,532
B00000482,U000331,C00016,finish,2026-08-21 16:47:48,515
B00000483,U000215,C00009,start_learning,2026-08-21 02:12:48,2332
B00000484,U000656,C00037,buy,2026-08-17 01:10:48,1742
B00000485,U000901,C00053,view,2026-08-07 05:54:48,2456
B00000486,U000330,C00077,start_learning,2026-08-04 00:45:48,1533
B00000487,U000222,C00008,view,2026-08-14 05:28:48,673
B00000488,U000529,C00062,finish,2026-08-11 13:02:48,3374
B00000489,U000143,C00034,finish,2026-08-24 23:44:48,2906
B00000490,U000559,C00045,start_learning,2026-08-26 10:06:48,3192
B00000491,U000658,C00082,finish,2026-08-09 09:19:48,3105
B00000492,U000792,C00092,finish,2026-08-04 08:48:48,1517
B00000493,U000311,C00074,finish,2026-08-10 15:29:48,158
B00000494,U000628,C00008,start_learning,2026-08-19 21:16:48,1684
B00000495,U000003,C00093,view,2026-08-30 21:04:48,994
B00000496,U000492,C00079,start_learning,2026-08-05 01:24:48,3296
B00000497,U000520,C00070,favorite,2026-08-24 05:36:48,3059
B00000498,U000750,C00003,start_learning,2026-08-22 21:15:48,1467
B00000499,U000744,C00009,favorite,2026-08-25 05:40:48,2028
B00000500,U000620,C00008,view,2026-08-30 18:22:48,2011
B00000501,U000984,C00008,start_learning,2026-08-12 17:53:48,1271
B00000502,U000414,C00038,buy,2026-08-31 20:40:48,364
B00000503,U000153,C00094,favorite,2026-08-24 22:13:48,2925
B00000504,U000511,C00025,view,2026-08-11 07:32:48,2593
B00000505,U000832,C00065,buy,2026-08-05 05:46:48,1994
B00000506,U000074,C00033,finish,2026-08-29 22:58:48,2673
B00000507,U000399,C00076,start_learning,2026-08-12 09:19:48,3340
B00000508,U000231,C00036,view,2026-08-11 07:24:48,2741
B00000509,U000104,C00068,finish,2026-08-16 15:14:48,3122
B00000510,U000270,C00097,buy,2026-08-19 14:22:48,2580
B00000511,U000481,C00005,finish,2026-08-25 14:42:48,2991
B00000512,U000660,C00018,buy,2026-08-29 04:20:48,11
B00000513,U000718,C00088,view,2026-08-30 19:03:48,3285
B00000514,U000616,C00070,buy,2026-08-07 05:52:48,2288
B00000515,U000638,C00005,buy,2026-08-31 22:11:48,3002
B00000516,U000316,C00010,buy,2026-08-02 19:08:48,1850
B00000517,U000684,C00052,start_learning,2026-08-05 21:52:48,450
B00000518,U000101,C00003,view,2026-08-03 06:31:48,1509
B00000519,U000033,C00032,finish,2026-08-13 10:17:48,2214
B00000520,U000615,C00015,start_learning,2026-08-25 23:11:48,1776
B00000521,U000421,C00058,start_learning,2026-08-20 14:03:48,3255
B00000522,U000107,C00052,finish,2026-08-20 20:33:48,2132
B00000523,U000190,C00067,start_learning,2026-08-21 14:01:48,2778
B00000524,U000499,C00026,view,2026-08-21 19:25:48,3484
B00000525,U000301,C00099,buy,2026-08-13 12:28:48,2032
B00000526,U000883,C00074,buy,2026-08-13 08:57:48,3223
B00000527,U000182,C00066,start_learning,2026-08-08 19:06:48,3101
B00000528,U000682,C00048,view,2026-08-30 12:04:48,2693
B00000529,U000994,C00069,buy,2026-08-31 16:52:48,3311
B00000530,U000196,C00082,favorite,2026-08-24 06:30:48,1220
B00000531,U000742,C00061,favorite,2026-08-26 09:48:48,676
B00000532,U000615,C00095,finish,2026-08-10 11:20:48,788
B00000533,U000046,C00096,buy,2026-08-14 19:03:48,278
B00000534,U000987,C00012,favorite,2026-08-04 14:10:48,1705
B00000535,U000760,C00031,view,2026-08-19 16:16:48,2693
B00000536,U000816,C00039,buy,2026-08-06 16:30:48,2019
B00000537,U000864,C00082,start_learning,2026-08-20 20:51:48,1115
B00000538,U000101,C00072,start_learning,2026-08-31 19:51:48,2906
B00000539,U000258,C00096,view,2026-08-31 04:39:48,982
B00000540,U000173,C00001,favorite,2026-08-26 03:12:48,2654
B00000541,U000311,C00097,finish,2026-08-10 23:48:48,685
B00000542,U000290,C00027,favorite,2026-08-03 18:19:48,2487
B00000543,U000542,C00001,buy,2026-08-06 02:33:48,2462
B00000544,U000020,C00045,buy,2026-08-13 19:16:48,221
B00000545,U000551,C00050,favorite,2026-08-29 05:46:48,3349
B00000546,U000378,C00075,favorite,2026-08-26 02:37:48,1459
B00000547,U000017,C00058,start_learning,2026-08-09 10:20:48,2436
B00000548,U000023,C00063,start_learning,2026-08-26 09:06:48,1361
B00000549,U000483,C00013,view,2026-08-06 01:19:48,3296
B00000550,U000156,C00064,buy,2026-08-22 16:16:48,851
B00000551,U000562,C00003,view,2026-08-03 16:32:48,3514
B00000552,U000095,C00017,finish,2026-08-09 19:52:48,877
B00000553,U000329,C00091,finish,2026-08-30 19:22:48,1301
B00000554,U000746,C00089,buy,2026-08-11 17:48:48,28
B00000555,U000115,C00027,view,2026-08-30 23:26:48,1349
B00000556,U000374,C00042,finish,2026-08-26 19:17:48,1828
B00000557,U000704,C00065,buy,2026-08-30 18:55:48,2609
B00000558,U000570,C00060,view,2026-08-24 14:31:48,1590
B00000559,U000970,C00001,favorite,2026-08-08 03:00:48,546
B00000560,U000259,C00059,finish,2026-08-15 10:58:48,2871
B00000561,U000542,C00064,buy,2026-08-24 02:17:48,684
B00000562,U000278,C00028,buy,2026-08-24 13:02:48,515
B00000563,U000371,C00059,favorite,2026-08-26 03:17:48,3405
B00000564,U000400,C00092,favorite,2026-08-19 13:35:48,3049
B00000565,U000791,C00013,finish,2026-08-14 05:30:48,509
B00000566,U000456,C00064,view,2026-08-23 10:19:48,3229
B00000567,U000698,C00026,view,2026-08-06 15:25:48,2999
B00000568,U000981,C00025,buy,2026-08-05 16:54:48,2483
B00000569,U000783,C00029,finish,2026-08-09 03:09:48,2280
B00000570,U000280,C00026,view,2026-08-15 20:33:48,3487
B00000571,U000454,C00026,view,2026-08-21 22:38:48,1534
B00000572,U000421,C00037,favorite,2026-08-16 06:32:48,1034
B00000573,U000938,C00009,buy,2026-08-28 06:57:48,2524
B00000574,U000752,C00081,start_learning,2026-08-30 23:17:48,2735
B00000575,U000644,C00088,finish,2026-08-13 11:06:48,2382
B00000576,U000324,C00085,start_learning,2026-08-07 09:28:48,3022
B00000577,U000877,C00070,finish,2026-08-12 22:49:48,2538
B00000578,U000637,C00051,view,2026-08-09 22:49:48,1885
B00000579,U000329,C00097,start_learning,2026-08-31 15:49:48,2481
B00000580,U000699,C00026,start_learning,2026-08-03 05:57:48,2616
B00000581,U000554,C00056,buy,2026-08-10 06:23:48,3549
B00000582,U000124,C00077,finish,2026-08-14 11:59:48,1914
B00000583,U000349,C00034,view,2026-08-03 19:53:48,1306
B00000584,U000622,C00037,favorite,2026-08-06 19:58:48,1640
B00000585,U000912,C00049,favorite,2026-08-18 18:14:48,2812
B00000586,U000093,C00046,view,2026-08-06 16:03:48,2245
B00000587,U000587,C00023,start_learning,2026-08-25 00:47:48,202
B00000588,U000965,C00072,start_learning,2026-08-15 07:27:48,3202
B00000589,U000287,C00071,start_learning,2026-08-25 21:06:48,991
B00000590,U000230,C00042,view,2026-08-06 20:22:48,494
B00000591,U000745,C00059,start_learning,2026-08-02 19:00:48,2069
B00000592,U000679,C00064,buy,2026-08-28 17:01:48,1465
B00000593,U000729,C00014,favorite,2026-08-03 02:08:48,2254
B00000594,U000498,C00009,view,2026-08-12 13:32:48,1691
B00000595,U000225,C00091,buy,2026-08-07 17:39:48,3192
B00000596,U000698,C00074,finish,2026-08-25 04:27:48,1734
B00000597,U000069,C00047,buy,2026-08-23 01:16:48,2921
B00000598,U000258,C00024,buy,2026-08-14 07:32:48,1864
B00000599,U000713,C00001,favorite,2026-08-22 19:04:48,2499
B00000600,U000238,C00039,finish,2026-08-26 05:29:48,2791
B00000601,U000013,C00025,finish,2026-08-05 19:50:48,3337
B00000602,U000621,C00080,favorite,2026-08-25 14:05:48,2832
B00000603,U000443,C00067,buy,2026-09-01 09:40:48,2010
B00000604,U000332,C00007,view,2026-08-30 03:54:48,2594
B00000605,U000944,C00024,start_learning,2026-08-22 18:20:48,58
B00000606,U000152,C00022,favorite,2026-08-06 20:07:48,2984
B00000607,U000823,C00014,buy,2026-08-12 18:42:48,3114
B00000608,U000854,C00097,buy,2026-08-23 01:44:48,218
B00000609,U000794,C00098,buy,2026-08-12 21:38:48,514
B00000610,U000960,C00066,buy,2026-08-16 19:19:48,267
B00000611,U000420,C00008,view,2026-08-18 20:53:48,2262
B00000612,U000645,C00022,start_learning,2026-08-21 09:45:48,1809
B00000613,U000687,C00088,finish,2026-08-22 00:54:48,1999
B00000614,U000911,C00058,buy,2026-08-15 11:07:48,3210
B00000615,U000569,C00011,favorite,2026-08-29 08:15:48,1589
B00000616,U000700,C00093,buy,2026-08-15 06:45:48,300
B00000617,U000251,C00054,favorite,2026-08-30 19:55:48,1200
B00000618,U000135,C00017,finish,2026-08-20 00:37:48,3335
B00000619,U000884,C00040,buy,2026-08-21 23:28:48,497
B00000620,U000983,C00064,finish,2026-08-29 06:31:48,3500
B00000621,U000408,C00002,favorite,2026-08-15 06:04:48,2059
B00000622,U000106,C00046,view,2026-08-23 18:32:48,826
B00000623,U000876,C00099,favorite,2026-08-09 15:57:48,113
B00000624,U000169,C00005,start_learning,2026-08-16 21:47:48,1375
B00000625,U000254,C00093,finish,2026-08-05 12:14:48,3362
B00000626,U000890,C00079,view,2026-08-14 02:06:48,160
B00000627,U000475,C00034,start_learning,2026-08-27 15:19:48,2148
B00000628,U000014,C00057,view,2026-08-20 06:11:48,1365
B00000629,U000555,C00021,finish,2026-08-23 03:40:48,2083
B00000630,U000031,C00038,view,2026-08-10 18:19:48,2185
B00000631,U000576,C00079,view,2026-08-16 09:09:48,3124
B00000632,U000031,C00081,finish,2026-08-27 06:07:48,2320
B00000633,U000893,C00089,favorite,2026-08-05 17:19:48,3233
B00000634,U000216,C00022,buy,2026-08-09 06:24:48,929
B00000635,U000491,C00013,start_learning,2026-08-12 06:38:48,3132
B00000636,U000391,C00002,finish,2026-08-13 10:29:48,1052
B00000637,U000970,C00072,start_learning,2026-08-15 09:19:48,2575
B00000638,U000975,C00028,view,2026-08-05 14:50:48,980
B00000639,U000905,C00064,favorite,2026-08-28 08:09:48,1950
B00000640,U000693,C00073,view,2026-08-06 20:48:48,1100
B00000641,U000280,C00005,view,2026-08-30 05:07:48,2838
B00000642,U000341,C00058,finish,2026-08-16 04:38:48,817
B00000643,U000275,C00037,start_learning,2026-08-07 12:35:48,1698
B00000644,U000537,C00089,buy,2026-08-27 22:13:48,2437
B00000645,U000818,C00015,view,2026-08-06 18:30:48,1686
B00000646,U000444,C00069,favorite,2026-08-06 09:00:48,1514
B00000647,U000086,C00004,buy,2026-08-16 10:38:48,1445
B00000648,U000876,C00066,view,2026-08-30 05:39:48,2826
B00000649,U000606,C00074,buy,2026-08-14 09:14:48,1334
B00000650,U000226,C00082,favorite,2026-08-11 05:01:48,2418
B00000651,U000035,C00042,finish,2026-08-08 17:39:48,132
B00000652,U000178,C00008,view,2026-08-25 19:50:48,1441
B00000653,U000834,C00061,buy,2026-08-03 17:18:48,2574
B00000654,U000278,C00059,view,2026-09-01 03:40:48,2022
B00000655,U000026,C00019,start_learning,2026-08-29 21:05:48,3466
B00000656,U000973,C00100,favorite,2026-08-02 17:01:48,1149
B00000657,U000248,C00009,view,2026-08-21 11:28:48,1645
B00000658,U000010,C00080,start_learning,2026-08-24 19:10:48,676
B00000659,U000012,C00071,start_learning,2026-08-05 06:41:48,2534
B00000660,U000585,C00080,view,2026-08-27 02:19:48,1649
B00000661,U000833,C00002,buy,2026-08-08 01:43:48,950
B00000662,U000699,C00039,view,2026-08-29 20:18:48,846
B00000663,U000773,C00032,favorite,2026-08-25 03:16:48,652
B00000664,U000546,C00075,finish,2026-08-30 18:57:48,3095
B00000665,U000653,C00021,start_learning,2026-08-20 07:27:48,2046
B00000666,U000690,C00094,view,2026-08-18 00:04:48,2171
B00000667,U000849,C00045,start_learning,2026-08-10 19:26:48,3590
B00000668,U000903,C00061,finish,2026-08-14 07:31:48,2907
B00000669,U000912,C00080,view,2026-08-22 23:32:48,365
B00000670,U000652,C00059,finish,2026-08-24 08:13:48,3072
B00000671,U000605,C00082,start_learning,2026-08-28 07:25:48,1475
B00000672,U000981,C00065,favorite,2026-08-17 09:18:48,2427
B00000673,U000708,C00066,view,2026-08-15 11:40:48,817
B00000674,U000157,C00047,view,2026-08-18 20:24:48,2425
B00000675,U000810,C00084,view,2026-08-08 14:53:48,1556
B00000676,U000381,C00089,start_learning,2026-08-30 20:15:48,2287
B00000677,U000523,C00068,finish,2026-08-05 21:04:48,1137
B00000678,U000557,C00051,finish,2026-08-27 14:28:48,1931
B00000679,U000987,C00056,start_learning,2026-08-06 07:42:48,607
B00000680,U000752,C00088,favorite,2026-08-21 03:04:48,3066
B00000681,U000092,C00098,favorite,2026-08-28 11:41:48,421
B00000682,U000524,C00006,buy,2026-08-09 06:54:48,637
B00000683,U000865,C00048,view,2026-08-27 06:16:48,1009
B00000684,U000386,C00078,start_learning,2026-08-07 07:51:48,2002
B00000685,U000596,C00017,buy,2026-08-07 20:01:48,2099
B00000686,U000269,C00025,view,2026-08-11 03:02:48,2266
B00000687,U000789,C00091,finish,2026-08-26 09:37:48,1768
B00000688,U000077,C00011,favorite,2026-08-26 01:03:48,259
B00000689,U000626,C00084,buy,2026-08-30 17:48:48,81
B00000690,U000069,C00017,finish,2026-08-03 09:01:48,3210
B00000691,U000140,C00004,start_learning,2026-08-04 12:06:48,1543
B00000692,U000430,C00034,favorite,2026-08-31 05:36:48,1653
B00000693,U000263,C00073,finish,2026-08-06 04:23:48,2203
B00000694,U000257,C00028,view,2026-08-20 20:24:48,1642
B00000695,U000472,C00073,start_learning,2026-08-21 00:36:48,1325
B00000696,U000982,C00057,favorite,2026-08-09 03:05:48,1397
B00000697,U000984,C00037,finish,2026-08-16 01:25:48,1784
B00000698,U000495,C00081,buy,2026-08-18 08:13:48,3591
B00000699,U000284,C00032,finish,2026-08-13 12:03:48,64
B00000700,U000177,C00078,start_learning,2026-08-27 02:13:48,1744
B00000701,U000689,C00081,buy,2026-08-16 12:41:48,852
B00000702,U000721,C00099,favorite,2026-08-09 17:12:48,1399
B00000703,U000066,C00098,view,2026-08-29 14:06:48,3208
B00000704,U000436,C00032,start_learning,2026-08-20 07:58:48,3214
B00000705,U000477,C00042,finish,2026-08-16 14:45:48,1136
B00000706,U000169,C00067,view,2026-08-24 18:26:48,1878
B00000707,U000222,C00029,start_learning,2026-08-20 00:55:48,3388
B00000708,U000346,C00064,favorite,2026-08-16 16:01:48,403
B00000709,U000435,C00082,finish,2026-08-28 18:04:48,1724
B00000710,U000379,C00038,start_learning,2026-08-22 12:51:48,2686
B00000711,U000471,C00034,finish,2026-08-29 23:05:48,3107
B00000712,U000285,C00091,finish,2026-08-04 06:24:48,1809
B00000713,U000211,C00004,start_learning,2026-08-31 14:41:48,1454
B00000714,U000034,C00002,finish,2026-08-24 18:29:48,2828
B00000715,U000545,C00071,favorite,2026-08-23 08:14:48,1647
B00000716,U000100,C00093,favorite,2026-08-24 04:42:48,2624
B00000717,U000166,C00087,buy,2026-08-09 20:01:48,604
B00000718,U000031,C00069,favorite,2026-08-27 16:18:48,2813
B00000719,U000321,C00083,buy,2026-08-28 16:37:48,1813
B00000720,U000278,C00070,favorite,2026-08-29 09:15:48,2464
B00000721,U000714,C00006,finish,2026-08-29 01:19:48,1010
B00000722,U000834,C00045,finish,2026-08-15 21:25:48,2507
B00000723,U000218,C00026,favorite,2026-08-28 11:37:48,3184
B00000724,U000510,C00035,start_learning,2026-08-11 13:45:48,2075
B00000725,U000926,C00031,finish,2026-08-26 01:12:48,713
B00000726,U000124,C00094,start_learning,2026-08-30 11:13:48,1838
B00000727,U000016,C00048,start_learning,2026-08-07 22:22:48,1093
B00000728,U000374,C00005,buy,2026-08-29 04:57:48,373
B00000729,U000491,C00075,favorite,2026-08-14 16:50:48,828
B00000730,U000243,C00062,view,2026-08-23 12:04:48,1729
B00000731,U000856,C00046,start_learning,2026-08-03 23:38:48,172
B00000732,U000383,C00096,buy,2026-08-17 23:24:48,1766
B00000733,U000362,C00024,buy,2026-08-12 20:09:48,1673
B00000734,U000769,C00053,finish,2026-08-27 10:15:48,962
B00000735,U000582,C00048,favorite,2026-08-17 22:51:48,914
B00000736,U000545,C00063,finish,2026-08-22 06:47:48,1197
B00000737,U000170,C00073,favorite,2026-08-31 11:37:48,1529
B00000738,U000931,C00017,start_learning,2026-08-18 20:02:48,2445
B00000739,U000887,C00020,buy,2026-08-27 23:37:48,692
B00000740,U000889,C00082,view,2026-08-23 08:29:48,3217
B00000741,U000170,C00053,finish,2026-08-28 07:09:48,1089
B00000742,U000166,C00033,start_learning,2026-08-10 19:53:48,3541
B00000743,U000037,C00094,finish,2026-08-19 02:56:48,3288
B00000744,U000567,C00003,view,2026-08-28 15:13:48,2963
B00000745,U000533,C00069,start_learning,2026-08-25 06:27:48,1796
B00000746,U000267,C00066,favorite,2026-08-25 07:38:48,1237
B00000747,U000911,C00083,finish,2026-08-14 21:30:48,1989
B00000748,U000381,C00055,favorite,2026-08-19 03:33:48,1849
B00000749,U000472,C00075,view,2026-08-28 16:11:48,2313
B00000750,U000336,C00052,favorite,2026-08-22 01:28:48,836
B00000751,U000260,C00042,start_learning,2026-08-07 08:30:48,2862
B00000752,U000268,C00063,buy,2026-08-06 23:34:48,1312
B00000753,U000491,C00050,view,2026-08-20 16:44:48,1010
B00000754,U000741,C00024,buy,2026-08-09 03:15:48,3217
B00000755,U000330,C00050,favorite,2026-08-25 13:56:48,3229
B00000756,U000240,C00012,finish,2026-08-20 21:14:48,2648
B00000757,U000483,C00017,view,2026-08-25 18:31:48,1508
B00000758,U000636,C00016,start_learning,2026-08-18 00:09:48,1969
B00000759,U000415,C00025,finish,2026-08-29 20:55:48,380
B00000760,U000997,C00084,finish,2026-08-03 01:58:48,2342
B00000761,U000877,C00007,view,2026-08-05 15:12:48,3263
B00000762,U000805,C00064,view,2026-08-29 22:23:48,2862
B00000763,U000488,C00086,start_learning,2026-08-05 05:16:48,2052
B00000764,U000493,C00064,start_learning,2026-08-07 13:37:48,3305
B00000765,U000487,C00058,start_learning,2026-08-27 22:28:48,1144
B00000766,U000887,C00097,favorite,2026-08-23 10:50:48,2736
B00000767,U000494,C00047,view,2026-08-17 06:49:48,2232
B00000768,U000204,C00042,buy,2026-08-29 09:01:48,2232
B00000769,U000822,C00043,finish,2026-08-14 10:26:48,3343
B00000770,U000890,C00035,favorite,2026-08-28 22:56:48,1886
B00000771,U000545,C00062,view,2026-08-19 06:29:48,1440
B00000772,U000143,C00088,finish,2026-08-31 03:02:48,2849
B00000773,U000668,C00004,finish,2026-08-19 21:10:48,1994
B00000774,U000024,C00017,finish,2026-08-05 05:04:48,1428
B00000775,U000690,C00016,favorite,2026-08-13 04:32:48,3392
B00000776,U000863,C00032,view,2026-08-28 14:46:48,202
B00000777,U000758,C00027,view,2026-08-23 16:52:48,2462
B00000778,U000730,C00056,start_learning,2026-08-25 18:33:48,1677
B00000779,U000279,C00092,view,2026-08-29 03:04:48,1031
B00000780,U000987,C00091,start_learning,2026-08-30 21:41:48,3015
B00000781,U000113,C00067,favorite,2026-08-13 08:58:48,272
B00000782,U000177,C00019,finish,2026-08-05 16:58:48,287
B00000783,U000036,C00050,favorite,2026-08-04 03:07:48,2456
B00000784,U000318,C00007,favorite,2026-08-02 21:46:48,2424
B00000785,U000096,C00067,view,2026-08-26 02:24:48,3283
B00000786,U001000,C00080,start_learning,2026-08-09 01:20:48,1679
B00000787,U000484,C00072,buy,2026-08-25 11:54:48,819
B00000788,U000519,C00052,view,2026-08-03 01:19:48,251
B00000789,U000503,C00037,favorite,2026-08-12 19:07:48,3031
B00000790,U000789,C00086,start_learning,2026-08-21 22:06:48,52
B00000791,U000857,C00093,finish,2026-08-15 14:17:48,1905
B00000792,U000480,C00087,finish,2026-08-09 23:41:48,131
B00000793,U000215,C00067,start_learning,2026-08-13 20:12:48,2051
B00000794,U000284,C00061,buy,2026-08-12 01:29:48,1088
B00000795,U000912,C00076,start_learning,2026-08-07 10:00:48,3551
B00000796,U000570,C00045,start_learning,2026-08-30 17:52:48,2861
B00000797,U000780,C00093,favorite,2026-08-20 20:33:48,3232
B00000798,U000405,C00081,finish,2026-08-13 00:57:48,1842
B00000799,U000040,C00045,view,2026-08-19 23:08:48,3109
B00000800,U000140,C00014,favorite,2026-08-30 02:41:48,766
B00000801,U000861,C00067,favorite,2026-08-20 14:32:48,1294
B00000802,U000620,C00070,buy,2026-08-19 03:38:48,1021
B00000803,U000052,C00057,start_learning,2026-08-16 13:53:48,2586
B00000804,U000527,C00038,buy,2026-08-25 16:34:48,877
B00000805,U000114,C00059,start_learning,2026-08-16 06:30:48,1827
B00000806,U000567,C00021,buy,2026-08-26 04:28:48,706
B00000807,U000733,C00059,buy,2026-09-01 09:37:48,1798
B00000808,U000604,C00012,favorite,2026-08-16 15:17:48,2395
B00000809,U000467,C00001,view,2026-08-17 08:36:48,3372
B00000810,U000874,C00092,finish,2026-08-31 17:22:48,1534
B00000811,U000236,C00097,start_learning,2026-08-12 05:10:48,3052
B00000812,U000119,C00053,favorite,2026-08-05 13:57:48,576
B00000813,U000518,C00004,buy,2026-08-08 11:04:48,1190
B00000814,U000280,C00026,start_learning,2026-08-15 10:37:48,3450
B00000815,U000239,C00095,finish,2026-08-24 12:29:48,3330
B00000816,U000031,C00050,buy,2026-08-10 04:24:48,1707
B00000817,U000130,C00061,start_learning,2026-08-30 12:49:48,979
B00000818,U000180,C00048,buy,2026-08-27 22:55:48,1382
B00000819,U000716,C00012,buy,2026-08-23 19:22:48,1223
B00000820,U000380,C00032,finish,2026-08-26 06:34:48,2689
B00000821,U000196,C00023,finish,2026-08-26 21:15:48,2570
B00000822,U000465,C00053,buy,2026-08-28 14:59:48,1799
B00000823,U000908,C00092,buy,2026-08-08 13:53:48,3169
B00000824,U000716,C00036,start_learning,2026-08-08 10:39:48,1007
B00000825,U000896,C00033,buy,2026-08-25 15:11:48,344
B00000826,U000033,C00033,finish,2026-08-10 21:00:48,1741
B00000827,U000426,C00067,start_learning,2026-08-28 00:02:48,982
B00000828,U000737,C00100,buy,2026-08-20 10:15:48,1516
B00000829,U000480,C00035,finish,2026-08-12 01:12:48,2964
B00000830,U000531,C00047,start_learning,2026-08-04 19:47:48,1339
B00000831,U000478,C00050,start_learning,2026-08-27 14:45:48,1224
B00000832,U000910,C00052,buy,2026-08-30 22:10:48,3296
B00000833,U000270,C00085,start_learning,2026-08-10 08:42:48,1137
B00000834,U000536,C00069,finish,2026-08-30 22:40:48,2137
B00000835,U000092,C00058,start_learning,2026-08-19 19:42:48,891
B00000836,U000630,C00097,favorite,2026-08-28 03:24:48,1539
B00000837,U000775,C00091,buy,2026-08-03 04:20:48,1005
B00000838,U000619,C00060,buy,2026-08-20 00:32:48,2445
B00000839,U000810,C00052,favorite,2026-08-14 08:34:48,2337
B00000840,U000803,C00085,buy,2026-08-31 20:26:48,2108
B00000841,U000664,C00029,finish,2026-08-05 03:46:48,1758
B00000842,U000070,C00011,finish,2026-08-29 03:44:48,123
B00000843,U000794,C00038,view,2026-08-21 08:59:48,126
B00000844,U000254,C00052,view,2026-08-27 21:19:48,3307
B00000845,U000903,C00058,start_learning,2026-08-29 01:43:48,3543
B00000846,U000036,C00042,finish,2026-08-03 19:17:48,3103
B00000847,U000633,C00090,start_learning,2026-08-03 16:06:48,2336
B00000848,U000035,C00026,favorite,2026-08-18 09:04:48,2545
B00000849,U000970,C00061,finish,2026-08-27 21:53:48,1468
B00000850,U000946,C00034,favorite,2026-08-31 13:31:48,1365
B00000851,U000921,C00097,buy,2026-08-27 05:08:48,505
B00000852,U000016,C00050,view,2026-08-20 10:48:48,33
B00000853,U000698,C00033,favorite,2026-08-08 09:55:48,1694
B00000854,U000289,C00080,favorite,2026-08-31 00:07:48,626
B00000855,U000890,C00084,finish,2026-08-17 01:52:48,1120
B00000856,U000444,C00002,finish,2026-08-11 18:07:48,2736
B00000857,U000502,C00050,view,2026-08-24 07:44:48,2552
B00000858,U000843,C00068,view,2026-08-31 16:56:48,2442
B00000859,U000083,C00035,finish,2026-08-31 08:22:48,2013
B00000860,U000822,C00040,favorite,2026-08-25 05:42:48,811
B00000861,U000501,C00050,finish,2026-08-27 15:46:48,2914
B00000862,U000949,C00022,finish,2026-08-28 05:33:48,218
B00000863,U000690,C00058,buy,2026-08-19 20:31:48,2449
B00000864,U000923,C00066,start_learning,2026-08-10 17:57:48,3322
B00000865,U000992,C00067,buy,2026-08-23 10:20:48,485
B00000866,U000936,C00015,finish,2026-08-31 16:02:48,811
B00000867,U000391,C00009,view,2026-08-11 15:25:48,3095
B00000868,U000866,C00018,favorite,2026-08-10 06:57:48,936
B00000869,U000541,C00091,view,2026-08-17 03:00:48,1572
B00000870,U000996,C00095,view,2026-08-06 13:56:48,2689
B00000871,U000787,C00021,favorite,2026-08-03 15:58:48,1752
B00000872,U000499,C00085,finish,2026-08-24 11:42:48,607
B00000873,U000085,C00091,buy,2026-08-27 22:10:48,882
B00000874,U000967,C00043,finish,2026-08-11 14:28:48,2194
B00000875,U000255,C00038,buy,2026-08-18 02:22:48,670
B00000876,U000075,C00036,view,2026-08-03 05:36:48,3516
B00000877,U000554,C00009,favorite,2026-08-12 06:03:48,1738
B00000878,U000028,C00076,start_learning,2026-08-23 18:45:48,2978
B00000879,U000503,C00014,view,2026-08-28 22:57:48,2482
B00000880,U000894,C00030,start_learning,2026-08-17 12:42:48,1193
B00000881,U000720,C00073,favorite,2026-08-20 10:23:48,774
B00000882,U000865,C00037,favorite,2026-08-13 03:40:48,3332
B00000883,U000675,C00036,start_learning,2026-08-30 08:52:48,81
B00000884,U000308,C00029,buy,2026-08-29 16:31:48,1415
B00000885,U000587,C00044,buy,2026-08-23 00:48:48,2551
B00000886,U000305,C00060,start_learning,2026-08-13 19:16:48,2633
B00000887,U000955,C00091,start_learning,2026-08-13 05:07:48,1274
B00000888,U000141,C00051,favorite,2026-08-05 16:27:48,3074
B00000889,U000168,C00016,buy,2026-08-12 22:23:48,2822
B00000890,U000099,C00056,start_learning,2026-08-27 19:17:48,266
B00000891,U000801,C00043,buy,2026-08-24 12:27:48,1613
B00000892,U000348,C00056,buy,2026-08-27 23:19:48,2271
B00000893,U000123,C00016,start_learning,2026-08-27 18:29:48,3339
B00000894,U000606,C00059,favorite,2026-08-14 16:38:48,747
B00000895,U000694,C00087,view,2026-08-21 18:29:48,2754
B00000896,U000581,C00028,buy,2026-08-17 07:20:48,3596
B00000897,U000051,C00061,finish,2026-08-18 17:54:48,367
B00000898,U000174,C00011,favorite,2026-08-31 23:19:48,3577
B00000899,U000890,C00035,view,2026-08-17 06:05:48,514
B00000900,U000060,C00087,finish,2026-08-13 10:37:48,2163
B00000901,U000382,C00062,start_learning,2026-08-26 17:26:48,1392
B00000902,U000145,C00082,finish,2026-08-11 01:19:48,2883
B00000903,U000135,C00048,view,2026-08-31 01:51:48,177
B00000904,U000695,C00059,start_learning,2026-08-21 02:45:48,1615
B00000905,U000883,C00075,start_learning,2026-08-11 10:36:48,1517
B00000906,U000815,C00004,buy,2026-08-16 12:01:48,667
B00000907,U000945,C00075,finish,2026-08-25 08:15:48,2411
B00000908,U000341,C00055,start_learning,2026-09-01 14:31:48,3063
B00000909,U000095,C00043,favorite,2026-08-18 10:03:48,2558
B00000910,U000857,C00021,favorite,2026-08-03 16:34:48,1991
B00000911,U000198,C00061,favorite,2026-08-23 22:36:48,2980
B00000912,U000271,C00071,view,2026-08-12 21:42:48,2063
B00000913,U000907,C00054,view,2026-08-20 14:56:48,2193
B00000914,U000972,C00084,favorite,2026-08-18 10:35:48,2761
B00000915,U000282,C00006,start_learning,2026-08-18 06:02:48,2601
B00000916,U000640,C00044,buy,2026-08-18 01:01:48,2615
B00000917,U000510,C00041,start_learning,2026-08-26 16:06:48,2086
B00000918,U000863,C00073,view,2026-08-05 09:49:48,3189
B00000919,U000618,C00096,start_learning,2026-08-27 05:30:48,579
B00000920,U000185,C00062,buy,2026-08-17 15:52:48,2275
B00000921,U000470,C00056,start_learning,2026-08-14 19:19:48,2350
B00000922,U000873,C00092,view,2026-08-04 02:31:48,3262
B00000923,U000155,C00097,favorite,2026-08-27 06:16:48,578
B00000924,U000825,C00049,view,2026-08-22 08:10:48,1229
B00000925,U000785,C00014,favorite,2026-08-05 06:46:48,3458
B00000926,U000405,C00042,finish,2026-08-18 12:16:48,516
B00000927,U000630,C00055,finish,2026-08-20 00:58:48,3381
B00000928,U000973,C00007,finish,2026-08-06 12:57:48,2917
B00000929,U000644,C00036,buy,2026-08-06 23:42:48,2511
B00000930,U000314,C00020,view,2026-08-08 18:32:48,1905
B00000931,U000566,C00082,view,2026-08-19 03:10:48,1828
B00000932,U000423,C00035,finish,2026-08-20 11:41:48,677
B00000933,U000120,C00009,start_learning,2026-08-08 04:08:48,552
B00000934,U000429,C00051,finish,2026-08-20 16:49:48,949
B00000935,U000630,C00078,finish,2026-08-28 15:31:48,2259
B00000936,U000260,C00037,view,2026-08-21 04:37:48,3360
B00000937,U000622,C00052,start_learning,2026-08-03 06:39:48,2448
B00000938,U000903,C00044,view,2026-08-17 19:15:48,3132
B00000939,U000176,C00093,view,2026-08-10 09:36:48,370
B00000940,U000160,C00055,view,2026-08-17 09:44:48,1932
B00000941,U000044,C00098,favorite,2026-08-29 19:28:48,492
B00000942,U000550,C00004,finish,2026-08-12 22:46:48,581
B00000943,U000525,C00068,view,2026-08-05 11:15:48,1063
B00000944,U000602,C00098,favorite,2026-08-07 09:47:48,2168
B00000945,U000271,C00080,buy,2026-08-24 00:54:48,2425
B00000946,U000250,C00040,start_learning,2026-08-17 15:23:48,226
B00000947,U000287,C00022,start_learning,2026-08-25 23:47:48,2068
B00000948,U000788,C00098,start_learning,2026-08-29 06:20:48,1930
B00000949,U000055,C00071,favorite,2026-08-04 17:29:48,2746
B00000950,U000943,C00056,favorite,2026-08-24 02:05:48,790
B00000951,U000077,C00084,view,2026-08-31 00:44:48,1115
B00000952,U000475,C00003,favorite,2026-08-20 05:37:48,1918
B00000953,U000705,C00080,view,2026-08-26 09:29:48,2785
B00000954,U000053,C00036,finish,2026-08-11 03:14:48,1699
B00000955,U000705,C00019,favorite,2026-08-10 12:18:48,2567
B00000956,U000873,C00006,start_learning,2026-08-06 09:42:48,2093
B00000957,U000290,C00050,finish,2026-08-21 17:23:48,2449
B00000958,U000521,C00019,buy,2026-08-29 13:44:48,3088
B00000959,U000102,C00070,start_learning,2026-08-26 18:59:48,1725
B00000960,U000197,C00007,view,2026-08-26 10:28:48,737
B00000961,U000003,C00071,finish,2026-08-16 20:15:48,796
B00000962,U000817,C00063,start_learning,2026-08-29 01:15:48,1359
B00000963,U000020,C00087,finish,2026-08-07 16:16:48,1448
B00000964,U000704,C00055,favorite,2026-08-08 16:27:48,1418
B00000965,U000589,C00088,start_learning,2026-08-22 20:07:48,2217
B00000966,U000491,C00043,view,2026-08-08 09:42:48,25
B00000967,U000547,C00079,start_learning,2026-08-13 21:25:48,1680
B00000968,U000729,C00074,buy,2026-08-23 21:41:48,539
B00000969,U000147,C00033,view,2026-08-25 10:24:48,727
B00000970,U000342,C00002,view,2026-08-08 00:52:48,774
B00000971,U000224,C00050,view,2026-08-21 16:13:48,2060
B00000972,U000345,C00080,start_learning,2026-08-15 19:31:48,64
B00000973,U000841,C00018,finish,2026-08-27 13:18:48,1999
B00000974,U000393,C00017,start_learning,2026-08-24 17:11:48,119
B00000975,U000733,C00024,buy,2026-09-01 14:44:48,672
B00000976,U000210,C00056,favorite,2026-08-14 20:33:48,3267
B00000977,U000556,C00057,favorite,2026-08-07 14:38:48,3154
B00000978,U000172,C00087,start_learning,2026-08-15 12:59:48,551
B00000979,U000733,C00056,buy,2026-08-28 14:02:48,2924
B00000980,U000134,C00076,view,2026-08-25 03:00:48,2391
B00000981,U000840,C00082,start_learning,2026-08-29 04:13:48,1775
B00000982,U000026,C00071,view,2026-08-30 17:25:48,2825
B00000983,U000087,C00048,finish,2026-08-16 12:59:48,3540
B00000984,U000670,C00028,start_learning,2026-08-14 06:26:48,723
B00000985,U000167,C00001,start_learning,2026-08-19 21:03:48,3265
B00000986,U000578,C00082,favorite,2026-08-02 22:02:48,862
B00000987,U000578,C00013,view,2026-08-24 04:04:48,2577
B00000988,U000956,C00092,view,2026-09-01 01:40:48,3232
B00000989,U000869,C00051,buy,2026-08-17 18:33:48,275
B00000990,U000070,C00005,view,2026-08-14 20:11:48,3111
B00000991,U000349,C00091,favorite,2026-08-21 11:20:48,2844
B00000992,U000126,C00070,view,2026-08-16 11:08:48,3383
B00000993,U000800,C00036,finish,2026-08-08 14:17:48,2929
B00000994,U000512,C00047,buy,2026-08-21 15:46:48,2361
B00000995,U000280,C00052,start_learning,2026-08-08 18:58:48,1246
B00000996,U000556,C00095,start_learning,2026-08-03 02:43:48,912
B00000997,U000535,C00076,view,2026-08-19 08:27:48,2145
B00000998,U000587,C00087,start_learning,2026-08-06 22:50:48,413
B00000999,U000612,C00001,favorite,2026-08-09 09:16:48,438
B00001000,U000560,C00021,favorite,2026-08-02 15:32:48,1276
B00001001,U000551,C00044,buy,2026-08-14 22:36:48,1608
B00001002,U000175,C00048,view,2026-08-17 13:34:48,1524
B00001003,U000951,C00011,favorite,2026-08-17 00:54:48,2625
B00001004,U000497,C00079,favorite,2026-08-22 09:11:48,87
B00001005,U000478,C00030,finish,2026-08-21 00:52:48,782
B00001006,U000372,C00075,favorite,2026-08-16 09:13:48,684
B00001007,U000410,C00056,start_learning,2026-08-03 22:04:48,2523
B00001008,U000211,C00014,finish,2026-08-28 08:53:48,2967
B00001009,U000999,C00027,finish,2026-08-14 22:54:48,1198
B00001010,U000315,C00085,favorite,2026-08-17 16:07:48,2015
B00001011,U000342,C00015,favorite,2026-08-29 16:19:48,2696
B00001012,U000172,C00095,buy,2026-08-03 10:49:48,2981
B00001013,U000804,C00034,start_learning,2026-08-12 08:36:48,2046
B00001014,U000554,C00008,finish,2026-08-26 01:31:48,1807
B00001015,U000507,C00076,favorite,2026-08-02 21:07:48,1388
B00001016,U000288,C00082,buy,2026-08-08 06:43:48,2867
B00001017,U000393,C00031,favorite,2026-08-04 21:15:48,2471
B00001018,U000044,C00069,favorite,2026-08-30 11:47:48,1895
B00001019,U000969,C00042,favorite,2026-08-05 13:59:48,1285
B00001020,U000355,C00078,view,2026-08-11 02:42:48,742
B00001021,U000335,C00041,view,2026-08-22 19:21:48,401
B00001022,U000761,C00006,start_learning,2026-08-28 09:09:48,532
B00001023,U000943,C00060,view,2026-08-14 22:36:48,1770
B00001024,U000981,C00020,start_learning,2026-08-14 14:43:48,138
B00001025,U000048,C00006,finish,2026-08-16 02:10:48,2124
B00001026,U000236,C00030,finish,2026-08-31 19:20:48,1063
B00001027,U000011,C00099,favorite,2026-08-12 23:17:48,2024
B00001028,U000967,C00068,view,2026-08-05 10:03:48,2779
B00001029,U000789,C00084,finish,2026-08-25 00:14:48,1925
B00001030,U000722,C00050,favorite,2026-08-13 01:50:48,1834
B00001031,U000324,C00100,buy,2026-08-15 08:46:48,3305
B00001032,U000242,C00074,finish,2026-08-09 10:18:48,1966
B00001033,U000632,C00027,start_learning,2026-08-31 01:30:48,1576
B00001034,U000128,C00035,view,2026-08-26 04:37:48,3151
B00001035,U000954,C00044,view,2026-08-20 17:53:48,3428
B00001036,U000180,C00021,view,2026-08-04 08:44:48,2972
B00001037,U000148,C00012,favorite,2026-08-03 22:34:48,1220
B00001038,U000887,C00060,start_learning,2026-09-01 08:11:48,1510
B00001039,U000638,C00099,finish,2026-08-08 02:55:48,3421
B00001040,U000424,C00095,favorite,2026-08-16 00:46:48,2624
B00001041,U000072,C00094,finish,2026-08-10 05:39:48,3078
B00001042,U000701,C00077,favorite,2026-08-05 06:35:48,399
B00001043,U000584,C00089,favorite,2026-08-30 22:40:48,2422
B00001044,U000408,C00011,buy,2026-08-13 13:44:48,3392
B00001045,U000497,C00042,favorite,2026-08-07 01:25:48,270
B00001046,U000478,C00019,finish,2026-08-05 21:35:48,3215
B00001047,U000675,C00022,buy,2026-08-31 22:19:48,24
B00001048,U000420,C00018,finish,2026-08-25 03:35:48,1936
B00001049,U000296,C00054,view,2026-08-23 00:20:48,2541
B00001050,U000224,C00016,favorite,2026-08-22 06:42:48,1234
B00001051,U000098,C00089,buy,2026-08-27 09:43:48,953
B00001052,U000430,C00039,buy,2026-08-15 06:53:48,77
B00001053,U000110,C00089,view,2026-08-04 11:40:48,1411
B00001054,U000149,C00036,start_learning,2026-08-21 11:01:48,3036
B00001055,U000657,C00059,start_learning,2026-08-19 08:04:48,1785
B00001056,U000778,C00030,favorite,2026-08-04 05:15:48,1507
B00001057,U000730,C00034,buy,2026-08-17 20:12:48,3321
B00001058,U000011,C00083,favorite,2026-08-03 17:59:48,2200
B00001059,U000024,C00045,start_learning,2026-08-18 03:38:48,328
B00001060,U000660,C00070,buy,2026-08-20 04:08:48,3039
B00001061,U000132,C00090,favorite,2026-08-27 02:38:48,1986
B00001062,U000685,C00055,favorite,2026-08-24 07:07:48,2790
B00001063,U000803,C00092,start_learning,2026-08-16 19:48:48,98
B00001064,U000042,C00051,view,2026-08-04 23:00:48,2891
B00001065,U000538,C00068,buy,2026-08-30 20:24:48,1411
B00001066,U000717,C00009,favorite,2026-08-21 01:13:48,2227
B00001067,U000733,C00080,buy,2026-08-07 15:13:48,239
B00001068,U000718,C00028,buy,2026-09-01 11:59:48,1337
B00001069,U000355,C00025,buy,2026-08-27 11:11:48,2892
B00001070,U000797,C00008,view,2026-08-12 21:27:48,717
B00001071,U000290,C00068,start_learning,2026-08-29 14:41:48,3161
B00001072,U000110,C00100,finish,2026-08-10 12:44:48,464
B00001073,U000786,C00098,finish,2026-08-12 16:37:48,1367
B00001074,U000680,C00079,view,2026-08-13 23:21:48,250
B00001075,U000925,C00034,start_learning,2026-08-10 02:15:48,2267
B00001076,U000282,C00042,view,2026-08-04 14:32:48,1039
B00001077,U000121,C00055,favorite,2026-08-12 20:01:48,3528
B00001078,U000993,C00079,view,2026-08-05 00:49:48,1827
B00001079,U000748,C00008,favorite,2026-08-29 19:41:48,3354
B00001080,U000822,C00027,finish,2026-08-31 05:19:48,3556
B00001081,U000811,C00035,favorite,2026-08-12 22:05:48,2005
B00001082,U000069,C00030,start_learning,2026-08-14 23:37:48,2284
B00001083,U000811,C00093,view,2026-08-05 19:50:48,1027
B00001084,U000445,C00022,favorite,2026-08-20 20:13:48,2519
B00001085,U000618,C00041,start_learning,2026-08-08 01:31:48,2959
B00001086,U000582,C00039,favorite,2026-08-26 13:51:48,2355
B00001087,U000217,C00081,start_learning,2026-08-20 00:49:48,196
B00001088,U000611,C00030,finish,2026-08-08 10:46:48,2809
B00001089,U000529,C00067,finish,2026-08-16 16:18:48,2910
B00001090,U000230,C00057,view,2026-08-14 18:18:48,986
B00001091,U000333,C00064,favorite,2026-08-06 21:59:48,982
B00001092,U000819,C00086,favorite,2026-08-30 08:06:48,1194
B00001093,U000190,C00091,view,2026-08-14 05:02:48,2046
B00001094,U000356,C00021,view,2026-08-23 17:37:48,1444
B00001095,U000415,C00077,start_learning,2026-08-05 16:35:48,1574
B00001096,U000387,C00005,view,2026-09-01 10:01:48,1
B00001097,U000943,C00046,start_learning,2026-08-26 10:43:48,134
B00001098,U000449,C00058,favorite,2026-08-17 22:58:48,2902
B00001099,U000308,C00068,favorite,2026-08-17 17:50:48,2780
B00001100,U000744,C00083,favorite,2026-08-08 00:57:48,3296
B00001101,U000765,C00051,favorite,2026-08-27 20:27:48,231
B00001102,U000446,C00068,buy,2026-08-31 14:29:48,2833
B00001103,U000232,C00079,start_learning,2026-08-03 08:16:48,476
B00001104,U000657,C00066,buy,2026-08-15 23:09:48,2092
B00001105,U000933,C00043,start_learning,2026-08-07 05:47:48,2805
B00001106,U000320,C00062,start_learning,2026-08-27 18:53:48,2003
B00001107,U000510,C00079,view,2026-09-01 10:48:48,592
B00001108,U000364,C00012,buy,2026-08-27 23:06:48,109
B00001109,U000747,C00092,finish,2026-08-12 15:47:48,253
B00001110,U000309,C00084,finish,2026-08-18 12:23:48,2840
B00001111,U000199,C00073,finish,2026-08-28 07:44:48,2262
B00001112,U000679,C00016,finish,2026-08-10 06:50:48,3423
B00001113,U000029,C00077,view,2026-08-02 16:38:48,2638
B00001114,U000436,C00055,finish,2026-08-26 21:05:48,2036
B00001115,U000314,C00006,start_learning,2026-08-30 09:38:48,71
B00001116,U000251,C00015,view,2026-08-21 14:02:48,3028
B00001117,U000715,C00023,view,2026-08-17 05:21:48,1649
B00001118,U000751,C00057,view,2026-08-26 06:37:48,2510
B00001119,U000028,C00100,view,2026-08-27 22:03:48,677
B00001120,U000266,C00083,view,2026-08-02 22:48:48,2051
B00001121,U000387,C00069,finish,2026-08-31 18:38:48,1051
B00001122,U000749,C00081,favorite,2026-08-05 00:39:48,2091
B00001123,U000801,C00065,buy,2026-08-27 22:40:48,2025
B00001124,U000404,C00016,buy,2026-08-08 03:25:48,1003
B00001125,U000279,C00073,view,2026-08-11 17:13:48,1492
B00001126,U000827,C00059,finish,2026-08-26 13:41:48,2472
B00001127,U000934,C00058,buy,2026-08-23 06:04:48,3371
B00001128,U000387,C00085,finish,2026-08-26 04:50:48,2447
B00001129,U000999,C00095,favorite,2026-08-12 23:46:48,2490
B00001130,U000034,C00063,view,2026-08-05 04:45:48,2867
B00001131,U000641,C00089,favorite,2026-08-14 04:32:48,918
B00001132,U000764,C00071,start_learning,2026-08-29 12:18:48,1844
B00001133,U000221,C00049,finish,2026-08-22 10:27:48,503
B00001134,U000409,C00027,view,2026-08-25 21:37:48,1372
B00001135,U000257,C00053,finish,2026-08-02 22:58:48,2154
B00001136,U000925,C00009,start_learning,2026-08-17 09:26:48,2111
B00001137,U000563,C00022,view,2026-08-17 22:38:48,1965
B00001138,U000631,C00003,finish,2026-08-31 13:38:48,1480
B00001139,U000845,C00073,favorite,2026-09-01 14:50:48,2439
B00001140,U000499,C00069,start_learning,2026-08-13 18:48:48,1934
B00001141,U000262,C00075,finish,2026-08-14 05:19:48,1991
B00001142,U000378,C00025,favorite,2026-08-11 03:10:48,143
B00001143,U000953,C00018,buy,2026-08-08 11:13:48,2818
B00001144,U000585,C00070,buy,2026-08-31 05:09:48,614
B00001145,U000077,C00011,view,2026-08-28 17:10:48,2600
B00001146,U000142,C00007,start_learning,2026-08-09 11:34:48,2064
B00001147,U000534,C00075,start_learning,2026-08-08 08:35:48,1952
B00001148,U000838,C00029,finish,2026-08-18 19:36:48,2621
B00001149,U000586,C00036,view,2026-08-03 22:06:48,1807
B00001150,U000890,C00093,finish,2026-08-23 03:49:48,3276
B00001151,U000402,C00020,finish,2026-08-27 21:20:48,1838
B00001152,U000114,C00075,view,2026-08-19 05:31:48,2275
B00001153,U000221,C00061,finish,2026-08-03 04:43:48,1170
B00001154,U000382,C00012,start_learning,2026-08-10 04:52:48,1555
B00001155,U000233,C00077,favorite,2026-08-31 23:26:48,1777
B00001156,U000774,C00009,buy,2026-08-15 02:09:48,3297
B00001157,U000531,C00089,view,2026-08-04 22:26:48,2423
B00001158,U000129,C00007,start_learning,2026-08-14 23:34:48,191
B00001159,U000676,C00006,buy,2026-09-01 06:27:48,3294
B00001160,U000969,C00090,favorite,2026-08-11 04:25:48,2336
B00001161,U000860,C00048,buy,2026-08-15 19:07:48,69
B00001162,U000121,C00095,finish,2026-08-18 07:31:48,3523
B00001163,U000918,C00076,buy,2026-08-15 22:15:48,2355
B00001164,U000852,C00033,start_learning,2026-08-30 04:54:48,176
B00001165,U000450,C00050,start_learning,2026-08-22 16:09:48,224
B00001166,U000588,C00086,view,2026-08-15 05:12:48,3065
B00001167,U000149,C00067,favorite,2026-08-21 17:54:48,2180
B00001168,U000724,C00036,buy,2026-08-30 09:48:48,2437
B00001169,U000950,C00047,buy,2026-08-11 15:54:48,108
B00001170,U000191,C00045,favorite,2026-08-10 07:09:48,3154
B00001171,U000125,C00049,favorite,2026-08-05 19:42:48,1059
B00001172,U000960,C00003,favorite,2026-08-21 11:50:48,1790
B00001173,U000118,C00072,start_learning,2026-08-18 01:42:48,3443
B00001174,U000648,C00046,favorite,2026-08-15 17:23:48,2798
B00001175,U000436,C00051,view,2026-08-16 00:20:48,2291
B00001176,U000202,C00020,favorite,2026-08-11 14:34:48,2513
B00001177,U000339,C00043,view,2026-08-26 06:01:48,1051
B00001178,U000697,C00052,start_learning,2026-08-10 11:04:48,825
B00001179,U000787,C00069,view,2026-08-20 08:08:48,1706
B00001180,U000505,C00015,favorite,2026-08-31 09:04:48,1646
B00001181,U000063,C00091,buy,2026-08-10 14:13:48,2818
B00001182,U000578,C00010,start_learning,2026-08-25 11:18:48,2917
B00001183,U000084,C00061,finish,2026-08-31 12:47:48,1769
B00001184,U000624,C00010,start_learning,2026-08-14 14:18:48,1180
B00001185,U000444,C00028,buy,2026-08-15 23:48:48,3165
B00001186,U000163,C00060,buy,2026-08-10 21:24:48,615
B00001187,U000734,C00028,start_learning,2026-08-17 05:56:48,3457
B00001188,U000066,C00085,view,2026-08-21 23:09:48,3032
B00001189,U000293,C00060,favorite,2026-08-15 01:37:48,1433
B00001190,U000772,C00022,buy,2026-08-11 03:05:48,2581
B00001191,U000530,C00088,start_learning,2026-08-12 08:20:48,2580
B00001192,U000900,C00032,buy,2026-08-17 06:21:48,447
B00001193,U000828,C00070,view,2026-08-04 23:40:48,1379
B00001194,U000659,C00009,favorite,2026-08-25 02:38:48,2991
B00001195,U000641,C00072,favorite,2026-08-07 17:26:48,2940
B00001196,U000649,C00064,view,2026-08-30 10:35:48,3483
B00001197,U000084,C00055,finish,2026-08-21 17:11:48,3598
B00001198,U000160,C00096,buy,2026-08-07 11:06:48,1249
B00001199,U000806,C00035,favorite,2026-08-10 10:57:48,3589
B00001200,U000582,C00077,finish,2026-08-16 10:21:48,2504
B00001201,U000966,C00016,buy,2026-08-19 05:38:48,3312
B00001202,U000138,C00062,finish,2026-08-12 17:48:48,3600
B00001203,U000905,C00018,buy,2026-08-22 03:48:48,177
B00001204,U000277,C00063,buy,2026-08-13 20:35:48,1907
B00001205,U000568,C00003,start_learning,2026-08-29 00:17:48,497
B00001206,U000858,C00008,view,2026-08-21 04:33:48,2141
B00001207,U000296,C00096,finish,2026-08-31 03:52:48,850
B00001208,U000925,C00033,buy,2026-08-06 17:30:48,2836
B00001209,U000864,C00088,favorite,2026-09-01 06:33:48,2814
B00001210,U000022,C00051,favorite,2026-08-29 01:52:48,1159
B00001211,U000752,C00012,buy,2026-08-04 03:06:48,100
B00001212,U000326,C00037,buy,2026-08-14 06:02:48,3280
B00001213,U000654,C00022,finish,2026-08-11 11:44:48,2526
B00001214,U000387,C00063,finish,2026-08-20 09:33:48,187
B00001215,U000090,C00098,view,2026-08-07 03:12:48,1870
B00001216,U000345,C00024,view,2026-08-06 04:26:48,2264
B00001217,U000047,C00009,favorite,2026-08-20 09:31:48,2254
B00001218,U000940,C00091,favorite,2026-08-24 12:02:48,3559
B00001219,U000160,C00048,buy,2026-08-17 06:49:48,3415
B00001220,U000179,C00085,buy,2026-08-09 02:57:48,3570
B00001221,U000545,C00016,buy,2026-08-24 13:25:48,513
B00001222,U000271,C00072,buy,2026-08-20 03:05:48,562
B00001223,U000874,C00025,view,2026-08-28 16:29:48,2514
B00001224,U000370,C00047,buy,2026-08-11 06:48:48,1648
B00001225,U000557,C00099,start_learning,2026-08-19 08:01:48,1119
B00001226,U000888,C00061,view,2026-08-11 04:56:48,3368
B00001227,U000454,C00008,start_learning,2026-08-29 07:20:48,1315
B00001228,U000680,C00010,view,2026-08-29 00:23:48,101
B00001229,U000158,C00032,favorite,2026-08-24 06:48:48,1778
B00001230,U000773,C00098,favorite,2026-08-15 10:44:48,2773
B00001231,U000005,C00058,start_learning,2026-08-22 19:24:48,3071
B00001232,U000272,C00093,favorite,2026-08-07 22:09:48,1145
B00001233,U000975,C00022,finish,2026-08-20 01:14:48,1897
B00001234,U000857,C00034,favorite,2026-08-26 09:16:48,1198
B00001235,U000666,C00075,favorite,2026-08-08 07:17:48,2314
B00001236,U000939,C00100,buy,2026-08-23 07:31:48,2123
B00001237,U000195,C00050,buy,2026-08-04 02:43:48,1646
B00001238,U000396,C00020,favorite,2026-08-24 21:08:48,780
B00001239,U000633,C00017,start_learning,2026-08-25 04:48:48,1945
B00001240,U000997,C00027,buy,2026-08-10 01:13:48,80
B00001241,U000419,C00025,finish,2026-08-24 16:35:48,2823
B00001242,U000333,C00092,view,2026-08-05 18:49:48,1309
B00001243,U000916,C00070,favorite,2026-08-23 02:21:48,2128
B00001244,U000377,C00074,finish,2026-08-20 00:58:48,495
B00001245,U000249,C00017,view,2026-08-21 06:03:48,2584
B00001246,U000391,C00082,finish,2026-08-17 10:39:48,3381
B00001247,U000196,C00091,favorite,2026-08-11 10:31:48,1907
B00001248,U000755,C00038,view,2026-08-30 18:00:48,2328
B00001249,U000138,C00060,start_learning,2026-08-29 04:54:48,2447
B00001250,U000965,C00067,finish,2026-08-13 10:26:48,282
B00001251,U000251,C00088,view,2026-08-18 23:59:48,2994
B00001252,U000297,C00078,start_learning,2026-08-10 19:48:48,2475
B00001253,U000050,C00044,finish,2026-08-20 20:31:48,2853
B00001254,U000621,C00054,finish,2026-08-28 04:19:48,2294
B00001255,U000761,C00095,start_learning,2026-08-09 03:23:48,186
B00001256,U000539,C00030,finish,2026-08-31 10:43:48,2173
B00001257,U000796,C00071,finish,2026-08-12 10:14:48,3539
B00001258,U000131,C00091,start_learning,2026-08-17 16:37:48,485
B00001259,U000192,C00053,start_learning,2026-08-28 08:59:48,828
B00001260,U000705,C00046,start_learning,2026-08-29 15:36:48,452
B00001261,U000056,C00096,favorite,2026-08-18 06:18:48,3549
B00001262,U000395,C00008,start_learning,2026-08-25 08:16:48,2802
B00001263,U000783,C00048,view,2026-08-13 02:29:48,3593
B00001264,U000501,C00087,finish,2026-08-13 08:39:48,954
B00001265,U000194,C00080,favorite,2026-08-16 07:01:48,1157
B00001266,U000082,C00097,start_learning,2026-08-18 11:32:48,1988
B00001267,U000150,C00042,finish,2026-08-07 22:07:48,708
B00001268,U000753,C00091,favorite,2026-08-31 17:34:48,230
B00001269,U000642,C00016,start_learning,2026-08-23 02:42:48,735
B00001270,U000435,C00058,start_learning,2026-08-15 20:37:48,64
B00001271,U000663,C00046,favorite,2026-08-14 12:01:48,2065
B00001272,U000295,C00071,buy,2026-09-01 14:25:48,1076
B00001273,U000254,C00073,finish,2026-08-30 18:05:48,1833
B00001274,U000820,C00009,finish,2026-08-30 21:48:48,3459
B00001275,U000402,C00045,finish,2026-08-08 12:08:48,3553
B00001276,U000135,C00091,start_learning,2026-08-23 08:43:48,429
B00001277,U000625,C00009,finish,2026-08-24 04:33:48,2772
B00001278,U000659,C00098,favorite,2026-08-16 07:05:48,659
B00001279,U000121,C00078,buy,2026-08-12 20:49:48,641
B00001280,U000145,C00049,favorite,2026-08-23 14:53:48,379
B00001281,U000760,C00037,favorite,2026-08-30 18:26:48,3040
B00001282,U000903,C00071,favorite,2026-08-10 06:19:48,2167
B00001283,U000097,C00049,start_learning,2026-08-13 21:38:48,2311
B00001284,U000393,C00043,finish,2026-08-12 15:48:48,2970
B00001285,U000379,C00041,buy,2026-08-27 06:58:48,2711
B00001286,U000593,C00019,view,2026-08-16 01:05:48,2199
B00001287,U000927,C00005,start_learning,2026-08-17 18:00:48,1328
B00001288,U000077,C00046,favorite,2026-08-06 10:37:48,2349
B00001289,U000828,C00073,start_learning,2026-08-10 11:16:48,1598
B00001290,U000361,C00008,finish,2026-08-03 10:27:48,1279
B00001291,U000240,C00097,buy,2026-08-25 23:50:48,1863
B00001292,U000676,C00099,finish,2026-08-15 14:45:48,3209
B00001293,U000017,C00088,buy,2026-08-27 10:52:48,372
B00001294,U000350,C00022,finish,2026-08-10 22:53:48,2233
B00001295,U000769,C00032,view,2026-08-10 19:35:48,2126
B00001296,U000562,C00049,buy,2026-09-01 09:21:48,408
B00001297,U000311,C00094,buy,2026-08-18 10:43:48,1905
B00001298,U000757,C00012,start_learning,2026-08-26 16:18:48,3284
B00001299,U000272,C00031,view,2026-08-29 08:45:48,2750
B00001300,U000959,C00072,favorite,2026-08-15 08:00:48,2915
B00001301,U000572,C00038,view,2026-08-16 17:08:48,2128
B00001302,U000568,C00092,finish,2026-08-18 14:56:48,372
B00001303,U000661,C00052,view,2026-08-05 22:59:48,1450
B00001304,U000996,C00037,start_learning,2026-08-26 19:03:48,928
B00001305,U000225,C00020,view,2026-08-13 17:26:48,691
B00001306,U000267,C00068,view,2026-08-18 08:01:48,1553
B00001307,U000887,C00084,start_learning,2026-08-20 21:15:48,1555
B00001308,U000079,C00068,favorite,2026-08-04 23:01:48,2594
B00001309,U000974,C00028,buy,2026-08-31 04:50:48,2333
B00001310,U000328,C00071,finish,2026-08-06 00:08:48,2178
B00001311,U000334,C00035,buy,2026-08-24 01:08:48,571
B00001312,U000027,C00099,view,2026-08-31 12:44:48,1345
B00001313,U000536,C00006,favorite,2026-08-04 14:17:48,1146
B00001314,U000168,C00077,finish,2026-08-06 11:10:48,2646
B00001315,U000806,C00048,favorite,2026-08-27 03:34:48,759
B00001316,U000526,C00023,buy,2026-08-22 18:36:48,2182
B00001317,U000484,C00089,view,2026-08-03 08:15:48,609
B00001318,U000471,C00078,start_learning,2026-08-10 19:07:48,1590
B00001319,U000968,C00088,view,2026-08-12 04:58:48,1750
B00001320,U000127,C00066,favorite,2026-08-15 19:47:48,1603
B00001321,U000189,C00059,favorite,2026-08-13 12:04:48,3586
B00001322,U000807,C00046,start_learning,2026-08-26 14:53:48,2148
B00001323,U000322,C00051,view,2026-08-07 02:39:48,3533
B00001324,U000322,C00045,view,2026-08-30 19:16:48,3289
B00001325,U000803,C00080,buy,2026-08-22 05:28:48,1633
B00001326,U000451,C00059,start_learning,2026-08-23 10:03:48,2651
B00001327,U000370,C00009,start_learning,2026-08-24 07:55:48,917
B00001328,U000353,C00066,start_learning,2026-08-06 08:16:48,3212
B00001329,U000435,C00035,start_learning,2026-08-27 22:33:48,1166
B00001330,U000281,C00034,start_learning,2026-08-16 04:19:48,3487
B00001331,U000525,C00022,start_learning,2026-08-23 12:37:48,1790
B00001332,U000670,C00073,view,2026-08-16 12:20:48,1179
B00001333,U000074,C00034,finish,2026-08-25 23:11:48,994
B00001334,U000050,C00054,buy,2026-08-28 17:41:48,3600
B00001335,U000443,C00008,view,2026-08-12 22:05:48,2245
B00001336,U000274,C00009,favorite,2026-08-19 23:13:48,2328
B00001337,U000511,C00002,finish,2026-08-30 05:01:48,1345
B00001338,U000405,C00027,view,2026-08-17 10:32:48,2319
B00001339,U000359,C00094,buy,2026-08-09 00:20:48,2413
B00001340,U000961,C00039,finish,2026-08-09 03:38:48,1709
B00001341,U000226,C00004,finish,2026-08-29 12:45:48,81
B00001342,U000752,C00088,start_learning,2026-08-24 14:08:48,2616
B00001343,U000461,C00064,buy,2026-08-13 20:18:48,2505
B00001344,U000746,C00060,finish,2026-08-27 08:54:48,1387
B00001345,U000047,C00010,favorite,2026-08-18 19:30:48,2501
B00001346,U000670,C00026,view,2026-08-19 06:35:48,113
B00001347,U000781,C00008,favorite,2026-08-24 09:57:48,668
B00001348,U000671,C00057,view,2026-08-15 04:56:48,1541
B00001349,U000636,C00085,view,2026-08-09 07:09:48,2922
B00001350,U000565,C00052,finish,2026-08-27 12:59:48,2905
B00001351,U000474,C00021,view,2026-08-24 16:09:48,133
B00001352,U000891,C00005,view,2026-08-04 16:13:48,2471
B00001353,U000058,C00003,finish,2026-08-12 07:18:48,92
B00001354,U000120,C00037,buy,2026-08-10 10:55:48,1293
B00001355,U000750,C00018,start_learning,2026-08-14 18:14:48,3375
B00001356,U000307,C00045,finish,2026-08-02 23:48:48,1855
B00001357,U000512,C00093,buy,2026-08-26 11:56:48,1514
B00001358,U000109,C00034,view,2026-08-11 18:34:48,2393
B00001359,U000902,C00059,favorite,2026-08-19 09:23:48,2013
B00001360,U000793,C00095,finish,2026-08-14 22:36:48,451
B00001361,U000857,C00030,favorite,2026-08-09 04:32:48,1848
B00001362,U000668,C00074,buy,2026-08-15 06:04:48,861
B00001363,U000745,C00092,buy,2026-08-22 20:19:48,790
B00001364,U000938,C00007,view,2026-08-22 06:53:48,857
B00001365,U000085,C00014,buy,2026-08-15 22:23:48,2777
B00001366,U000700,C00098,view,2026-08-30 21:49:48,1776
B00001367,U000883,C00044,view,2026-08-07 19:19:48,489
B00001368,U000571,C00074,finish,2026-09-01 10:06:48,199
B00001369,U000648,C00075,start_learning,2026-08-07 14:14:48,444
B00001370,U000787,C00081,start_learning,2026-08-03 03:38:48,1735
B00001371,U000990,C00078,start_learning,2026-08-22 13:05:48,2443
B00001372,U000964,C00052,start_learning,2026-08-28 17:58:48,408
B00001373,U000568,C00011,view,2026-08-06 20:29:48,2441
B00001374,U000635,C00062,view,2026-08-06 19:40:48,3000
B00001375,U000798,C00057,buy,2026-08-31 02:21:48,2486
B00001376,U000754,C00005,start_learning,2026-08-10 03:41:48,421
B00001377,U000032,C00016,start_learning,2026-08-05 06:08:48,260
B00001378,U000443,C00052,view,2026-08-23 08:11:48,2062
B00001379,U000076,C00097,finish,2026-08-25 01:18:48,2865
B00001380,U000917,C00005,buy,2026-08-08 01:38:48,154
B00001381,U000446,C00030,finish,2026-08-09 18:49:48,2933
B00001382,U000342,C00091,start_learning,2026-08-14 23:41:48,1622
B00001383,U000832,C00099,finish,2026-08-24 09:43:48,1770
B00001384,U000007,C00014,finish,2026-08-17 06:03:48,3270
B00001385,U000823,C00024,start_learning,2026-08-10 04:14:48,709
B00001386,U000695,C00031,favorite,2026-08-03 15:39:48,1402
B00001387,U000631,C00077,start_learning,2026-08-08 19:05:48,738
B00001388,U000574,C00089,start_learning,2026-08-15 00:00:48,796
B00001389,U000975,C00060,start_learning,2026-08-14 06:50:48,1340
B00001390,U000691,C00090,view,2026-08-10 20:38:48,3173
B00001391,U000525,C00026,finish,2026-08-21 10:09:48,2150
B00001392,U000542,C00047,view,2026-08-24 01:05:48,3007
B00001393,U000701,C00030,start_learning,2026-08-18 19:36:48,3584
B00001394,U000295,C00074,view,2026-08-25 01:01:48,1867
B00001395,U000630,C00061,buy,2026-08-06 03:11:48,1530
B00001396,U000506,C00054,finish,2026-08-28 05:51:48,2247
B00001397,U000836,C00068,view,2026-08-17 03:14:48,3358
B00001398,U000957,C00064,start_learning,2026-08-08 13:51:48,361
B00001399,U000142,C00090,view,2026-08-19 04:55:48,2313
B00001400,U000011,C00019,favorite,2026-08-15 22:00:48,2848
B00001401,U000239,C00010,view,2026-08-26 08:21:48,602
B00001402,U000891,C00072,buy,2026-08-11 04:39:48,1643
B00001403,U000013,C00070,buy,2026-08-06 04:18:48,966
B00001404,U000083,C00097,finish,2026-08-20 14:48:48,2333
B00001405,U000040,C00062,favorite,2026-08-16 11:22:48,34
B00001406,U000515,C00085,finish,2026-08-08 10:56:48,2135
B00001407,U000808,C00001,start_learning,2026-08-10 23:12:48,1282
B00001408,U000230,C00063,finish,2026-08-12 00:57:48,2453
B00001409,U000244,C00007,start_learning,2026-08-27 04:51:48,958
B00001410,U000005,C00044,start_learning,2026-08-24 01:11:48,2755
B00001411,U000515,C00085,favorite,2026-08-17 01:20:48,834
B00001412,U000609,C00076,buy,2026-08-06 08:29:48,1554
B00001413,U000014,C00004,start_learning,2026-08-14 08:42:48,1813
B00001414,U000425,C00058,buy,2026-08-26 22:54:48,2157
B00001415,U000249,C00091,finish,2026-08-18 08:04:48,185
B00001416,U000310,C00012,finish,2026-08-25 17:11:48,501
B00001417,U000169,C00019,favorite,2026-08-22 21:42:48,703
B00001418,U000600,C00011,start_learning,2026-08-11 10:53:48,393
B00001419,U000494,C00077,start_learning,2026-08-12 01:00:48,1887
B00001420,U000387,C00059,start_learning,2026-08-09 19:49:48,697
B00001421,U000695,C00042,favorite,2026-08-11 10:22:48,836
B00001422,U000138,C00016,favorite,2026-08-25 04:19:48,188
B00001423,U000289,C00014,favorite,2026-08-30 22:46:48,716
B00001424,U000315,C00017,finish,2026-08-29 23:46:48,2069
B00001425,U000564,C00096,favorite,2026-08-05 03:57:48,1650
B00001426,U000244,C00013,favorite,2026-08-28 05:06:48,2541
B00001427,U000464,C00061,view,2026-08-28 21:13:48,3097
B00001428,U000646,C00011,finish,2026-08-20 16:38:48,62
B00001429,U000638,C00041,buy,2026-08-07 15:25:48,1649
B00001430,U000471,C00058,view,2026-08-21 05:38:48,1294
B00001431,U000790,C00086,favorite,2026-08-24 02:28:48,2506
B00001432,U000840,C00038,favorite,2026-08-25 05:03:48,418
B00001433,U000935,C00062,buy,2026-08-22 07:32:48,3507
B00001434,U000224,C00025,buy,2026-08-04 05:02:48,109
B00001435,U000704,C00074,favorite,2026-08-14 09:41:48,3123
B00001436,U000415,C00047,start_learning,2026-08-15 04:07:48,2010
B00001437,U000891,C00080,buy,2026-08-28 10:13:48,2332
B00001438,U000546,C00025,favorite,2026-08-04 21:43:48,684
B00001439,U000313,C00042,start_learning,2026-08-19 07:35:48,300
B00001440,U000330,C00047,buy,2026-08-29 22:37:48,1898
B00001441,U000543,C00003,buy,2026-08-27 08:24:48,1465
B00001442,U000399,C00079,finish,2026-08-22 00:49:48,299
B00001443,U000373,C00032,finish,2026-08-17 08:11:48,2797
B00001444,U000951,C00001,favorite,2026-08-26 04:00:48,2664
B00001445,U000284,C00003,finish,2026-08-05 05:57:48,1716
B00001446,U000238,C00027,finish,2026-09-01 10:28:48,621
B00001447,U000298,C00001,view,2026-08-20 02:27:48,3155
B00001448,U000845,C00090,start_learning,2026-08-20 14:57:48,2027
B00001449,U000741,C00056,start_learning,2026-08-24 05:35:48,1017
B00001450,U000335,C00037,view,2026-08-20 01:24:48,100
B00001451,U000546,C00078,start_learning,2026-08-27 05:59:48,459
B00001452,U000085,C00081,buy,2026-08-19 18:24:48,2105
B00001453,U000317,C00046,start_learning,2026-08-05 18:23:48,114
B00001454,U000151,C00011,favorite,2026-08-31 04:54:48,1918
B00001455,U000415,C00008,view,2026-08-09 15:48:48,2347
B00001456,U000959,C00082,favorite,2026-08-18 15:30:48,358
B00001457,U000306,C00092,finish,2026-08-18 01:52:48,2267
B00001458,U000468,C00014,favorite,2026-09-01 05:55:48,3031
B00001459,U000084,C00090,start_learning,2026-08-27 17:13:48,988
B00001460,U000947,C00086,favorite,2026-08-19 18:55:48,1717
B00001461,U000574,C00043,start_learning,2026-08-25 06:27:48,450
B00001462,U000381,C00084,favorite,2026-08-28 01:28:48,391
B00001463,U000039,C00061,favorite,2026-08-16 10:23:48,1516
B00001464,U000776,C00016,finish,2026-08-16 10:06:48,134
B00001465,U000763,C00028,favorite,2026-08-08 04:23:48,3123
B00001466,U000943,C00006,start_learning,2026-08-26 01:20:48,538
B00001467,U000019,C00088,start_learning,2026-08-30 04:31:48,3051
B00001468,U000475,C00034,start_learning,2026-08-31 10:31:48,611
B00001469,U000771,C00035,finish,2026-08-06 00:08:48,148
B00001470,U000204,C00029,favorite,2026-08-15 19:53:48,2272
B00001471,U000727,C00040,start_learning,2026-08-03 23:54:48,1297
B00001472,U000542,C00043,buy,2026-08-10 22:06:48,1582
B00001473,U000354,C00012,finish,2026-08-03 16:19:48,804
B00001474,U000689,C00073,buy,2026-08-28 00:07:48,983
B00001475,U000081,C00089,favorite,2026-08-16 10:05:48,2013
B00001476,U000335,C00006,favorite,2026-08-29 20:56:48,1577
B00001477,U000014,C00047,start_learning,2026-08-14 06:58:48,2314
B00001478,U000827,C00086,finish,2026-08-24 08:09:48,2414
B00001479,U000239,C00070,view,2026-08-20 04:07:48,3575
B00001480,U000738,C00030,view,2026-08-07 10:30:48,3183
B00001481,U000570,C00041,finish,2026-08-19 13:53:48,965
B00001482,U000575,C00020,favorite,2026-08-24 08:35:48,2402
B00001483,U000666,C00005,favorite,2026-08-22 00:12:48,1318
B00001484,U000011,C00015,start_learning,2026-08-28 22:07:48,2142
B00001485,U000750,C00088,finish,2026-08-06 02:19:48,599
B00001486,U000830,C00009,start_learning,2026-08-22 04:01:48,2775
B00001487,U000202,C00088,buy,2026-08-29 21:30:48,1343
B00001488,U000659,C00093,favorite,2026-08-28 17:49:48,3099
B00001489,U000616,C00071,start_learning,2026-08-25 01:41:48,2042
B00001490,U000935,C00061,finish,2026-08-12 03:28:48,949
B00001491,U000660,C00090,finish,2026-08-17 23:57:48,2014
B00001492,U000471,C00095,buy,2026-08-21 23:48:48,2352
B00001493,U000852,C00093,favorite,2026-08-25 11:48:48,2661
B00001494,U000162,C00064,buy,2026-08-08 15:14:48,2733
B00001495,U000148,C00020,finish,2026-08-09 15:43:48,1081
B00001496,U000231,C00055,view,2026-08-15 04:50:48,3288
B00001497,U000611,C00006,start_learning,2026-08-13 10:41:48,482
B00001498,U000328,C00076,start_learning,2026-08-18 12:55:48,2160
B00001499,U000566,C00080,favorite,2026-08-28 17:07:48,2405
B00001500,U000776,C00022,start_learning,2026-08-08 09:07:48,1198
B00001501,U000412,C00072,view,2026-08-04 13:11:48,1139
B00001502,U000216,C00081,finish,2026-08-10 16:14:48,2126
B00001503,U000997,C00044,finish,2026-08-12 22:07:48,881
B00001504,U000507,C00093,buy,2026-09-01 04:08:48,669
B00001505,U000062,C00044,start_learning,2026-08-03 11:03:48,235
B00001506,U000516,C00057,finish,2026-08-05 21:53:48,581
B00001507,U000227,C00092,view,2026-08-04 06:03:48,3080
B00001508,U000170,C00045,buy,2026-08-23 16:25:48,956
B00001509,U000484,C00029,start_learning,2026-08-30 12:25:48,3528
B00001510,U000900,C00033,start_learning,2026-08-30 15:48:48,2600
B00001511,U000454,C00081,favorite,2026-08-16 09:36:48,1671
B00001512,U000346,C00087,start_learning,2026-08-21 04:07:48,1983
B00001513,U000876,C00075,favorite,2026-08-15 17:35:48,1819
B00001514,U000469,C00061,view,2026-08-04 05:20:48,2682
B00001515,U000283,C00072,finish,2026-08-19 12:01:48,755
B00001516,U000647,C00034,view,2026-08-22 20:19:48,3117
B00001517,U000071,C00068,favorite,2026-08-07 15:11:48,2576
B00001518,U000547,C00017,finish,2026-08-10 17:27:48,3104
B00001519,U000039,C00045,favorite,2026-08-24 20:07:48,2620
B00001520,U000979,C00080,finish,2026-08-07 00:35:48,2034
B00001521,U000768,C00067,favorite,2026-08-18 13:32:48,2517
B00001522,U000019,C00007,favorite,2026-08-17 18:01:48,3394
B00001523,U000406,C00090,favorite,2026-08-08 17:04:48,1014
B00001524,U000692,C00089,finish,2026-08-26 04:40:48,2807
B00001525,U000234,C00097,favorite,2026-08-27 05:26:48,2268
B00001526,U000541,C00043,view,2026-08-12 03:19:48,1584
B00001527,U000350,C00055,buy,2026-08-27 06:11:48,3447
B00001528,U000284,C00022,favorite,2026-08-19 11:25:48,3246
B00001529,U000249,C00019,finish,2026-08-11 14:32:48,861
B00001530,U000230,C00059,buy,2026-08-10 16:21:48,75
B00001531,U000548,C00019,favorite,2026-08-31 11:10:48,310
B00001532,U000704,C00014,buy,2026-08-24 21:11:48,3464
B00001533,U000016,C00020,buy,2026-08-08 04:23:48,1974
B00001534,U000899,C00008,buy,2026-08-05 19:48:48,1879
B00001535,U000244,C00043,buy,2026-08-29 17:54:48,2114
B00001536,U000855,C00093,favorite,2026-08-29 20:47:48,914
B00001537,U000008,C00080,buy,2026-08-24 19:44:48,1677
B00001538,U000936,C00002,buy,2026-08-15 07:43:48,1109
B00001539,U000729,C00060,favorite,2026-08-14 03:48:48,2269
B00001540,U000226,C00071,finish,2026-08-16 18:39:48,2603
B00001541,U000495,C00047,view,2026-08-02 17:46:48,714
B00001542,U000654,C00054,favorite,2026-09-01 12:06:48,2624
B00001543,U000368,C00044,finish,2026-08-09 20:47:48,1939
B00001544,U000644,C00081,favorite,2026-08-23 20:21:48,3555
B00001545,U000418,C00076,favorite,2026-08-28 11:52:48,1107
B00001546,U000904,C00060,view,2026-08-11 01:41:48,262
B00001547,U000961,C00001,start_learning,2026-08-28 11:49:48,183
B00001548,U000117,C00071,view,2026-08-16 09:56:48,1576
B00001549,U000601,C00044,view,2026-08-15 10:22:48,2800
B00001550,U000151,C00013,favorite,2026-08-17 14:58:48,2745
B00001551,U000323,C00082,view,2026-08-10 07:44:48,1650
B00001552,U000301,C00054,favorite,2026-08-15 02:02:48,3354
B00001553,U000336,C00015,buy,2026-08-10 18:18:48,3195
B00001554,U000906,C00021,view,2026-08-10 14:37:48,2334
B00001555,U000124,C00023,favorite,2026-08-21 04:03:48,2009
B00001556,U000026,C00012,finish,2026-08-21 12:26:48,222
B00001557,U000548,C00093,buy,2026-08-30 00:04:48,1713
B00001558,U000968,C00017,view,2026-08-08 15:34:48,3432
B00001559,U000862,C00052,buy,2026-08-07 19:23:48,819
B00001560,U000558,C00023,finish,2026-09-01 08:47:48,3488
B00001561,U000178,C00040,view,2026-08-28 09:09:48,718
B00001562,U000121,C00048,start_learning,2026-08-12 01:21:48,557
B00001563,U000666,C00012,start_learning,2026-08-06 18:59:48,2712
B00001564,U000235,C00093,view,2026-08-21 12:37:48,997
B00001565,U000391,C00011,buy,2026-08-09 21:22:48,3421
B00001566,U000729,C00097,buy,2026-08-19 07:23:48,1930
B00001567,U000091,C00061,finish,2026-08-27 00:50:48,2425
B00001568,U000141,C00043,favorite,2026-08-23 19:37:48,883
B00001569,U000569,C00084,buy,2026-08-31 05:00:48,1166
B00001570,U000752,C00074,buy,2026-09-01 11:26:48,2972
B00001571,U000420,C00056,favorite,2026-08-19 08:09:48,2172
B00001572,U000220,C00039,view,2026-08-30 19:24:48,636
B00001573,U000923,C00027,start_learning,2026-08-05 00:40:48,1879
B00001574,U000953,C00022,buy,2026-08-03 13:59:48,2306
B00001575,U000771,C00015,start_learning,2026-08-31 00:39:48,1598
B00001576,U000889,C00090,view,2026-08-29 06:08:48,779
B00001577,U000620,C00085,start_learning,2026-08-18 00:11:48,1933
B00001578,U000968,C00082,buy,2026-08-14 17:35:48,624
B00001579,U000513,C00071,view,2026-08-25 11:47:48,3383
B00001580,U000707,C00009,finish,2026-08-13 01:46:48,1114
B00001581,U000427,C00019,start_learning,2026-08-05 09:55:48,2860
B00001582,U000599,C00063,favorite,2026-08-27 15:15:48,707
B00001583,U000145,C00028,start_learning,2026-08-12 00:20:48,948
B00001584,U000772,C00083,buy,2026-08-05 04:09:48,649
B00001585,U000015,C00074,start_learning,2026-08-11 02:25:48,3160
B00001586,U000165,C00009,finish,2026-08-14 15:11:48,2361
B00001587,U000804,C00004,buy,2026-08-13 11:27:48,2617
B00001588,U000223,C00068,start_learning,2026-08-15 04:06:48,3139
B00001589,U000608,C00086,start_learning,2026-08-31 22:10:48,738
B00001590,U000073,C00082,finish,2026-08-09 12:28:48,842
B00001591,U000579,C00023,finish,2026-08-11 07:37:48,2498
B00001592,U000579,C00090,buy,2026-08-16 11:54:48,2002
B00001593,U000015,C00013,view,2026-08-28 07:48:48,2718
B00001594,U000942,C00058,start_learning,2026-08-26 22:17:48,2952
B00001595,U000383,C00046,favorite,2026-08-06 11:42:48,2071
B00001596,U000204,C00099,view,2026-08-27 08:07:48,983
B00001597,U000963,C00047,buy,2026-08-23 05:58:48,1210
B00001598,U000297,C00077,buy,2026-08-12 20:41:48,492
B00001599,U000358,C00071,view,2026-08-21 20:25:48,1000
B00001600,U000219,C00031,view,2026-08-05 20:45:48,3472
B00001601,U000124,C00038,favorite,2026-09-01 12:18:48,2036
B00001602,U000771,C00062,finish,2026-08-23 23:57:48,2100
B00001603,U000101,C00078,buy,2026-08-19 23:20:48,3082
B00001604,U000835,C00052,buy,2026-08-22 08:41:48,3168
B00001605,U000476,C00046,finish,2026-08-08 11:13:48,1642
B00001606,U000987,C00044,finish,2026-08-30 01:42:48,654
B00001607,U000628,C00090,view,2026-08-08 16:56:48,560
B00001608,U000162,C00009,buy,2026-08-06 23:03:48,3028
B00001609,U000418,C00005,view,2026-08-08 10:43:48,3532
B00001610,U000961,C00063,start_learning,2026-08-18 13:50:48,360
B00001611,U000681,C00065,start_learning,2026-08-27 15:10:48,702
B00001612,U000706,C00093,start_learning,2026-08-09 19:25:48,2465
B00001613,U000607,C00058,buy,2026-08-10 07:41:48,199
B00001614,U000590,C00028,start_learning,2026-08-11 01:20:48,1801
B00001615,U000499,C00043,view,2026-08-04 08:46:48,1888
B00001616,U000274,C00017,buy,2026-08-23 15:17:48,164
B00001617,U000283,C00093,buy,2026-08-23 19:35:48,105
B00001618,U000275,C00054,start_learning,2026-08-27 19:59:48,3002
B00001619,U000205,C00026,buy,2026-08-15 00:55:48,2085
B00001620,U000582,C00027,finish,2026-08-07 03:47:48,2087
B00001621,U000666,C00044,finish,2026-08-28 23:20:48,652
B00001622,U000064,C00009,favorite,2026-08-16 16:40:48,2401
B00001623,U000132,C00091,favorite,2026-08-12 11:10:48,3176
B00001624,U000589,C00070,view,2026-08-16 14:40:48,3575
B00001625,U000247,C00042,favorite,2026-08-19 17:50:48,3208
B00001626,U000238,C00092,start_learning,2026-08-15 02:05:48,531
B00001627,U000656,C00067,view,2026-09-01 01:21:48,2121
B00001628,U000702,C00055,buy,2026-08-24 13:54:48,3173
B00001629,U000967,C00072,buy,2026-08-07 04:37:48,863
B00001630,U000766,C00078,favorite,2026-09-01 07:41:48,171
B00001631,U000462,C00083,view,2026-08-30 09:33:48,804
B00001632,U000204,C00056,finish,2026-08-17 18:39:48,1945
B00001633,U000533,C00009,start_learning,2026-08-08 00:44:48,1375
B00001634,U000540,C00054,favorite,2026-08-30 12:41:48,2045
B00001635,U000152,C00069,finish,2026-08-11 19:35:48,966
B00001636,U000207,C00037,finish,2026-08-11 21:40:48,468
B00001637,U000242,C00097,finish,2026-08-29 10:20:48,1748
B00001638,U000029,C00044,favorite,2026-08-30 09:02:48,369
B00001639,U000342,C00026,start_learning,2026-08-29 09:49:48,216
B00001640,U000910,C00027,view,2026-08-31 00:47:48,1057
B00001641,U000087,C00097,favorite,2026-08-11 14:10:48,2019
B00001642,U000648,C00020,favorite,2026-08-13 16:14:48,3242
B00001643,U000852,C00016,favorite,2026-08-17 02:47:48,2165
B00001644,U000401,C00001,favorite,2026-08-12 18:01:48,2384
B00001645,U000313,C00070,start_learning,2026-08-12 16:55:48,2918
B00001646,U000677,C00046,buy,2026-08-16 23:14:48,2649
B00001647,U000105,C00097,finish,2026-08-16 08:05:48,220
B00001648,U000835,C00008,view,2026-08-10 08:19:48,648
B00001649,U000056,C00079,start_learning,2026-08-29 04:08:48,856
B00001650,U000213,C00019,finish,2026-08-28 19:27:48,3202
B00001651,U000446,C00036,buy,2026-08-31 22:37:48,606
B00001652,U000952,C00074,favorite,2026-08-08 00:38:48,3400
B00001653,U000311,C00010,start_learning,2026-08-16 00:29:48,2981
B00001654,U000974,C00095,buy,2026-08-18 19:15:48,1349
B00001655,U000394,C00045,start_learning,2026-08-10 17:53:48,442
B00001656,U000945,C00015,buy,2026-08-14 15:53:48,3421
B00001657,U000136,C00016,favorite,2026-08-05 03:54:48,1770
B00001658,U000622,C00049,favorite,2026-08-06 12:52:48,464
B00001659,U000771,C00023,buy,2026-08-07 16:43:48,1972
B00001660,U000584,C00016,view,2026-08-14 01:51:48,2326
B00001661,U000439,C00064,start_learning,2026-08-25 19:38:48,2348
B00001662,U000312,C00032,favorite,2026-08-25 12:52:48,191
B00001663,U000719,C00004,buy,2026-08-10 03:01:48,2375
B00001664,U000367,C00081,buy,2026-09-01 04:27:48,1881
B00001665,U000835,C00087,start_learning,2026-08-06 17:32:48,1762
B00001666,U000038,C00001,buy,2026-08-16 01:57:48,2331
B00001667,U000823,C00011,finish,2026-08-09 20:11:48,1482
B00001668,U000325,C00052,buy,2026-08-05 08:52:48,3149
B00001669,U000296,C00094,favorite,2026-08-13 12:28:48,1544
B00001670,U000185,C00094,buy,2026-08-14 07:48:48,3240
B00001671,U000602,C00005,start_learning,2026-08-23 18:25:48,2500
B00001672,U000358,C00080,buy,2026-08-04 23:50:48,1342
B00001673,U000675,C00097,finish,2026-08-09 23:33:48,745
B00001674,U000334,C00058,view,2026-08-09 00:01:48,2001
B00001675,U000573,C00071,view,2026-08-14 23:58:48,3049
B00001676,U000400,C00097,finish,2026-08-28 02:32:48,2505
B00001677,U000883,C00097,buy,2026-08-03 00:41:48,79
B00001678,U000944,C00090,favorite,2026-08-31 22:38:48,1955
B00001679,U000431,C00010,finish,2026-08-03 09:47:48,144
B00001680,U000248,C00072,finish,2026-08-16 14:38:48,1190
B00001681,U000807,C00096,buy,2026-08-07 03:46:48,938
B00001682,U000654,C00031,favorite,2026-08-24 22:49:48,954
B00001683,U000149,C00061,start_learning,2026-08-03 12:18:48,2031
B00001684,U000365,C00072,favorite,2026-08-31 04:16:48,2962
B00001685,U000268,C00075,finish,2026-08-14 19:35:48,1296
B00001686,U000292,C00006,view,2026-08-10 04:21:48,2988
B00001687,U000684,C00072,favorite,2026-08-04 14:05:48,837
B00001688,U000027,C00063,finish,2026-08-30 18:23:48,345
B00001689,U000807,C00015,finish,2026-08-09 05:09:48,410
B00001690,U000804,C00032,view,2026-08-23 07:12:48,2472
B00001691,U000031,C00065,view,2026-08-06 17:06:48,3331
B00001692,U000612,C00097,buy,2026-08-26 22:29:48,1487
B00001693,U000989,C00021,start_learning,2026-08-29 16:43:48,1101
B00001694,U000122,C00017,view,2026-08-30 01:19:48,2902
B00001695,U000586,C00010,view,2026-08-27 04:54:48,3201
B00001696,U000652,C00048,favorite,2026-08-14 09:36:48,1959
B00001697,U000680,C00079,favorite,2026-08-13 04:11:48,3473
B00001698,U000813,C00011,favorite,2026-08-24 12:40:48,313
B00001699,U000771,C00047,buy,2026-08-21 00:56:48,1874
B00001700,U000775,C00001,view,2026-08-11 16:50:48,2851
B00001701,U000926,C00082,start_learning,2026-08-19 00:47:48,1953
B00001702,U000447,C00017,favorite,2026-08-08 22:23:48,2864
B00001703,U000935,C00036,view,2026-08-10 03:21:48,702
B00001704,U000919,C00007,finish,2026-08-08 16:00:48,3107
B00001705,U000506,C00030,buy,2026-08-26 23:43:48,2482
B00001706,U000140,C00052,buy,2026-08-12 16:37:48,1921
B00001707,U000778,C00024,view,2026-08-09 00:07:48,1423
B00001708,U000622,C00004,start_learning,2026-08-09 22:11:48,2737
B00001709,U000138,C00094,finish,2026-08-16 09:54:48,2291
B00001710,U000690,C00018,favorite,2026-08-28 01:37:48,3458
B00001711,U000606,C00091,view,2026-08-03 01:18:48,2518
B00001712,U000230,C00071,finish,2026-09-01 06:56:48,1688
B00001713,U000226,C00098,view,2026-08-12 06:10:48,1025
B00001714,U000941,C00012,start_learning,2026-08-22 19:06:48,1600
B00001715,U000363,C00094,favorite,2026-08-11 17:51:48,3249
B00001716,U000307,C00061,finish,2026-08-28 10:44:48,3288
B00001717,U000475,C00060,buy,2026-08-18 01:31:48,2374
B00001718,U000629,C00053,favorite,2026-08-28 16:04:48,2905
B00001719,U000023,C00073,buy,2026-08-02 18:52:48,1834
B00001720,U000812,C00038,view,2026-08-10 06:00:48,3533
B00001721,U000332,C00004,buy,2026-08-10 06:56:48,1447
B00001722,U000111,C00026,view,2026-08-04 21:35:48,740
B00001723,U000441,C00077,view,2026-08-14 15:50:48,2828
B00001724,U000400,C00024,favorite,2026-08-06 22:10:48,1653
B00001725,U000492,C00097,view,2026-08-30 14:18:48,1553
B00001726,U000130,C00016,view,2026-08-11 07:07:48,287
B00001727,U000480,C00087,view,2026-08-18 22:09:48,3046
B00001728,U000142,C00025,view,2026-08-06 04:58:48,36
B00001729,U000694,C00005,favorite,2026-09-01 13:17:48,1834
B00001730,U000730,C00049,finish,2026-08-13 21:45:48,1389
B00001731,U000549,C00048,start_learning,2026-08-04 15:39:48,2744
B00001732,U000928,C00028,view,2026-08-08 13:43:48,947
B00001733,U000099,C00056,start_learning,2026-09-01 14:08:48,2254
B00001734,U000807,C00013,favorite,2026-08-29 05:26:48,1657
B00001735,U000703,C00057,finish,2026-08-23 06:13:48,1000
B00001736,U000051,C00004,finish,2026-08-29 09:47:48,3210
B00001737,U000832,C00041,finish,2026-08-19 05:38:48,903
B00001738,U000407,C00090,favorite,2026-08-04 09:25:48,2724
B00001739,U000073,C00052,buy,2026-08-21 17:17:48,3262
B00001740,U000102,C00035,start_learning,2026-08-16 07:38:48,2426
B00001741,U000351,C00087,finish,2026-08-28 23:56:48,687
B00001742,U000755,C00080,view,2026-08-04 23:58:48,1936
B00001743,U000238,C00096,view,2026-08-25 03:16:48,346
B00001744,U000424,C00096,start_learning,2026-08-25 02:41:48,3223
B00001745,U000973,C00042,buy,2026-08-31 04:14:48,2378
B00001746,U000901,C00086,finish,2026-08-26 21:10:48,1648
B00001747,U000213,C00082,view,2026-08-17 08:13:48,514
B00001748,U000217,C00095,buy,2026-08-06 17:08:48,2174
B00001749,U000960,C00018,finish,2026-08-17 17:36:48,1309
B00001750,U000319,C00012,start_learning,2026-08-19 21:41:48,2197
B00001751,U000997,C00089,view,2026-08-15 20:48:48,673
B00001752,U000056,C00016,view,2026-08-25 17:49:48,271
B00001753,U000170,C00017,start_learning,2026-08-31 20:09:48,2990
B00001754,U000651,C00043,buy,2026-08-08 14:37:48,1497
B00001755,U000041,C00029,buy,2026-08-14 13:39:48,301
B00001756,U000010,C00081,view,2026-08-05 05:21:48,786
B00001757,U000229,C00050,start_learning,2026-08-18 21:30:48,2383
B00001758,U000385,C00049,buy,2026-08-31 16:38:48,2203
B00001759,U000022,C00018,favorite,2026-08-23 11:15:48,312
B00001760,U000402,C00019,buy,2026-08-16 17:54:48,1349
B00001761,U000803,C00066,finish,2026-08-08 04:38:48,2219
B00001762,U000046,C00058,buy,2026-08-21 20:18:48,2335
B00001763,U000583,C00083,start_learning,2026-08-14 02:21:48,1830
B00001764,U000692,C00007,start_learning,2026-08-29 22:32:48,3228
B00001765,U000637,C00064,buy,2026-08-18 09:56:48,1962
B00001766,U000955,C00060,start_learning,2026-08-06 20:51:48,3218
B00001767,U000540,C00056,buy,2026-08-09 11:32:48,3075
B00001768,U000463,C00007,finish,2026-08-30 11:45:48,3107
B00001769,U000945,C00004,buy,2026-08-05 09:08:48,1213
B00001770,U000901,C00054,favorite,2026-08-26 18:03:48,854
B00001771,U000932,C00075,favorite,2026-08-06 13:55:48,2993
B00001772,U000583,C00032,finish,2026-08-07 01:25:48,2322
B00001773,U000555,C00035,finish,2026-08-25 10:12:48,104
B00001774,U000527,C00097,buy,2026-08-14 13:29:48,845
B00001775,U000675,C00018,view,2026-08-18 20:50:48,1123
B00001776,U000652,C00030,buy,2026-08-17 00:13:48,618
B00001777,U000110,C00063,finish,2026-08-31 13:07:48,819
B00001778,U000788,C00013,buy,2026-08-07 04:42:48,3593
B00001779,U000055,C00044,view,2026-08-10 05:41:48,1902
B00001780,U000699,C00044,start_learning,2026-08-27 15:49:48,344
B00001781,U000928,C00027,start_learning,2026-08-19 22:31:48,3143
B00001782,U000288,C00007,finish,2026-08-02 19:21:48,2007
B00001783,U000391,C00060,start_learning,2026-08-08 23:10:48,57
B00001784,U000566,C00029,buy,2026-08-15 00:38:48,919
B00001785,U000738,C00058,view,2026-08-18 18:52:48,2736
B00001786,U000339,C00017,buy,2026-08-25 00:42:48,881
B00001787,U000090,C00095,buy,2026-08-03 17:03:48,1109
B00001788,U000901,C00090,finish,2026-08-16 02:59:48,2181
B00001789,U000544,C00079,favorite,2026-08-18 15:05:48,2531
B00001790,U000080,C00050,buy,2026-08-20 16:17:48,3447
B00001791,U000560,C00035,start_learning,2026-08-18 01:02:48,2194
B00001792,U000051,C00023,favorite,2026-08-10 05:53:48,1648
B00001793,U000075,C00023,view,2026-08-23 05:32:48,1296
B00001794,U000563,C00087,favorite,2026-08-16 02:14:48,617
B00001795,U000333,C00077,buy,2026-08-07 11:42:48,1818
B00001796,U000851,C00023,favorite,2026-08-03 10:50:48,2744
B00001797,U000759,C00006,view,2026-08-29 02:51:48,3202
B00001798,U000451,C00045,favorite,2026-08-15 13:08:48,1140
B00001799,U000265,C00051,start_learning,2026-08-02 20:32:48,1251
B00001800,U000375,C00085,start_learning,2026-08-08 04:38:48,2585
B00001801,U000456,C00058,finish,2026-08-24 10:31:48,1456
B00001802,U000112,C00048,buy,2026-08-19 04:20:48,612
B00001803,U000018,C00068,favorite,2026-08-20 13:41:48,2294
B00001804,U000318,C00040,finish,2026-08-19 10:35:48,280
B00001805,U000300,C00018,view,2026-08-14 18:42:48,751
B00001806,U000335,C00035,start_learning,2026-08-21 02:06:48,2505
B00001807,U000423,C00094,start_learning,2026-08-13 03:52:48,1628
B00001808,U000390,C00002,finish,2026-08-21 20:07:48,1886
B00001809,U000848,C00004,buy,2026-08-29 10:27:48,452
B00001810,U000537,C00019,view,2026-08-10 13:48:48,97
B00001811,U000895,C00031,start_learning,2026-08-05 06:12:48,1355
B00001812,U000334,C00050,start_learning,2026-08-06 12:29:48,2880
B00001813,U000818,C00054,finish,2026-08-07 00:10:48,3337
B00001814,U000473,C00047,finish,2026-08-24 22:56:48,2067
B00001815,U000114,C00041,start_learning,2026-08-10 06:06:48,2980
B00001816,U000871,C00015,favorite,2026-08-13 00:59:48,3398
B00001817,U000922,C00060,view,2026-08-23 01:43:48,600
B00001818,U000117,C00040,buy,2026-08-16 20:21:48,3246
B00001819,U000874,C00031,favorite,2026-08-27 20:48:48,2485
B00001820,U000803,C00083,finish,2026-08-23 02:40:48,3132
B00001821,U000466,C00097,favorite,2026-08-20 18:22:48,313
B00001822,U000620,C00029,start_learning,2026-08-22 05:10:48,2482
B00001823,U000288,C00038,start_learning,2026-08-02 20:14:48,1833
B00001824,U000646,C00077,start_learning,2026-08-27 01:06:48,163
B00001825,U000108,C00083,favorite,2026-08-04 19:44:48,3392
B00001826,U000863,C00082,favorite,2026-08-30 01:29:48,1806
B00001827,U000258,C00061,buy,2026-08-14 13:34:48,11
B00001828,U000938,C00082,finish,2026-08-31 07:12:48,3131
B00001829,U000805,C00010,favorite,2026-08-08 21:48:48,152
B00001830,U000222,C00002,view,2026-08-20 01:05:48,2681
B00001831,U000457,C00029,finish,2026-08-15 18:50:48,1856
B00001832,U000248,C00001,buy,2026-08-10 12:32:48,2388
B00001833,U000349,C00093,view,2026-08-03 19:02:48,2206
B00001834,U000994,C00025,finish,2026-08-31 14:40:48,3078
B00001835,U000240,C00028,start_learning,2026-08-04 18:20:48,53
B00001836,U000258,C00077,favorite,2026-08-22 05:28:48,2088
B00001837,U000757,C00066,start_learning,2026-08-16 19:39:48,357
B00001838,U000207,C00058,favorite,2026-08-29 10:58:48,3064
B00001839,U000405,C00038,view,2026-08-03 15:28:48,1507
B00001840,U000940,C00019,favorite,2026-08-17 13:59:48,781
B00001841,U000413,C00040,view,2026-08-05 03:51:48,2330
B00001842,U000694,C00014,view,2026-08-07 01:32:48,1973
B00001843,U000795,C00067,buy,2026-08-02 17:04:48,2949
B00001844,U000137,C00098,buy,2026-08-14 04:04:48,1937
B00001845,U000409,C00037,favorite,2026-08-09 19:49:48,611
B00001846,U000391,C00008,start_learning,2026-08-28 23:47:48,3555
B00001847,U000311,C00100,buy,2026-08-10 12:08:48,3345
B00001848,U000386,C00041,start_learning,2026-08-28 20:13:48,1739
B00001849,U000174,C00076,buy,2026-08-24 02:41:48,1696
B00001850,U000925,C00072,start_learning,2026-08-03 10:11:48,2819
B00001851,U000310,C00087,view,2026-09-01 11:04:48,1729
B00001852,U000398,C00042,favorite,2026-08-12 11:13:48,1614
B00001853,U000568,C00044,view,2026-08-06 12:51:48,2845
B00001854,U000708,C00018,finish,2026-08-15 08:46:48,1971
B00001855,U000742,C00017,start_learning,2026-08-28 09:50:48,2735
B00001856,U000263,C00025,view,2026-08-16 07:10:48,654
B00001857,U000220,C00090,view,2026-08-26 00:08:48,744
B00001858,U000782,C00073,buy,2026-08-19 17:59:48,2626
B00001859,U000016,C00089,buy,2026-08-26 15:30:48,2641
B00001860,U000337,C00086,start_learning,2026-08-08 04:53:48,2407
B00001861,U000111,C00029,finish,2026-08-20 15:59:48,2941
B00001862,U000522,C00005,view,2026-08-05 10:57:48,711
B00001863,U000286,C00085,finish,2026-08-05 07:44:48,2132
B00001864,U000101,C00022,favorite,2026-08-06 15:23:48,984
B00001865,U000010,C00045,buy,2026-08-04 10:11:48,1454
B00001866,U000342,C00084,finish,2026-08-05 22:49:48,1904
B00001867,U000312,C00049,favorite,2026-08-12 13:49:48,2602
B00001868,U000356,C00014,favorite,2026-08-02 20:23:48,427
B00001869,U000858,C00092,start_learning,2026-08-31 13:28:48,728
B00001870,U000182,C00100,buy,2026-08-03 00:13:48,806
B00001871,U000134,C00074,finish,2026-08-05 15:40:48,1678
B00001872,U000681,C00029,favorite,2026-08-26 23:51:48,1263
B00001873,U000918,C00044,start_learning,2026-08-07 10:10:48,2415
B00001874,U000658,C00055,buy,2026-08-25 08:49:48,508
B00001875,U000615,C00032,view,2026-08-19 10:47:48,2092
B00001876,U000196,C00021,view,2026-08-29 06:03:48,786
B00001877,U000651,C00056,finish,2026-08-08 04:22:48,3326
B00001878,U000625,C00013,start_learning,2026-08-04 07:21:48,2506
B00001879,U000283,C00048,view,2026-08-09 07:17:48,2053
B00001880,U000039,C00032,buy,2026-08-05 16:10:48,3282
B00001881,U000159,C00086,view,2026-08-28 14:24:48,3119
B00001882,U000402,C00030,view,2026-08-30 16:45:48,706
B00001883,U000528,C00012,start_learning,2026-08-20 11:02:48,2871
B00001884,U000812,C00034,view,2026-08-10 06:03:48,2092
B00001885,U000904,C00093,view,2026-08-22 12:43:48,2917
B00001886,U000954,C00025,start_learning,2026-08-28 11:08:48,1636
B00001887,U000668,C00023,finish,2026-08-22 08:06:48,1271
B00001888,U000688,C00053,buy,2026-08-13 08:52:48,1121
B00001889,U000277,C00098,view,2026-08-07 16:39:48,46
B00001890,U000237,C00039,buy,2026-08-08 23:08:48,984
B00001891,U000710,C00086,view,2026-08-09 10:13:48,2947
B00001892,U000030,C00052,finish,2026-09-01 03:23:48,1238
B00001893,U000095,C00049,buy,2026-08-31 02:37:48,1973
B00001894,U000775,C00100,view,2026-08-18 13:14:48,229
B00001895,U000747,C00053,finish,2026-08-09 19:13:48,1703
B00001896,U000027,C00078,start_learning,2026-08-27 19:07:48,2604
B00001897,U000914,C00074,favorite,2026-08-28 17:27:48,1602
B00001898,U000272,C00071,finish,2026-08-28 06:12:48,25
B00001899,U000103,C00047,favorite,2026-08-10 23:25:48,3487
B00001900,U000140,C00060,view,2026-08-21 04:24:48,139
B00001901,U000199,C00032,favorite,2026-08-20 02:07:48,1573
B00001902,U000763,C00100,finish,2026-08-10 22:36:48,130
B00001903,U000383,C00032,start_learning,2026-08-03 16:00:48,1738
B00001904,U000161,C00081,favorite,2026-08-05 05:27:48,2647
B00001905,U000428,C00033,start_learning,2026-08-08 10:39:48,2209
B00001906,U000831,C00059,view,2026-08-11 19:56:48,259
B00001907,U000593,C00091,buy,2026-08-05 20:23:48,2936
B00001908,U000439,C00050,finish,2026-08-26 09:39:48,1949
B00001909,U000976,C00096,finish,2026-09-01 13:42:48,1985
B00001910,U000177,C00007,favorite,2026-08-19 01:39:48,1814
B00001911,U000793,C00037,buy,2026-08-23 23:41:48,1198
B00001912,U000120,C00011,finish,2026-08-10 01:12:48,2413
B00001913,U000989,C00065,view,2026-08-23 15:06:48,926
B00001914,U000350,C00017,start_learning,2026-08-12 05:18:48,3141
B00001915,U000527,C00053,buy,2026-08-27 02:52:48,97
B00001916,U000538,C00039,view,2026-08-09 15:38:48,2393
B00001917,U000139,C00004,favorite,2026-08-06 18:04:48,1973
B00001918,U000973,C00013,view,2026-08-14 10:26:48,1148
B00001919,U000907,C00067,buy,2026-08-11 03:13:48,103
B00001920,U000488,C00079,start_learning,2026-08-07 03:30:48,3429
B00001921,U000709,C00099,finish,2026-08-19 10:23:48,604
B00001922,U000516,C00087,finish,2026-08-15 07:02:48,2149
B00001923,U000773,C00041,view,2026-08-16 10:44:48,182
B00001924,U000247,C00061,finish,2026-08-13 19:29:48,512
B00001925,U000595,C00075,start_learning,2026-08-11 08:25:48,2945
B00001926,U000875,C00097,buy,2026-08-13 08:50:48,558
B00001927,U000613,C00076,finish,2026-08-18 04:25:48,3108
B00001928,U000994,C00029,view,2026-08-12 02:31:48,128
B00001929,U000844,C00047,view,2026-08-22 19:34:48,1982
B00001930,U000497,C00070,buy,2026-08-29 20:26:48,1976
B00001931,U000127,C00015,start_learning,2026-08-12 05:01:48,2059
B00001932,U000399,C00066,start_learning,2026-08-16 06:23:48,3522
B00001933,U000083,C00047,buy,2026-08-14 09:44:48,3378
B00001934,U000948,C00009,favorite,2026-08-30 19:28:48,327
B00001935,U000035,C00050,start_learning,2026-08-15 16:18:48,341
B00001936,U000079,C00080,buy,2026-08-27 18:24:48,2055
B00001937,U000128,C00099,buy,2026-08-07 12:33:48,290
B00001938,U000114,C00053,finish,2026-08-10 10:12:48,2510
B00001939,U000551,C00086,finish,2026-08-13 02:20:48,178
B00001940,U000401,C00063,start_learning,2026-08-27 14:58:48,2605
B00001941,U000546,C00032,favorite,2026-08-04 22:04:48,1521
B00001942,U000229,C00094,finish,2026-08-20 17:46:48,454
B00001943,U000750,C00076,finish,2026-08-29 11:18:48,284
B00001944,U000574,C00040,favorite,2026-08-31 01:52:48,2487
B00001945,U000614,C00017,view,2026-08-31 13:50:48,2766
B00001946,U000925,C00045,favorite,2026-08-26 13:58:48,823
B00001947,U000747,C00077,buy,2026-08-12 06:26:48,1875
B00001948,U000486,C00070,start_learning,2026-08-24 05:50:48,192
B00001949,U000851,C00087,start_learning,2026-08-21 19:36:48,1412
B00001950,U000506,C00005,start_learning,2026-08-03 02:12:48,3175
B00001951,U000983,C00050,buy,2026-08-28 00:19:48,3174
B00001952,U000395,C00048,view,2026-08-15 13:55:48,3419
B00001953,U000701,C00034,finish,2026-08-13 10:27:48,2808
B00001954,U000341,C00018,buy,2026-08-07 00:40:48,1923
B00001955,U000832,C00018,favorite,2026-08-07 04:34:48,1916
B00001956,U000917,C00049,finish,2026-08-14 13:11:48,984
B00001957,U000451,C00002,favorite,2026-08-30 11:02:48,2608
B00001958,U000025,C00083,finish,2026-08-03 06:24:48,957
B00001959,U000663,C00023,start_learning,2026-08-17 01:10:48,2535
B00001960,U000124,C00085,finish,2026-08-10 12:48:48,1302
B00001961,U000414,C00045,favorite,2026-08-24 16:00:48,1319
B00001962,U000469,C00073,buy,2026-08-19 22:00:48,369
B00001963,U000442,C00073,start_learning,2026-08-28 12:44:48,531
B00001964,U000674,C00068,view,2026-08-10 17:06:48,2915
B00001965,U000326,C00080,view,2026-08-05 18:02:48,987
B00001966,U000218,C00035,favorite,2026-08-13 02:51:48,2891
B00001967,U000732,C00095,view,2026-08-02 21:20:48,2788
B00001968,U000104,C00011,finish,2026-08-28 13:04:48,2671
B00001969,U000303,C00028,finish,2026-08-07 03:52:48,2056
B00001970,U000526,C00036,start_learning,2026-08-26 08:20:48,685
B00001971,U000364,C00083,view,2026-08-26 15:02:48,280
B00001972,U000797,C00008,start_learning,2026-08-25 21:33:48,1307
B00001973,U000040,C00045,view,2026-09-01 03:56:48,3418
B00001974,U000470,C00001,view,2026-08-06 19:25:48,329
B00001975,U000418,C00086,favorite,2026-08-30 04:21:48,1990
B00001976,U000508,C00087,view,2026-08-14 16:33:48,3026
B00001977,U000562,C00067,start_learning,2026-08-30 23:22:48,82
B00001978,U000444,C00026,start_learning,2026-08-11 18:55:48,2251
B00001979,U000194,C00046,start_learning,2026-08-05 20:06:48,1297
B00001980,U000913,C00038,view,2026-08-06 06:48:48,1143
B00001981,U000779,C00056,finish,2026-08-16 11:56:48,605
B00001982,U000798,C00064,start_learning,2026-08-25 00:40:48,453
B00001983,U000701,C00092,start_learning,2026-08-31 01:06:48,3055
B00001984,U000111,C00041,start_learning,2026-08-15 03:29:48,2471
B00001985,U000789,C00042,finish,2026-08-06 11:04:48,2361
B00001986,U000217,C00062,start_learning,2026-08-15 17:21:48,3460
B00001987,U000745,C00021,finish,2026-08-08 16:22:48,3233
B00001988,U000120,C00076,start_learning,2026-08-04 03:32:48,1188
B00001989,U000205,C00046,favorite,2026-08-21 03:02:48,3546
B00001990,U000956,C00010,finish,2026-08-17 11:51:48,2470
B00001991,U000982,C00020,start_learning,2026-08-23 21:19:48,2045
B00001992,U000947,C00049,buy,2026-08-03 07:13:48,3399
B00001993,U000219,C00082,view,2026-08-19 20:51:48,199
B00001994,U000212,C00056,finish,2026-08-23 13:55:48,760
B00001995,U000516,C00047,buy,2026-08-16 22:57:48,371
B00001996,U000368,C00062,start_learning,2026-08-16 23:35:48,228
B00001997,U000649,C00083,view,2026-08-06 10:57:48,2378
B00001998,U000200,C00093,favorite,2026-08-10 04:10:48,2522
B00001999,U000793,C00017,buy,2026-08-29 01:24:48,49
B00002000,U000444,C00047,view,2026-08-02 18:26:48,542
B00002001,U000529,C00052,buy,2026-08-13 19:44:48,254
B00002002,U000748,C00026,finish,2026-08-21 11:25:48,1636
B00002003,U000734,C00023,buy,2026-08-20 03:11:48,1250
B00002004,U000864,C00021,view,2026-08-13 22:13:48,3004
B00002005,U000592,C00029,buy,2026-08-13 09:37:48,1242
B00002006,U000608,C00098,finish,2026-08-12 18:24:48,2872
B00002007,U000284,C00015,buy,2026-08-11 04:00:48,3587
B00002008,U000565,C00009,buy,2026-08-19 15:28:48,3177
B00002009,U000766,C00069,start_learning,2026-08-10 21:33:48,1326
B00002010,U000740,C00027,finish,2026-08-16 18:18:48,2676
B00002011,U000361,C00046,finish,2026-08-16 15:11:48,2821
B00002012,U000597,C00041,buy,2026-08-05 00:12:48,3542
B00002013,U000199,C00045,buy,2026-08-21 17:36:48,1789
B00002014,U000265,C00068,finish,2026-08-25 11:19:48,508
B00002015,U000243,C00043,finish,2026-08-17 07:14:48,1310
B00002016,U000148,C00085,favorite,2026-08-25 23:02:48,3005
B00002017,U000590,C00081,buy,2026-08-17 23:27:48,86
B00002018,U000174,C00020,finish,2026-08-25 12:35:48,60
B00002019,U000249,C00083,view,2026-08-06 02:23:48,3322
B00002020,U000142,C00024,buy,2026-08-14 06:32:48,170
B00002021,U000798,C00094,favorite,2026-08-09 14:29:48,2983
B00002022,U000123,C00057,view,2026-08-21 02:15:48,251
B00002023,U000288,C00032,start_learning,2026-08-05 01:03:48,3582
B00002024,U000578,C00090,start_learning,2026-08-12 18:33:48,545
B00002025,U000129,C00007,view,2026-08-07 01:59:48,204
B00002026,U000122,C00063,favorite,2026-08-13 13:25:48,274
B00002027,U000090,C00078,view,2026-08-29 13:01:48,2418
B00002028,U000268,C00079,start_learning,2026-08-26 18:56:48,736
B00002029,U000494,C00084,favorite,2026-08-09 23:26:48,2021
B00002030,U000967,C00051,start_learning,2026-08-17 16:41:48,3516
B00002031,U000377,C00096,favorite,2026-08-29 16:17:48,1910
B00002032,U000676,C00036,favorite,2026-08-30 18:53:48,1222
B00002033,U000792,C00046,start_learning,2026-08-16 12:08:48,2359
B00002034,U000171,C00043,start_learning,2026-08-16 23:21:48,449
B00002035,U000611,C00076,favorite,2026-08-02 16:23:48,2868
B00002036,U000903,C00047,finish,2026-08-27 04:33:48,59
B00002037,U000229,C00001,view,2026-08-06 11:07:48,105
B00002038,U000278,C00042,finish,2026-08-24 18:15:48,3542
B00002039,U000348,C00099,buy,2026-08-15 03:56:48,2034
B00002040,U000209,C00039,start_learning,2026-08-15 19:21:48,3072
B00002041,U000283,C00053,finish,2026-08-31 22:17:48,3574
B00002042,U000557,C00097,finish,2026-08-11 02:55:48,2311
B00002043,U000624,C00034,view,2026-08-25 19:54:48,3229
B00002044,U000847,C00007,start_learning,2026-08-31 07:05:48,2839
B00002045,U000830,C00008,favorite,2026-08-29 01:08:48,1365
B00002046,U000142,C00011,view,2026-08-04 09:22:48,2088
B00002047,U000034,C00051,start_learning,2026-08-17 10:16:48,671
B00002048,U000543,C00084,view,2026-08-22 10:48:48,1946
B00002049,U000874,C00086,buy,2026-08-11 18:36:48,2809
B00002050,U000840,C00058,finish,2026-08-30 16:23:48,2942
B00002051,U000429,C00032,view,2026-08-25 19:48:48,596
B00002052,U000004,C00016,view,2026-08-12 23:12:48,1450
B00002053,U000538,C00060,favorite,2026-08-29 19:59:48,3315
B00002054,U000515,C00004,start_learning,2026-08-19 02:54:48,2510
B00002055,U000627,C00046,view,2026-08-03 00:47:48,87
B00002056,U000991,C00063,start_learning,2026-08-03 02:17:48,3268
B00002057,U000824,C00046,favorite,2026-08-21 16:42:48,1619
B00002058,U000308,C00004,view,2026-08-16 11:33:48,612
B00002059,U000970,C00012,favorite,2026-08-02 21:48:48,2340
B00002060,U000036,C00021,finish,2026-08-02 20:01:48,1552
B00002061,U000241,C00018,finish,2026-08-18 13:24:48,1910
B00002062,U000240,C00032,finish,2026-08-29 21:29:48,1019
B00002063,U000002,C00011,view,2026-09-01 13:05:48,3461
B00002064,U000902,C00046,favorite,2026-08-23 14:06:48,1949
B00002065,U000194,C00065,favorite,2026-08-03 06:02:48,2099
B00002066,U000446,C00059,favorite,2026-08-25 12:17:48,3268
B00002067,U000172,C00062,finish,2026-08-30 00:51:48,131
B00002068,U000857,C00094,view,2026-08-23 08:51:48,1117
B00002069,U000073,C00040,buy,2026-08-07 20:59:48,3450
B00002070,U000722,C00099,buy,2026-08-23 00:26:48,2542
B00002071,U000866,C00092,buy,2026-08-25 19:59:48,1731
B00002072,U000979,C00088,view,2026-08-07 12:02:48,1156
B00002073,U000557,C00043,view,2026-08-14 06:25:48,1220
B00002074,U000588,C00045,buy,2026-08-10 05:11:48,1249
B00002075,U000423,C00096,finish,2026-08-27 14:48:48,2032
B00002076,U000882,C00019,view,2026-08-18 10:49:48,1704
B00002077,U000309,C00088,view,2026-08-04 07:05:48,2422
B00002078,U000160,C00047,view,2026-08-29 00:34:48,690
B00002079,U000164,C00020,view,2026-08-26 18:18:48,242
B00002080,U000872,C00010,finish,2026-08-31 10:46:48,3131
B00002081,U000204,C00071,favorite,2026-08-19 02:13:48,1134
B00002082,U000480,C00053,finish,2026-08-21 15:19:48,978
B00002083,U000202,C00080,view,2026-08-27 17:18:48,313
B00002084,U000514,C00032,buy,2026-08-29 18:27:48,1605
B00002085,U000813,C00091,view,2026-08-26 15:03:48,235
B00002086,U000569,C00052,view,2026-08-12 16:12:48,1186
B00002087,U000317,C00070,favorite,2026-08-04 05:34:48,1747
B00002088,U000138,C00016,view,2026-08-12 02:56:48,112
B00002089,U000015,C00076,view,2026-08-31 17:52:48,3382
B00002090,U000331,C00017,finish,2026-08-13 16:04:48,1476
B00002091,U000135,C00058,buy,2026-08-07 13:02:48,3081
B00002092,U000507,C00017,finish,2026-08-13 08:25:48,2038
B00002093,U000059,C00008,favorite,2026-08-23 12:39:48,2922
B00002094,U000193,C00071,favorite,2026-08-24 04:35:48,1779
B00002095,U000038,C00005,view,2026-08-28 01:53:48,1034
B00002096,U000902,C00069,finish,2026-08-04 16:22:48,3204
B00002097,U000663,C00048,finish,2026-08-31 09:45:48,76
B00002098,U000696,C00017,favorite,2026-08-04 10:19:48,442
B00002099,U000807,C00056,buy,2026-08-14 02:04:48,273
B00002100,U000185,C00047,finish,2026-08-27 09:41:48,1898
B00002101,U000185,C00050,favorite,2026-08-14 06:45:48,2679
B00002102,U000821,C00044,favorite,2026-08-04 13:21:48,1277
B00002103,U000250,C00052,finish,2026-08-23 19:40:48,2716
B00002104,U000866,C00098,buy,2026-08-16 03:46:48,1814
B00002105,U000939,C00063,view,2026-08-11 19:42:48,2055
B00002106,U000818,C00075,view,2026-08-12 17:42:48,362
B00002107,U000807,C00017,favorite,2026-08-28 00:22:48,2529
B00002108,U000608,C00043,finish,2026-08-04 14:11:48,1266
B00002109,U000932,C00023,buy,2026-08-04 17:29:48,3464
B00002110,U000155,C00062,start_learning,2026-08-19 05:03:48,1943
B00002111,U000534,C00073,finish,2026-08-09 00:41:48,1869
B00002112,U000946,C00004,buy,2026-08-07 16:35:48,486
B00002113,U000018,C00065,start_learning,2026-08-30 11:42:48,1022
B00002114,U000676,C00068,view,2026-08-04 00:45:48,918
B00002115,U000857,C00019,view,2026-08-17 04:49:48,729
B00002116,U000988,C00100,finish,2026-08-23 01:42:48,2981
B00002117,U000374,C00072,start_learning,2026-08-17 17:36:48,3166
B00002118,U000801,C00003,view,2026-08-08 01:43:48,2136
B00002119,U000529,C00060,start_learning,2026-08-05 20:20:48,3365
B00002120,U000750,C00042,buy,2026-08-28 10:27:48,546
B00002121,U000254,C00027,start_learning,2026-08-12 06:46:48,3481
B00002122,U000404,C00079,view,2026-08-09 21:35:48,13
B00002123,U000556,C00041,favorite,2026-08-10 14:59:48,2448
B00002124,U000571,C00031,start_learning,2026-08-06 00:00:48,2028
B00002125,U000130,C00008,view,2026-08-15 11:00:48,2531
B00002126,U000016,C00011,favorite,2026-08-26 15:59:48,1262
B00002127,U000428,C00017,finish,2026-08-06 11:06:48,2803
B00002128,U000318,C00080,view,2026-08-13 08:29:48,2818
B00002129,U000944,C00005,view,2026-08-25 19:42:48,1457
B00002130,U000376,C00064,favorite,2026-08-20 19:59:48,2901
B00002131,U000621,C00009,favorite,2026-08-23 01:57:48,2080
B00002132,U000747,C00096,start_learning,2026-08-29 15:19:48,1515
B00002133,U000852,C00005,favorite,2026-08-30 18:45:48,3292
B00002134,U000795,C00018,favorite,2026-08-16 05:22:48,2343
B00002135,U000426,C00089,view,2026-08-25 08:12:48,1642
B00002136,U000465,C00071,start_learning,2026-08-13 12:14:48,3414
B00002137,U000730,C00009,favorite,2026-08-21 21:48:48,1851
B00002138,U000541,C00075,buy,2026-08-29 08:44:48,3413
B00002139,U000251,C00052,view,2026-08-11 21:56:48,431
B00002140,U000725,C00061,view,2026-08-20 12:26:48,2944
B00002141,U000695,C00053,start_learning,2026-08-18 05:28:48,2115
B00002142,U000682,C00053,buy,2026-08-25 17:53:48,1385
B00002143,U000261,C00038,favorite,2026-08-10 19:10:48,3155
B00002144,U000377,C00089,start_learning,2026-08-23 19:43:48,1443
B00002145,U000516,C00052,favorite,2026-08-09 12:35:48,1444
B00002146,U000627,C00088,finish,2026-08-31 04:20:48,2187
B00002147,U000819,C00071,start_learning,2026-08-23 22:07:48,89
B00002148,U000483,C00076,finish,2026-08-25 08:42:48,541
B00002149,U000737,C00043,finish,2026-08-29 17:30:48,1268
B00002150,U000316,C00032,buy,2026-08-07 02:12:48,1115
B00002151,U000340,C00082,start_learning,2026-08-11 22:26:48,3365
B00002152,U000498,C00064,favorite,2026-08-23 09:07:48,3179
B00002153,U000637,C00004,view,2026-08-19 03:55:48,2631
B00002154,U000596,C00095,favorite,2026-08-21 10:57:48,45
B00002155,U000946,C00018,finish,2026-08-10 09:04:48,609
B00002156,U000435,C00049,favorite,2026-08-17 21:52:48,3316
B00002157,U000505,C00075,view,2026-08-17 02:42:48,2202
B00002158,U000382,C00041,finish,2026-08-11 14:00:48,2581
B00002159,U000539,C00059,finish,2026-08-11 12:59:48,1088
B00002160,U000464,C00031,finish,2026-08-27 00:16:48,1621
B00002161,U000767,C00019,finish,2026-08-09 17:35:48,1631
B00002162,U000044,C00099,finish,2026-08-08 05:09:48,11
B00002163,U000104,C00064,favorite,2026-08-06 00:59:48,986
B00002164,U000476,C00074,start_learning,2026-08-12 13:12:48,3203
B00002165,U000418,C00050,finish,2026-08-05 04:42:48,2959
B00002166,U000786,C00063,start_learning,2026-08-25 14:37:48,1797
B00002167,U000735,C00083,favorite,2026-08-22 08:54:48,111
B00002168,U000565,C00068,finish,2026-08-18 23:55:48,632
B00002169,U000843,C00001,favorite,2026-08-13 08:18:48,1445
B00002170,U000223,C00077,favorite,2026-08-12 09:14:48,441
B00002171,U000205,C00019,start_learning,2026-08-08 09:27:48,1716
B00002172,U000072,C00078,favorite,2026-08-23 11:36:48,1073
B00002173,U000393,C00032,buy,2026-08-26 20:26:48,1482
B00002174,U000391,C00064,favorite,2026-08-13 14:11:48,2275
B00002175,U000820,C00063,finish,2026-08-04 23:22:48,1296
B00002176,U000492,C00048,finish,2026-08-13 01:28:48,1418
B00002177,U000489,C00049,buy,2026-08-05 15:50:48,3597
B00002178,U000132,C00070,start_learning,2026-08-18 08:47:48,2260
B00002179,U000024,C00034,finish,2026-08-12 17:19:48,2464
B00002180,U000983,C00088,buy,2026-08-03 07:22:48,3208
B00002181,U000943,C00004,favorite,2026-08-18 09:26:48,653
B00002182,U000739,C00094,start_learning,2026-08-05 11:27:48,3444
B00002183,U000748,C00038,finish,2026-08-19 12:56:48,685
B00002184,U000496,C00049,start_learning,2026-08-07 08:17:48,103
B00002185,U000360,C00009,buy,2026-08-03 08:51:48,2163
B00002186,U000157,C00039,start_learning,2026-08-12 15:25:48,3292
B00002187,U000660,C00054,finish,2026-08-17 01:33:48,1977
B00002188,U000071,C00023,view,2026-08-05 21:22:48,2119
B00002189,U000224,C00027,favorite,2026-08-25 17:37:48,831
B00002190,U000789,C00061,favorite,2026-08-31 01:01:48,2266
B00002191,U000719,C00007,favorite,2026-08-28 18:00:48,1739
B00002192,U000802,C00059,view,2026-08-25 19:48:48,1945
B00002193,U000739,C00083,favorite,2026-08-07 23:01:48,2981
B00002194,U000528,C00029,buy,2026-08-12 08:19:48,1241
B00002195,U000334,C00065,finish,2026-08-10 23:40:48,1961
B00002196,U000086,C00097,finish,2026-08-12 11:23:48,1219
B00002197,U000796,C00041,start_learning,2026-08-05 15:43:48,1218
B00002198,U000240,C00033,buy,2026-08-09 03:36:48,3125
B00002199,U000307,C00016,start_learning,2026-08-16 17:08:48,724
B00002200,U000696,C00068,buy,2026-08-29 22:43:48,380
B00002201,U000887,C00044,buy,2026-08-02 23:50:48,2393
B00002202,U000538,C00059,finish,2026-08-06 12:36:48,140
B00002203,U000275,C00051,start_learning,2026-08-18 21:11:48,1043
B00002204,U000584,C00090,favorite,2026-08-22 08:21:48,3089
B00002205,U000731,C00040,view,2026-08-09 22:50:48,2927
B00002206,U000889,C00079,buy,2026-08-21 06:36:48,2267
B00002207,U000298,C00050,start_learning,2026-08-26 20:14:48,2739
B00002208,U000093,C00018,finish,2026-08-21 14:34:48,22
B00002209,U000545,C00075,favorite,2026-08-25 03:50:48,3399
B00002210,U000923,C00083,buy,2026-08-03 12:04:48,1253
B00002211,U000239,C00033,buy,2026-08-07 19:12:48,825
B00002212,U000145,C00077,view,2026-08-13 13:13:48,467
B00002213,U000710,C00088,buy,2026-08-26 07:55:48,2250
B00002214,U000245,C00016,favorite,2026-08-15 01:49:48,2866
B00002215,U000572,C00032,start_learning,2026-08-10 20:11:48,1053
B00002216,U000223,C00084,finish,2026-08-24 08:11:48,2372
B00002217,U000370,C00047,buy,2026-08-16 07:01:48,2258
B00002218,U000659,C00012,favorite,2026-08-17 19:59:48,2524
B00002219,U000122,C00033,favorite,2026-08-31 06:12:48,1822
B00002220,U000896,C00008,favorite,2026-08-03 10:16:48,1114
B00002221,U000111,C00018,finish,2026-08-16 11:26:48,1368
B00002222,U000472,C00005,start_learning,2026-08-26 23:51:48,1752
B00002223,U000107,C00098,buy,2026-08-27 00:13:48,1697
B00002224,U000695,C00017,favorite,2026-08-28 13:12:48,140
B00002225,U000579,C00036,finish,2026-08-14 11:05:48,479
B00002226,U000608,C00013,favorite,2026-08-05 23:25:48,2719
B00002227,U000230,C00095,finish,2026-08-21 22:32:48,3204
B00002228,U000471,C00079,buy,2026-08-16 11:35:48,3027
B00002229,U000316,C00099,view,2026-08-06 05:58:48,808
B00002230,U000554,C00004,view,2026-08-21 03:38:48,497
B00002231,U000313,C00091,finish,2026-08-05 16:56:48,1058
B00002232,U000845,C00076,favorite,2026-08-04 18:11:48,110
B00002233,U000052,C00091,finish,2026-08-15 15:18:48,3174
B00002234,U000958,C00063,favorite,2026-08-08 22:13:48,2523
B00002235,U000254,C00052,start_learning,2026-08-06 07:23:48,1590
B00002236,U000042,C00004,start_learning,2026-08-07 07:10:48,2226
B00002237,U000186,C00039,favorite,2026-08-22 02:27:48,1328
B00002238,U000234,C00009,start_learning,2026-08-17 11:49:48,1315
B00002239,U000412,C00083,finish,2026-08-23 08:42:48,2769
B00002240,U000329,C00061,start_learning,2026-08-16 07:41:48,2142
B00002241,U000804,C00082,view,2026-08-27 21:42:48,619
B00002242,U000052,C00004,favorite,2026-08-24 06:03:48,1896
B00002243,U000474,C00017,buy,2026-08-10 01:16:48,3110
B00002244,U000139,C00043,start_learning,2026-08-16 02:45:48,2228
B00002245,U000717,C00068,buy,2026-08-23 13:02:48,2351
B00002246,U000337,C00037,favorite,2026-08-26 21:17:48,2629
B00002247,U000114,C00052,buy,2026-08-31 10:00:48,2285
B00002248,U000435,C00086,finish,2026-08-18 21:51:48,75
B00002249,U000154,C00055,view,2026-08-15 15:29:48,2224
B00002250,U000421,C00006,finish,2026-08-08 10:27:48,1512
B00002251,U000979,C00028,buy,2026-08-28 08:52:48,1183
B00002252,U000259,C00030,view,2026-08-03 19:46:48,2385
B00002253,U000799,C00045,favorite,2026-08-19 05:07:48,2447
B00002254,U000298,C00085,finish,2026-08-23 23:19:48,272
B00002255,U000782,C00068,start_learning,2026-08-24 06:47:48,2833
B00002256,U000696,C00085,finish,2026-08-25 12:46:48,3542
B00002257,U000969,C00024,finish,2026-08-03 17:18:48,1753
B00002258,U000822,C00067,start_learning,2026-08-24 22:17:48,2768
B00002259,U000794,C00012,view,2026-08-21 22:27:48,972
B00002260,U000545,C00066,view,2026-08-09 05:03:48,931
B00002261,U000473,C00050,view,2026-08-20 18:14:48,1910
B00002262,U000826,C00014,start_learning,2026-08-19 17:05:48,1563
B00002263,U000139,C00011,start_learning,2026-08-20 23:35:48,2600
B00002264,U000590,C00013,finish,2026-08-13 02:52:48,2030
B00002265,U000614,C00064,favorite,2026-08-05 07:21:48,475
B00002266,U000504,C00040,favorite,2026-08-24 02:10:48,3303
B00002267,U000784,C00100,start_learning,2026-08-15 01:37:48,3496
B00002268,U000189,C00009,favorite,2026-08-07 20:09:48,1036
B00002269,U000047,C00004,start_learning,2026-08-04 00:41:48,537
B00002270,U000209,C00073,start_learning,2026-08-11 14:03:48,2313
B00002271,U000277,C00024,start_learning,2026-08-06 20:28:48,1873
B00002272,U000708,C00001,finish,2026-08-08 13:38:48,1061
B00002273,U000185,C00016,view,2026-08-25 08:18:48,2661
B00002274,U000819,C00062,finish,2026-08-14 19:35:48,3163
B00002275,U000849,C00013,start_learning,2026-08-26 00:52:48,368
B00002276,U000229,C00043,view,2026-08-28 08:36:48,3474
B00002277,U000969,C00001,finish,2026-08-30 06:38:48,3580
B00002278,U000302,C00054,favorite,2026-08-14 17:10:48,3430
B00002279,U000135,C00059,favorite,2026-08-15 00:44:48,1588
B00002280,U000842,C00003,favorite,2026-08-29 06:59:48,3142
B00002281,U000732,C00005,finish,2026-08-16 15:19:48,2016
B00002282,U000271,C00028,finish,2026-08-25 08:52:48,2736
B00002283,U000604,C00063,buy,2026-08-14 17:22:48,2632
B00002284,U000765,C00093,start_learning,2026-08-05 17:29:48,2637
B00002285,U000818,C00079,favorite,2026-09-01 14:46:48,3277
B00002286,U000383,C00011,finish,2026-08-10 12:12:48,2136
B00002287,U000973,C00011,buy,2026-08-20 01:11:48,1373
B00002288,U000812,C00073,start_learning,2026-08-09 00:58:48,918
B00002289,U000816,C00019,buy,2026-08-21 16:17:48,1972
B00002290,U000436,C00036,view,2026-08-26 03:30:48,791
B00002291,U000673,C00026,view,2026-08-04 02:43:48,2039
B00002292,U000654,C00068,start_learning,2026-08-04 04:53:48,1525
B00002293,U000736,C00094,view,2026-08-07 23:46:48,346
B00002294,U000706,C00090,start_learning,2026-08-18 13:54:48,1145
B00002295,U000661,C00063,favorite,2026-08-05 19:11:48,1565
B00002296,U000334,C00034,start_learning,2026-08-25 07:19:48,914
B00002297,U000174,C00015,finish,2026-08-25 06:20:48,3099
B00002298,U000326,C00008,favorite,2026-08-29 14:42:48,3555
B00002299,U000021,C00034,view,2026-08-05 03:58:48,1377
B00002300,U000751,C00086,start_learning,2026-08-08 14:27:48,3522
B00002301,U000154,C00084,finish,2026-08-27 03:16:48,1657
B00002302,U000898,C00024,buy,2026-08-02 23:12:48,209
B00002303,U000195,C00008,buy,2026-08-04 22:48:48,2438
B00002304,U000319,C00068,view,2026-08-13 23:35:48,841
B00002305,U000032,C00095,view,2026-08-21 18:46:48,2814
B00002306,U000816,C00088,favorite,2026-08-28 05:56:48,2693
B00002307,U000613,C00095,buy,2026-08-20 15:07:48,2556
B00002308,U000395,C00095,buy,2026-08-24 06:38:48,3006
B00002309,U000641,C00059,buy,2026-08-10 12:36:48,3180
B00002310,U000063,C00060,favorite,2026-08-29 01:46:48,3065
B00002311,U000551,C00049,view,2026-08-06 11:23:48,2405
B00002312,U000858,C00004,view,2026-08-05 18:51:48,2650
B00002313,U000273,C00060,favorite,2026-08-11 16:13:48,1579
B00002314,U000694,C00016,view,2026-08-04 14:16:48,826
B00002315,U000120,C00025,favorite,2026-08-05 00:55:48,847
B00002316,U000184,C00052,favorite,2026-08-02 17:30:48,1713
B00002317,U000455,C00073,view,2026-08-21 22:44:48,137
B00002318,U000684,C00051,buy,2026-08-24 06:44:48,2018
B00002319,U000652,C00071,view,2026-08-20 06:22:48,2327
B00002320,U000615,C00040,start_learning,2026-08-21 15:20:48,3150
B00002321,U000586,C00027,finish,2026-08-28 13:15:48,2451
B00002322,U000427,C00094,favorite,2026-08-24 00:34:48,2136
B00002323,U000369,C00028,favorite,2026-08-10 23:05:48,43
B00002324,U000709,C00013,favorite,2026-08-05 09:55:48,1634
B00002325,U000536,C00002,favorite,2026-08-17 17:13:48,1069
B00002326,U000197,C00049,view,2026-08-10 14:32:48,959
B00002327,U000036,C00009,favorite,2026-08-07 00:05:48,1766
B00002328,U000698,C00045,buy,2026-08-25 13:05:48,411
B00002329,U000791,C00002,finish,2026-08-25 00:30:48,1597
B00002330,U000736,C00046,finish,2026-08-08 08:07:48,2722
B00002331,U000311,C00086,start_learning,2026-08-26 08:19:48,2442
B00002332,U000027,C00006,view,2026-08-10 05:22:48,1112
B00002333,U000734,C00021,favorite,2026-09-01 11:10:48,229
B00002334,U000556,C00040,view,2026-08-04 09:31:48,1278
B00002335,U000238,C00075,view,2026-08-11 20:13:48,2715
B00002336,U000946,C00046,favorite,2026-08-22 15:05:48,2738
B00002337,U000529,C00044,view,2026-08-06 13:10:48,1736
B00002338,U000449,C00091,view,2026-08-06 13:54:48,1897
B00002339,U000891,C00030,view,2026-08-20 13:38:48,1262
B00002340,U000779,C00039,buy,2026-08-23 07:41:48,2257
B00002341,U000239,C00027,view,2026-08-11 10:47:48,2975
B00002342,U000572,C00010,favorite,2026-08-02 15:58:48,739
B00002343,U000812,C00016,view,2026-08-28 01:25:48,3226
B00002344,U000769,C00044,view,2026-08-22 15:42:48,695
B00002345,U000776,C00055,buy,2026-08-20 20:55:48,28
B00002346,U000848,C00087,finish,2026-08-30 18:00:48,1449
B00002347,U000742,C00003,buy,2026-08-10 18:31:48,1328
B00002348,U000238,C00012,start_learning,2026-08-06 02:54:48,2091
B00002349,U000990,C00091,view,2026-08-08 01:03:48,1134
B00002350,U000216,C00010,buy,2026-08-25 04:55:48,3450
B00002351,U000515,C00051,finish,2026-08-31 15:41:48,1483
B00002352,U000875,C00007,finish,2026-08-29 04:48:48,1645
B00002353,U000748,C00008,finish,2026-08-06 16:13:48,3248
B00002354,U000916,C00065,buy,2026-08-16 07:09:48,342
B00002355,U000793,C00011,view,2026-08-10 07:26:48,1145
B00002356,U000293,C00026,start_learning,2026-08-06 14:03:48,1957
B00002357,U000523,C00054,view,2026-08-06 05:52:48,3019
B00002358,U000702,C00045,start_learning,2026-08-14 22:34:48,2323
B00002359,U000921,C00051,finish,2026-08-17 00:29:48,1285
B00002360,U000656,C00091,buy,2026-08-31 21:46:48,2874
B00002361,U000147,C00047,finish,2026-08-18 15:44:48,1006
B00002362,U000583,C00096,buy,2026-08-10 20:06:48,3514
B00002363,U000087,C00007,finish,2026-08-18 22:26:48,480
B00002364,U000915,C00045,buy,2026-08-18 11:06:48,2409
B00002365,U000796,C00094,favorite,2026-09-01 13:00:48,3159
B00002366,U000659,C00050,view,2026-08-29 11:45:48,978
B00002367,U000340,C00020,favorite,2026-08-14 00:48:48,228
B00002368,U000140,C00002,favorite,2026-08-10 15:46:48,1897
B00002369,U000283,C00028,buy,2026-08-03 01:26:48,282
B00002370,U000490,C00028,finish,2026-08-04 16:48:48,3099
B00002371,U000252,C00054,finish,2026-08-09 18:50:48,636
B00002372,U000673,C00062,start_learning,2026-08-19 23:44:48,2505
B00002373,U000694,C00023,finish,2026-08-08 12:50:48,1826
B00002374,U000567,C00020,start_learning,2026-08-09 07:03:48,537
B00002375,U000442,C00004,favorite,2026-08-25 10:35:48,1471
B00002376,U000681,C00018,start_learning,2026-08-04 05:45:48,3311
B00002377,U000501,C00019,view,2026-08-23 12:43:48,412
B00002378,U000372,C00037,buy,2026-08-23 21:46:48,298
B00002379,U000044,C00006,finish,2026-08-24 14:11:48,592
B00002380,U000815,C00019,finish,2026-08-29 12:20:48,1976
B00002381,U000283,C00091,favorite,2026-08-09 06:09:48,761
B00002382,U000945,C00074,start_learning,2026-08-03 18:45:48,2114
B00002383,U000866,C00093,view,2026-08-20 20:47:48,1802
B00002384,U000891,C00075,finish,2026-08-12 08:08:48,1723
B00002385,U000205,C00094,start_learning,2026-08-22 20:44:48,2698
B00002386,U000813,C00028,favorite,2026-08-31 04:30:48,2643
B00002387,U000507,C00075,start_learning,2026-08-07 18:39:48,1719
B00002388,U000349,C00039,start_learning,2026-08-06 20:48:48,1810
B00002389,U000909,C00018,view,2026-08-31 03:58:48,2400
B00002390,U000184,C00087,buy,2026-08-22 01:58:48,2510
B00002391,U000850,C00016,view,2026-08-12 10:13:48,3355
B00002392,U000301,C00048,finish,2026-08-30 20:18:48,3245
B00002393,U000156,C00055,buy,2026-08-20 21:37:48,3173
B00002394,U000746,C00069,view,2026-08-29 21:05:48,3409
B00002395,U000307,C00005,start_learning,2026-08-08 22:57:48,1315
B00002396,U000155,C00063,favorite,2026-08-12 02:59:48,3529
B00002397,U000088,C00100,view,2026-08-10 10:52:48,3434
B00002398,U000834,C00063,favorite,2026-08-15 05:09:48,1868
B00002399,U000185,C00021,favorite,2026-08-04 02:20:48,1797
B00002400,U000087,C00088,favorite,2026-08-14 14:34:48,560
B00002401,U000401,C00070,start_learning,2026-08-12 17:53:48,3232
B00002402,U000755,C00046,finish,2026-08-20 20:28:48,3213
B00002403,U000425,C00012,buy,2026-08-07 23:01:48,1964
B00002404,U000805,C00034,favorite,2026-08-24 02:46:48,2177
B00002405,U000309,C00093,buy,2026-08-09 19:58:48,538
B00002406,U000854,C00013,buy,2026-08-17 14:57:48,3280
B00002407,U000196,C00077,finish,2026-08-30 03:16:48,240
B00002408,U000672,C00064,buy,2026-09-01 09:06:48,668
B00002409,U000766,C00015,start_learning,2026-08-17 11:54:48,3442
B00002410,U000549,C00050,buy,2026-08-12 07:02:48,1093
B00002411,U000289,C00009,view,2026-08-13 06:00:48,2177
B00002412,U000055,C00068,view,2026-08-31 23:29:48,1067
B00002413,U000555,C00006,finish,2026-08-24 08:29:48,1165
B00002414,U000465,C00023,start_learning,2026-08-13 01:52:48,1560
B00002415,U000852,C00004,buy,2026-08-09 06:39:48,1876
B00002416,U000012,C00082,favorite,2026-08-17 05:09:48,3538
B00002417,U000893,C00084,finish,2026-08-03 17:58:48,2693
B00002418,U000829,C00100,view,2026-08-17 05:13:48,720
B00002419,U000208,C00021,favorite,2026-08-17 01:55:48,1319
B00002420,U000517,C00015,favorite,2026-08-12 14:46:48,271
B00002421,U000664,C00055,view,2026-08-12 06:42:48,2338
B00002422,U000317,C00074,buy,2026-08-23 14:52:48,251
B00002423,U000628,C00048,start_learning,2026-08-23 19:01:48,2189
B00002424,U000633,C00015,finish,2026-08-15 16:40:48,2271
B00002425,U000833,C00063,favorite,2026-08-09 11:41:48,2866
B00002426,U000598,C00068,start_learning,2026-08-28 15:28:48,76
B00002427,U000067,C00065,finish,2026-08-24 06:09:48,2338
B00002428,U000536,C00092,start_learning,2026-08-20 13:29:48,1012
B00002429,U000360,C00055,start_learning,2026-08-23 01:14:48,2207
B00002430,U000883,C00056,buy,2026-08-11 22:28:48,2202
B00002431,U000706,C00091,view,2026-08-31 02:36:48,2827
B00002432,U000395,C00087,view,2026-09-01 02:08:48,3587
B00002433,U000927,C00030,start_learning,2026-08-28 14:06:48,1062
B00002434,U000563,C00042,buy,2026-08-31 16:22:48,568
B00002435,U000886,C00090,buy,2026-08-14 06:35:48,3217
B00002436,U000407,C00034,finish,2026-08-03 20:32:48,2879
B00002437,U000337,C00020,finish,2026-08-08 07:03:48,3293
B00002438,U000849,C00043,start_learning,2026-08-31 04:20:48,1583
B00002439,U000901,C00093,finish,2026-08-23 10:34:48,450
B00002440,U000202,C00093,start_learning,2026-08-08 05:20:48,2047
B00002441,U000020,C00033,start_learning,2026-08-17 10:12:48,2059
B00002442,U000428,C00033,buy,2026-08-17 03:12:48,2885
B00002443,U000637,C00088,buy,2026-08-08 02:56:48,2371
B00002444,U000978,C00061,view,2026-08-13 23:56:48,3377
B00002445,U000513,C00063,view,2026-08-08 22:13:48,956
B00002446,U000991,C00025,start_learning,2026-08-18 03:22:48,2705
B00002447,U000353,C00033,buy,2026-08-14 03:32:48,2708
B00002448,U000183,C00041,buy,2026-08-13 06:00:48,391
B00002449,U000266,C00019,start_learning,2026-08-22 19:09:48,676
B00002450,U000053,C00037,finish,2026-08-07 19:47:48,1830
B00002451,U000215,C00016,start_learning,2026-08-20 01:29:48,1716
B00002452,U000836,C00024,buy,2026-08-13 04:48:48,346
B00002453,U000402,C00021,start_learning,2026-08-18 10:38:48,1984
B00002454,U000603,C00097,start_learning,2026-08-19 16:21:48,2764
B00002455,U000999,C00086,start_learning,2026-08-17 21:37:48,2894
B00002456,U000955,C00074,favorite,2026-09-01 05:33:48,1626
B00002457,U000827,C00044,buy,2026-08-28 17:56:48,2172
B00002458,U000031,C00079,finish,2026-08-13 13:57:48,1072
B00002459,U000399,C00087,favorite,2026-08-26 11:01:48,1271
B00002460,U000329,C00009,view,2026-08-16 08:20:48,1487
B00002461,U000211,C00037,favorite,2026-08-30 04:59:48,2777
B00002462,U000708,C00067,favorite,2026-08-04 11:59:48,2937
B00002463,U000579,C00063,buy,2026-08-16 04:49:48,1357
B00002464,U000752,C00016,favorite,2026-08-29 02:52:48,357
B00002465,U000024,C00026,view,2026-08-21 18:24:48,1858
B00002466,U000748,C00095,buy,2026-08-15 15:52:48,2180
B00002467,U000085,C00078,view,2026-09-01 05:05:48,3379
B00002468,U000708,C00099,favorite,2026-08-20 23:34:48,1650
B00002469,U000846,C00072,favorite,2026-08-24 10:02:48,2085
B00002470,U000600,C00060,finish,2026-08-11 22:15:48,1843
B00002471,U000588,C00098,view,2026-08-27 09:44:48,139
B00002472,U000719,C00070,finish,2026-08-08 14:04:48,1235
B00002473,U000507,C00032,start_learning,2026-08-13 19:49:48,442
B00002474,U000835,C00052,buy,2026-08-08 00:08:48,1246
B00002475,U000500,C00034,favorite,2026-08-23 02:16:48,1140
B00002476,U000032,C00094,view,2026-08-12 11:50:48,3144
B00002477,U000043,C00048,favorite,2026-08-21 14:33:48,2206
B00002478,U000560,C00075,finish,2026-08-03 03:28:48,1431
B00002479,U000170,C00076,favorite,2026-08-14 02:27:48,3036
B00002480,U000246,C00100,finish,2026-08-05 20:00:48,137
B00002481,U000014,C00039,view,2026-08-10 18:51:48,1113
B00002482,U000379,C00019,buy,2026-08-31 22:48:48,1689
B00002483,U000365,C00031,finish,2026-08-07 09:47:48,275
B00002484,U000124,C00013,start_learning,2026-08-21 15:10:48,936
B00002485,U000724,C00068,favorite,2026-08-30 00:05:48,2777
B00002486,U000211,C00039,buy,2026-08-31 06:47:48,2970
B00002487,U000169,C00036,start_learning,2026-08-16 03:13:48,1369
B00002488,U000084,C00065,start_learning,2026-08-07 09:01:48,3092
B00002489,U000709,C00070,start_learning,2026-08-27 07:32:48,3575
B00002490,U000075,C00025,start_learning,2026-08-23 17:43:48,2363
B00002491,U000581,C00027,finish,2026-08-08 08:13:48,51
B00002492,U000875,C00020,buy,2026-08-28 01:20:48,737
B00002493,U000924,C00084,start_learning,2026-08-12 15:50:48,2016
B00002494,U000515,C00090,start_learning,2026-08-05 05:38:48,3416
B00002495,U000357,C00079,favorite,2026-08-30 13:14:48,3263
B00002496,U000477,C00012,finish,2026-08-23 10:03:48,2345
B00002497,U000002,C00088,finish,2026-08-25 11:13:48,1121
B00002498,U000050,C00001,start_learning,2026-08-15 05:56:48,3139
B00002499,U000162,C00029,view,2026-08-12 10:30:48,2026
B00002500,U000787,C00096,buy,2026-08-07 01:27:48,1373
B00002501,U000013,C00089,view,2026-08-12 14:59:48,3391
B00002502,U000494,C00086,start_learning,2026-08-20 09:49:48,1327
B00002503,U000050,C00078,view,2026-08-07 09:47:48,656
B00002504,U000290,C00023,view,2026-08-09 01:30:48,1176
B00002505,U000325,C00075,finish,2026-08-05 07:25:48,1216
B00002506,U000969,C00039,buy,2026-08-08 06:13:48,1784
B00002507,U000609,C00070,favorite,2026-08-10 10:20:48,349
B00002508,U000592,C00091,view,2026-08-21 03:12:48,1525
B00002509,U000919,C00003,buy,2026-08-17 14:38:48,3569
B00002510,U000418,C00043,start_learning,2026-08-21 05:27:48,2045
B00002511,U000450,C00024,buy,2026-08-03 10:42:48,3592
B00002512,U000796,C00020,start_learning,2026-08-19 07:50:48,3362
B00002513,U000341,C00047,start_learning,2026-08-27 04:06:48,2670
B00002514,U000055,C00070,view,2026-08-26 11:47:48,339
B00002515,U000990,C00042,view,2026-08-18 08:17:48,719
B00002516,U000440,C00073,start_learning,2026-08-02 23:37:48,1105
B00002517,U000553,C00027,buy,2026-08-03 10:02:48,2805
B00002518,U000322,C00063,start_learning,2026-09-01 02:55:48,795
B00002519,U000932,C00051,view,2026-08-08 09:36:48,3457
B00002520,U000333,C00072,buy,2026-08-27 09:28:48,2634
B00002521,U000052,C00025,finish,2026-08-19 21:30:48,1750
B00002522,U000276,C00045,finish,2026-08-06 19:49:48,3041
B00002523,U000087,C00024,favorite,2026-08-31 11:48:48,2158
B00002524,U000469,C00016,finish,2026-08-13 07:45:48,2757
B00002525,U000114,C00053,finish,2026-08-23 01:47:48,3146
B00002526,U000934,C00055,favorite,2026-08-29 05:34:48,2935
B00002527,U000056,C00011,view,2026-08-07 01:13:48,2494
B00002528,U000362,C00039,view,2026-09-01 09:38:48,1394
B00002529,U000194,C00032,favorite,2026-08-05 13:09:48,3319
B00002530,U000862,C00090,start_learning,2026-08-06 17:31:48,1077
B00002531,U000044,C00007,start_learning,2026-08-19 15:28:48,2611
B00002532,U000974,C00032,finish,2026-08-03 22:20:48,2810
B00002533,U000337,C00072,finish,2026-08-27 07:16:48,1833
B00002534,U000411,C00010,start_learning,2026-08-04 00:17:48,2605
B00002535,U000446,C00014,favorite,2026-08-29 13:06:48,1134
B00002536,U000667,C00028,view,2026-08-17 04:16:48,474
B00002537,U000199,C00052,buy,2026-08-27 22:53:48,2233
B00002538,U000177,C00082,favorite,2026-08-19 03:28:48,1009
B00002539,U000333,C00085,view,2026-08-20 16:05:48,2149
B00002540,U000176,C00034,favorite,2026-08-24 01:10:48,835
B00002541,U000308,C00042,start_learning,2026-08-25 17:06:48,2578
B00002542,U000331,C00079,finish,2026-08-28 12:17:48,2213
B00002543,U000009,C00091,finish,2026-08-09 18:34:48,429
B00002544,U000339,C00093,favorite,2026-08-02 20:09:48,729
B00002545,U000816,C00094,buy,2026-08-04 17:09:48,696
B00002546,U000719,C00088,finish,2026-08-09 17:54:48,3230
B00002547,U000416,C00041,view,2026-08-02 15:13:48,1774
B00002548,U000692,C00022,buy,2026-08-29 07:09:48,1251
B00002549,U000525,C00085,view,2026-08-31 20:17:48,41
B00002550,U000339,C00051,view,2026-08-17 16:46:48,2675
B00002551,U000174,C00018,favorite,2026-08-30 18:56:48,2625
B00002552,U000644,C00010,finish,2026-08-29 08:11:48,2859
B00002553,U000607,C00046,favorite,2026-08-25 15:00:48,1493
B00002554,U000954,C00078,start_learning,2026-08-14 09:23:48,2819
B00002555,U000834,C00047,view,2026-08-07 00:44:48,1302
B00002556,U000917,C00059,view,2026-08-20 11:14:48,3521
B00002557,U000423,C00040,view,2026-08-17 18:42:48,1024
B00002558,U000485,C00037,favorite,2026-08-20 18:24:48,1790
B00002559,U000747,C00099,view,2026-08-08 18:55:48,2258
B00002560,U000359,C00012,favorite,2026-08-30 20:18:48,2934
B00002561,U000574,C00022,start_learning,2026-08-29 09:25:48,823
B00002562,U000053,C00095,buy,2026-08-22 04:33:48,3105
B00002563,U000748,C00027,start_learning,2026-08-25 02:38:48,735
B00002564,U000120,C00027,start_learning,2026-08-30 04:39:48,1036
B00002565,U000276,C00015,favorite,2026-08-29 12:10:48,3067
B00002566,U000013,C00041,finish,2026-08-27 03:38:48,3405
B00002567,U000987,C00033,buy,2026-08-07 02:30:48,3599
B00002568,U000706,C00093,view,2026-08-15 04:40:48,2014
B00002569,U000723,C00019,buy,2026-08-18 13:03:48,1090
B00002570,U000888,C00048,view,2026-08-15 19:00:48,956
B00002571,U000974,C00026,start_learning,2026-08-10 16:58:48,3441
B00002572,U000518,C00032,view,2026-08-31 06:00:48,737
B00002573,U000057,C00088,view,2026-08-30 00:16:48,398
B00002574,U000953,C00035,buy,2026-08-14 03:09:48,616
B00002575,U000577,C00092,favorite,2026-08-23 14:13:48,3588
B00002576,U000425,C00064,finish,2026-08-08 00:22:48,2709
B00002577,U000402,C00066,finish,2026-08-21 22:04:48,464
B00002578,U000116,C00026,finish,2026-08-13 15:53:48,2520
B00002579,U000596,C00033,view,2026-09-01 04:12:48,2469
B00002580,U000166,C00087,favorite,2026-08-08 08:00:48,1681
B00002581,U000195,C00085,start_learning,2026-08-07 06:42:48,1379
B00002582,U000060,C00048,finish,2026-08-19 01:40:48,1937
B00002583,U000592,C00063,view,2026-08-07 10:39:48,1001
B00002584,U000899,C00003,finish,2026-08-10 08:42:48,1014
B00002585,U000641,C00001,view,2026-08-17 22:09:48,2384
B00002586,U000895,C00044,favorite,2026-08-08 02:26:48,788
B00002587,U000114,C00003,finish,2026-08-23 10:07:48,3061
B00002588,U000616,C00054,finish,2026-08-13 09:23:48,2658
B00002589,U000138,C00064,buy,2026-08-04 04:18:48,894
B00002590,U000730,C00071,finish,2026-08-18 21:16:48,69
B00002591,U000228,C00069,view,2026-08-28 08:58:48,1341
B00002592,U000850,C00013,start_learning,2026-08-16 08:26:48,1063
B00002593,U000368,C00056,finish,2026-08-13 17:52:48,1087
B00002594,U000998,C00056,finish,2026-08-23 07:16:48,2155
B00002595,U000512,C00006,favorite,2026-08-09 12:33:48,271
B00002596,U000312,C00097,finish,2026-08-17 21:59:48,1217
B00002597,U000604,C00056,start_learning,2026-08-11 08:47:48,1951
B00002598,U000757,C00048,finish,2026-08-16 13:03:48,983
B00002599,U000152,C00028,start_learning,2026-08-16 10:44:48,1228
B00002600,U000024,C00095,start_learning,2026-08-16 18:17:48,2565
B00002601,U000823,C00062,view,2026-08-08 08:58:48,2024
B00002602,U000337,C00097,start_learning,2026-08-28 15:13:48,3542
B00002603,U000336,C00062,buy,2026-08-09 13:30:48,2659
B00002604,U000872,C00002,buy,2026-08-07 06:27:48,2230
B00002605,U000833,C00028,view,2026-08-28 08:34:48,464
B00002606,U000305,C00025,favorite,2026-08-08 10:55:48,370
B00002607,U000164,C00042,start_learning,2026-09-01 12:29:48,2196
B00002608,U000230,C00079,finish,2026-08-24 02:22:48,3580
B00002609,U000910,C00087,finish,2026-08-03 02:47:48,1928
B00002610,U000620,C00058,finish,2026-08-17 00:10:48,740
B00002611,U000682,C00004,favorite,2026-08-18 08:27:48,473
B00002612,U000022,C00039,start_learning,2026-08-18 22:17:48,2565
B00002613,U000591,C00022,start_learning,2026-08-21 13:53:48,1978
B00002614,U000252,C00065,buy,2026-08-19 19:45:48,435
B00002615,U000588,C00067,buy,2026-08-17 23:05:48,2582
B00002616,U000638,C00041,finish,2026-08-25 18:48:48,2685
B00002617,U000633,C00043,view,2026-08-07 03:09:48,2008
B00002618,U000617,C00033,view,2026-08-10 10:31:48,3113
B00002619,U000008,C00026,favorite,2026-08-24 08:15:48,1516
B00002620,U000933,C00076,favorite,2026-08-27 01:15:48,1570
B00002621,U000908,C00029,finish,2026-09-01 04:00:48,1361
B00002622,U000734,C00048,favorite,2026-08-04 01:40:48,2430
B00002623,U000162,C00054,view,2026-08-30 10:23:48,2080
B00002624,U000115,C00014,finish,2026-08-07 18:54:48,3486
B00002625,U000170,C00093,start_learning,2026-08-13 02:02:48,1427
B00002626,U000374,C00036,buy,2026-08-20 03:34:48,903
B00002627,U000167,C00092,finish,2026-08-06 19:15:48,2288
B00002628,U000510,C00026,buy,2026-08-16 22:30:48,2359
B00002629,U000699,C00069,finish,2026-08-29 20:03:48,151
B00002630,U000091,C00079,view,2026-08-27 17:01:48,3360
B00002631,U000467,C00004,buy,2026-08-21 03:30:48,198
B00002632,U000439,C00013,finish,2026-08-04 13:26:48,1246
B00002633,U000567,C00053,finish,2026-08-11 12:23:48,3415
B00002634,U000240,C00100,buy,2026-08-09 23:33:48,2785
B00002635,U000825,C00049,start_learning,2026-08-03 22:21:48,283
B00002636,U000278,C00017,favorite,2026-08-24 16:20:48,3455
B00002637,U000149,C00008,start_learning,2026-08-04 12:44:48,1082
B00002638,U000985,C00070,start_learning,2026-08-26 12:31:48,3389
B00002639,U000119,C00045,view,2026-08-24 11:38:48,443
B00002640,U000150,C00071,view,2026-08-23 04:22:48,281
B00002641,U000615,C00085,start_learning,2026-08-30 10:18:48,1569
B00002642,U000422,C00056,view,2026-08-04 13:45:48,165
B00002643,U000056,C00061,finish,2026-08-20 09:00:48,3596
B00002644,U000945,C00035,start_learning,2026-08-25 16:48:48,252
B00002645,U000664,C00016,start_learning,2026-08-18 17:51:48,506
B00002646,U000681,C00060,start_learning,2026-08-07 18:47:48,2093
B00002647,U000734,C00051,buy,2026-08-23 05:12:48,2869
B00002648,U000788,C00007,favorite,2026-08-07 06:40:48,600
B00002649,U000780,C00089,finish,2026-08-15 02:48:48,2845
B00002650,U000929,C00049,start_learning,2026-08-27 12:49:48,2589
B00002651,U000677,C00088,start_learning,2026-08-25 21:24:48,3340
B00002652,U000280,C00071,start_learning,2026-08-14 04:40:48,1144
B00002653,U000373,C00027,start_learning,2026-08-24 22:11:48,3183
B00002654,U000354,C00098,start_learning,2026-08-15 00:59:48,27
B00002655,U000578,C00052,favorite,2026-08-03 08:45:48,1433
B00002656,U000346,C00010,view,2026-08-04 16:57:48,3537
B00002657,U000773,C00090,favorite,2026-08-03 14:33:48,1703
B00002658,U000004,C00079,start_learning,2026-08-21 23:08:48,2524
B00002659,U000941,C00091,buy,2026-08-05 19:41:48,3207
B00002660,U000373,C00057,buy,2026-08-25 08:28:48,1886
B00002661,U000209,C00062,favorite,2026-08-19 08:31:48,906
B00002662,U000904,C00037,view,2026-08-22 00:05:48,2426
B00002663,U000278,C00086,start_learning,2026-08-24 09:32:48,1059
B00002664,U000043,C00036,buy,2026-08-18 18:11:48,877
B00002665,U000269,C00078,start_learning,2026-08-16 12:36:48,130
B00002666,U000768,C00093,finish,2026-08-12 20:16:48,1354
B00002667,U000752,C00064,finish,2026-08-11 08:45:48,2027
B00002668,U000193,C00031,start_learning,2026-08-23 08:35:48,31
B00002669,U000742,C00027,finish,2026-08-18 08:15:48,557
B00002670,U000142,C00032,start_learning,2026-08-17 08:24:48,1284
B00002671,U000681,C00015,view,2026-08-28 13:49:48,156
B00002672,U000897,C00077,finish,2026-08-08 19:15:48,132
B00002673,U000486,C00042,favorite,2026-08-29 01:34:48,1621
B00002674,U000649,C00047,finish,2026-08-24 12:43:48,1792
B00002675,U000108,C00050,finish,2026-08-23 09:56:48,2162
B00002676,U000050,C00063,start_learning,2026-08-17 04:06:48,39
B00002677,U000214,C00050,favorite,2026-08-17 05:27:48,696
B00002678,U000292,C00075,finish,2026-08-11 05:27:48,689
B00002679,U000790,C00080,start_learning,2026-08-28 03:31:48,2137
B00002680,U000645,C00096,start_learning,2026-08-11 00:13:48,2708
B00002681,U000490,C00056,finish,2026-08-22 15:59:48,2482
B00002682,U000872,C00086,start_learning,2026-08-12 19:01:48,648
B00002683,U000310,C00078,favorite,2026-08-25 10:23:48,1610
B00002684,U000956,C00076,buy,2026-08-07 13:10:48,1256
B00002685,U000426,C00046,start_learning,2026-08-17 18:49:48,1563
B00002686,U000357,C00026,view,2026-08-04 17:01:48,1390
B00002687,U000774,C00078,finish,2026-08-18 11:43:48,373
B00002688,U000785,C00016,finish,2026-08-28 22:37:48,1067
B00002689,U000779,C00061,start_learning,2026-08-27 17:40:48,2048
B00002690,U000858,C00097,finish,2026-08-18 06:51:48,374
B00002691,U000091,C00020,view,2026-08-11 17:39:48,1518
B00002692,U000020,C00037,start_learning,2026-08-28 03:12:48,3071
B00002693,U000559,C00088,buy,2026-08-31 23:14:48,2606
B00002694,U000961,C00038,finish,2026-08-06 22:31:48,2416
B00002695,U000811,C00017,favorite,2026-08-30 01:14:48,1045
B00002696,U000303,C00010,view,2026-08-25 09:57:48,2010
B00002697,U000956,C00015,favorite,2026-08-25 05:32:48,3499
B00002698,U000244,C00047,favorite,2026-08-24 14:43:48,1282
B00002699,U000993,C00028,favorite,2026-08-07 05:11:48,1760
B00002700,U000433,C00068,start_learning,2026-08-12 12:31:48,573
B00002701,U000269,C00037,favorite,2026-08-17 06:21:48,3368
B00002702,U000201,C00010,finish,2026-08-08 19:23:48,3230
B00002703,U000414,C00010,favorite,2026-08-07 14:09:48,769
B00002704,U000060,C00054,view,2026-08-23 12:36:48,1994
B00002705,U000072,C00023,view,2026-08-21 03:59:48,1724
B00002706,U000437,C00006,favorite,2026-08-04 22:00:48,1030
B00002707,U000552,C00042,buy,2026-08-25 16:27:48,141
B00002708,U000579,C00018,view,2026-08-28 08:30:48,1035
B00002709,U000620,C00002,finish,2026-08-27 16:01:48,2417
B00002710,U000383,C00071,start_learning,2026-08-16 09:56:48,3009
B00002711,U000835,C00095,start_learning,2026-08-14 02:18:48,65
B00002712,U000653,C00079,favorite,2026-08-31 11:24:48,3069
B00002713,U000256,C00048,view,2026-08-18 06:34:48,2884
B00002714,U000492,C00052,favorite,2026-08-27 14:12:48,1128
B00002715,U000913,C00027,finish,2026-08-19 18:27:48,2290
B00002716,U000210,C00018,start_learning,2026-08-04 18:57:48,1469
B00002717,U000405,C00079,view,2026-08-31 21:26:48,2828
B00002718,U000661,C00030,finish,2026-08-06 17:37:48,265
B00002719,U000106,C00090,finish,2026-09-01 02:12:48,3399
B00002720,U000549,C00015,finish,2026-08-20 19:43:48,2717
B00002721,U000409,C00067,favorite,2026-08-27 01:47:48,990
B00002722,U000573,C00011,finish,2026-08-05 07:35:48,3473
B00002723,U000284,C00091,finish,2026-08-26 23:32:48,3318
B00002724,U000287,C00038,finish,2026-08-15 00:01:48,1027
B00002725,U000099,C00025,finish,2026-08-18 20:03:48,1443
B00002726,U000405,C00081,favorite,2026-08-22 02:11:48,2745
B00002727,U000958,C00087,buy,2026-08-28 14:34:48,2624
B00002728,U000746,C00075,favorite,2026-08-06 20:58:48,2253
B00002729,U000884,C00100,favorite,2026-08-06 13:12:48,630
B00002730,U000216,C00055,finish,2026-08-31 19:55:48,2431
B00002731,U000922,C00087,view,2026-08-17 05:21:48,3000
B00002732,U000017,C00064,buy,2026-08-29 17:05:48,777
B00002733,U000431,C00075,finish,2026-08-18 03:41:48,2753
B00002734,U000067,C00047,buy,2026-08-21 02:04:48,1679
B00002735,U000510,C00009,finish,2026-08-12 13:27:48,3588
B00002736,U000391,C00001,favorite,2026-08-22 13:36:48,790
B00002737,U000585,C00069,finish,2026-08-13 05:10:48,1799
B00002738,U000786,C00063,buy,2026-08-17 21:36:48,3556
B00002739,U000332,C00063,start_learning,2026-08-21 14:35:48,2112
B00002740,U000642,C00012,view,2026-08-12 03:21:48,3029
B00002741,U000462,C00031,start_learning,2026-08-03 18:45:48,380
B00002742,U000104,C00094,buy,2026-08-25 11:22:48,191
B00002743,U000755,C00081,finish,2026-08-04 21:30:48,1480
B00002744,U000252,C00034,start_learning,2026-08-17 02:47:48,2609
B00002745,U000163,C00061,buy,2026-08-23 05:58:48,3551
B00002746,U000844,C00092,view,2026-08-27 12:10:48,2353
B00002747,U000624,C00020,buy,2026-08-27 09:20:48,1621
B00002748,U000802,C00084,start_learning,2026-08-26 16:14:48,3280
B00002749,U000203,C00084,finish,2026-08-05 13:03:48,1039
B00002750,U000189,C00047,view,2026-08-11 02:34:48,2789
B00002751,U000849,C00041,view,2026-08-06 20:07:48,1237
B00002752,U000100,C00076,finish,2026-08-09 05:32:48,129
B00002753,U000807,C00095,buy,2026-08-30 21:30:48,2608
B00002754,U000846,C00056,finish,2026-08-21 15:37:48,1545
B00002755,U000157,C00005,view,2026-08-18 12:23:48,2086
B00002756,U000214,C00098,finish,2026-08-26 13:15:48,1517
B00002757,U000010,C00018,favorite,2026-08-20 01:24:48,626
B00002758,U000243,C00042,view,2026-08-22 14:04:48,2762
B00002759,U000713,C00070,favorite,2026-08-22 09:04:48,318
B00002760,U000494,C00034,view,2026-08-26 06:53:48,1198
B00002761,U000503,C00080,finish,2026-08-07 00:46:48,1476
B00002762,U000153,C00061,view,2026-09-01 12:00:48,401
B00002763,U000269,C00078,start_learning,2026-08-30 18:50:48,2646
B00002764,U000834,C00034,favorite,2026-08-14 15:02:48,1200
B00002765,U000199,C00046,favorite,2026-08-03 00:43:48,894
B00002766,U000211,C00085,start_learning,2026-08-30 05:28:48,1243
B00002767,U000514,C00100,view,2026-08-02 16:01:48,923
B00002768,U000808,C00037,finish,2026-08-07 04:17:48,1909
B00002769,U000371,C00063,finish,2026-08-03 12:51:48,1059
B00002770,U000810,C00095,favorite,2026-08-08 10:27:48,83
B00002771,U000308,C00052,buy,2026-08-20 09:22:48,3003
B00002772,U000677,C00013,favorite,2026-08-25 00:54:48,95
B00002773,U000711,C00077,start_learning,2026-08-29 16:14:48,552
B00002774,U000140,C00084,favorite,2026-08-18 04:54:48,2877
B00002775,U000676,C00097,finish,2026-08-11 16:47:48,3401
B00002776,U000449,C00038,start_learning,2026-08-05 00:17:48,2650
B00002777,U000629,C00018,start_learning,2026-08-25 15:56:48,3501
B00002778,U000445,C00015,favorite,2026-08-30 03:01:48,2437
B00002779,U000319,C00044,start_learning,2026-08-16 18:39:48,1730
B00002780,U000766,C00040,start_learning,2026-08-31 22:18:48,1619
B00002781,U000519,C00081,favorite,2026-08-24 11:39:48,1622
B00002782,U000862,C00028,view,2026-08-04 01:40:48,924
B00002783,U000077,C00028,start_learning,2026-08-12 07:11:48,1433
B00002784,U000657,C00021,favorite,2026-08-19 09:36:48,2431
B00002785,U000335,C00024,start_learning,2026-08-03 13:40:48,1755
B00002786,U000349,C00079,view,2026-08-07 11:53:48,1453
B00002787,U000221,C00004,favorite,2026-08-30 05:19:48,286
B00002788,U000779,C00002,view,2026-08-31 12:21:48,1451
B00002789,U000561,C00079,buy,2026-08-11 00:31:48,3251
B00002790,U000245,C00046,start_learning,2026-08-20 09:37:48,2731
B00002791,U000826,C00008,buy,2026-08-25 16:06:48,376
B00002792,U000424,C00011,finish,2026-08-17 04:01:48,1420
B00002793,U000007,C00014,buy,2026-08-10 08:20:48,881
B00002794,U000312,C00075,view,2026-08-31 06:40:48,1739
B00002795,U000717,C00100,buy,2026-08-27 02:41:48,1181
B00002796,U000253,C00005,buy,2026-08-07 15:25:48,3054
B00002797,U000134,C00088,start_learning,2026-08-24 22:51:48,209
B00002798,U000406,C00051,view,2026-08-22 17:58:48,184
B00002799,U000241,C00009,view,2026-08-23 03:55:48,508
B00002800,U000503,C00049,favorite,2026-08-24 23:42:48,2726
B00002801,U000944,C00023,buy,2026-08-09 19:12:48,498
B00002802,U000848,C00005,start_learning,2026-08-20 03:18:48,2734
B00002803,U000345,C00027,buy,2026-08-28 16:19:48,3515
B00002804,U000418,C00095,start_learning,2026-08-05 17:54:48,191
B00002805,U000509,C00018,favorite,2026-08-19 22:32:48,2515
B00002806,U000649,C00018,view,2026-08-04 15:39:48,2614
B00002807,U000052,C00028,finish,2026-08-29 06:01:48,1983
B00002808,U000567,C00081,view,2026-08-15 06:45:48,542
B00002809,U000734,C00100,view,2026-08-08 14:14:48,1608
B00002810,U000518,C00008,view,2026-08-07 18:09:48,1221
B00002811,U000493,C00015,finish,2026-09-01 12:56:48,1013
B00002812,U000896,C00004,view,2026-08-14 19:44:48,1455
B00002813,U000131,C00054,favorite,2026-08-03 08:30:48,2045
B00002814,U000927,C00091,start_learning,2026-08-09 08:22:48,3283
B00002815,U000415,C00050,buy,2026-08-08 03:36:48,62
B00002816,U000884,C00048,view,2026-08-14 10:58:48,3315
B00002817,U000735,C00073,buy,2026-08-26 22:52:48,1241
B00002818,U000831,C00059,finish,2026-08-29 03:09:48,2930
B00002819,U000075,C00040,view,2026-08-04 09:15:48,2126
B00002820,U000231,C00038,finish,2026-08-28 12:20:48,3420
B00002821,U000040,C00011,finish,2026-08-24 04:14:48,271
B00002822,U000652,C00071,finish,2026-08-22 11:46:48,711
B00002823,U000471,C00082,view,2026-08-11 06:41:48,694
B00002824,U000868,C00045,favorite,2026-08-09 07:50:48,1663
B00002825,U000762,C00046,finish,2026-08-04 22:24:48,735
B00002826,U000683,C00033,start_learning,2026-08-22 22:21:48,58
B00002827,U000045,C00031,buy,2026-09-01 02:04:48,1194
B00002828,U000877,C00020,favorite,2026-08-14 18:08:48,2937
B00002829,U000331,C00017,buy,2026-08-29 23:59:48,249
B00002830,U000639,C00080,view,2026-08-23 20:04:48,1577
B00002831,U000723,C00025,view,2026-08-28 04:17:48,281
B00002832,U000769,C00001,view,2026-08-16 16:53:48,2095
B00002833,U000860,C00063,favorite,2026-08-03 07:35:48,1648
B00002834,U000609,C00045,view,2026-08-09 18:25:48,2003
B00002835,U000863,C00065,finish,2026-08-02 15:31:48,1493
B00002836,U000583,C00016,start_learning,2026-08-26 05:23:48,1614
B00002837,U000833,C00027,start_learning,2026-08-10 12:37:48,2667
B00002838,U000961,C00012,view,2026-08-06 18:42:48,398
B00002839,U000777,C00067,start_learning,2026-08-16 18:22:48,3545
B00002840,U000811,C00050,buy,2026-08-12 08:43:48,2744
B00002841,U000764,C00060,start_learning,2026-08-25 03:38:48,956
B00002842,U000664,C00068,view,2026-08-15 02:06:48,296
B00002843,U000410,C00058,buy,2026-08-29 19:33:48,1640
B00002844,U000496,C00035,start_learning,2026-08-20 20:12:48,353
B00002845,U000605,C00011,finish,2026-08-12 10:36:48,1468
B00002846,U000364,C00026,start_learning,2026-08-03 12:37:48,2436
B00002847,U000784,C00090,buy,2026-08-24 03:47:48,2074
B00002848,U000434,C00033,buy,2026-08-04 06:54:48,1183
B00002849,U000166,C00079,buy,2026-08-28 06:24:48,1974
B00002850,U000938,C00029,start_learning,2026-09-01 09:17:48,724
B00002851,U000688,C00095,start_learning,2026-08-31 23:34:48,3599
B00002852,U000240,C00050,start_learning,2026-08-19 11:13:48,3031
B00002853,U000736,C00002,start_learning,2026-08-25 19:49:48,112
B00002854,U000487,C00095,buy,2026-08-22 08:05:48,540
B00002855,U000671,C00099,favorite,2026-08-15 02:15:48,3286
B00002856,U000169,C00008,start_learning,2026-08-29 06:20:48,1958
B00002857,U000676,C00070,favorite,2026-08-25 00:17:48,1957
B00002858,U000199,C00020,view,2026-08-23 20:05:48,659
B00002859,U000164,C00082,buy,2026-08-25 02:38:48,1077
B00002860,U000307,C00019,start_learning,2026-08-17 07:10:48,2678
B00002861,U000254,C00006,finish,2026-08-29 16:09:48,2176
B00002862,U000302,C00073,view,2026-08-14 06:18:48,241
B00002863,U000717,C00078,finish,2026-08-18 15:03:48,853
B00002864,U000734,C00083,view,2026-08-04 06:44:48,1762
B00002865,U000836,C00035,start_learning,2026-08-16 12:58:48,3522
B00002866,U000802,C00074,view,2026-08-20 05:34:48,1294
B00002867,U000623,C00055,view,2026-09-01 13:50:48,2060
B00002868,U000199,C00082,buy,2026-08-09 20:58:48,464
B00002869,U000353,C00100,favorite,2026-08-10 22:26:48,3501
B00002870,U000041,C00013,finish,2026-08-13 08:53:48,1603
B00002871,U000909,C00064,buy,2026-08-05 18:35:48,3528
B00002872,U000245,C00066,start_learning,2026-08-25 08:15:48,3163
B00002873,U000883,C00020,favorite,2026-08-17 01:33:48,882
B00002874,U000965,C00060,favorite,2026-08-15 02:18:48,1748
B00002875,U000560,C00048,view,2026-08-09 02:17:48,427
B00002876,U000398,C00025,buy,2026-08-24 03:13:48,2950
B00002877,U000037,C00003,start_learning,2026-08-21 18:34:48,1933
B00002878,U000796,C00067,buy,2026-08-26 18:13:48,2524
B00002879,U000433,C00071,finish,2026-08-08 03:27:48,2830
B00002880,U000770,C00029,finish,2026-08-18 21:05:48,3422
B00002881,U000356,C00036,start_learning,2026-08-03 04:27:48,678
B00002882,U000500,C00069,start_learning,2026-08-21 16:21:48,1461
B00002883,U000023,C00030,view,2026-08-25 22:36:48,3331
B00002884,U000006,C00010,favorite,2026-08-28 14:05:48,320
B00002885,U000638,C00027,view,2026-08-26 07:08:48,2186
B00002886,U000909,C00089,buy,2026-08-03 18:45:48,633
B00002887,U000774,C00069,buy,2026-08-27 14:57:48,1553
B00002888,U000005,C00050,finish,2026-08-16 14:46:48,682
B00002889,U000376,C00070,view,2026-08-20 20:41:48,740
B00002890,U000831,C00077,start_learning,2026-08-25 16:54:48,3476
B00002891,U000814,C00028,favorite,2026-08-04 18:02:48,153
B00002892,U000816,C00085,buy,2026-08-05 19:40:48,2527
B00002893,U000803,C00037,finish,2026-08-10 22:49:48,2976
B00002894,U000207,C00015,finish,2026-08-10 23:49:48,2301
B00002895,U000727,C00049,buy,2026-08-29 17:28:48,606
B00002896,U000471,C00013,buy,2026-08-31 10:36:48,938
B00002897,U000423,C00038,finish,2026-08-16 10:11:48,3022
B00002898,U000147,C00072,start_learning,2026-08-31 05:59:48,2518
B00002899,U000635,C00082,finish,2026-08-31 17:46:48,3332
B00002900,U000116,C00051,view,2026-08-25 21:38:48,2608
B00002901,U000148,C00069,favorite,2026-08-19 13:35:48,2607
B00002902,U000188,C00095,finish,2026-08-13 16:18:48,535
B00002903,U000640,C00052,buy,2026-09-01 07:14:48,606
B00002904,U000785,C00085,start_learning,2026-08-16 16:45:48,2299
B00002905,U000757,C00067,favorite,2026-08-31 05:11:48,1822
B00002906,U000001,C00097,favorite,2026-08-28 04:15:48,522
B00002907,U000441,C00017,start_learning,2026-08-16 19:26:48,1600
B00002908,U000823,C00088,start_learning,2026-08-18 10:18:48,1271
B00002909,U000559,C00039,finish,2026-08-10 14:39:48,3248
B00002910,U000241,C00011,view,2026-08-12 17:54:48,3009
B00002911,U000298,C00077,finish,2026-08-03 05:24:48,417
B00002912,U000560,C00010,finish,2026-08-24 19:23:48,75
B00002913,U000605,C00100,view,2026-08-14 22:47:48,1830
B00002914,U000777,C00042,view,2026-08-10 20:49:48,1039
B00002915,U000975,C00058,finish,2026-08-25 19:47:48,1743
B00002916,U000548,C00085,finish,2026-08-27 06:44:48,3317
B00002917,U000085,C00057,view,2026-08-12 13:36:48,3516
B00002918,U000698,C00087,favorite,2026-08-21 09:32:48,3338
B00002919,U000667,C00038,start_learning,2026-08-25 23:22:48,2999
B00002920,U000029,C00008,buy,2026-08-05 15:07:48,2739
B00002921,U000481,C00088,start_learning,2026-08-25 02:38:48,3275
B00002922,U000647,C00098,finish,2026-08-12 02:02:48,1982
B00002923,U000854,C00032,buy,2026-08-31 23:34:48,2459
B00002924,U000982,C00080,view,2026-08-11 05:25:48,2457
B00002925,U000497,C00064,start_learning,2026-08-16 01:25:48,2183
B00002926,U000279,C00100,buy,2026-08-11 01:21:48,2080
B00002927,U000496,C00052,buy,2026-08-30 21:55:48,1936
B00002928,U000355,C00017,view,2026-08-16 22:53:48,760
B00002929,U000558,C00030,view,2026-08-04 00:54:48,1492
B00002930,U000310,C00072,start_learning,2026-08-22 15:42:48,3522
B00002931,U000545,C00093,buy,2026-08-17 04:14:48,459
B00002932,U000022,C00075,finish,2026-08-28 04:36:48,1560
B00002933,U000024,C00032,start_learning,2026-08-04 03:31:48,2744
B00002934,U000235,C00078,favorite,2026-08-02 17:02:48,1511
B00002935,U000499,C00002,start_learning,2026-08-20 07:19:48,720
B00002936,U000648,C00024,favorite,2026-08-18 21:14:48,3056
B00002937,U000960,C00087,start_learning,2026-08-13 21:33:48,371
B00002938,U000125,C00042,buy,2026-08-10 13:43:48,1280
B00002939,U000886,C00031,favorite,2026-08-26 14:50:48,1594
B00002940,U000121,C00008,view,2026-08-09 07:33:48,2531
B00002941,U000468,C00044,buy,2026-08-06 19:08:48,3138
B00002942,U000821,C00060,view,2026-08-25 14:40:48,699
B00002943,U000787,C00041,start_learning,2026-08-13 18:55:48,1803
B00002944,U000499,C00088,start_learning,2026-08-04 20:10:48,2112
B00002945,U000339,C00096,start_learning,2026-08-31 23:57:48,469
B00002946,U000514,C00074,favorite,2026-08-25 10:48:48,3575
B00002947,U000185,C00008,view,2026-08-04 01:05:48,1228
B00002948,U000604,C00055,view,2026-08-27 00:00:48,2009
B00002949,U000111,C00043,start_learning,2026-08-06 12:56:48,442
B00002950,U000968,C00100,favorite,2026-08-18 04:43:48,2574
B00002951,U000262,C00075,finish,2026-08-04 21:40:48,1202
B00002952,U000319,C00063,view,2026-08-23 01:02:48,311
B00002953,U000112,C00066,favorite,2026-08-07 17:32:48,2932
B00002954,U000675,C00013,favorite,2026-08-23 11:37:48,88
B00002955,U000450,C00099,start_learning,2026-08-16 23:44:48,1725
B00002956,U000522,C00038,buy,2026-08-23 18:32:48,180
B00002957,U000586,C00098,start_learning,2026-08-19 02:33:48,233
B00002958,U000194,C00010,start_learning,2026-09-01 06:17:48,2979
B00002959,U000209,C00098,finish,2026-09-01 11:05:48,318
B00002960,U000061,C00089,favorite,2026-08-04 11:03:48,813
B00002961,U000845,C00097,view,2026-08-21 22:14:48,3215
B00002962,U000098,C00035,favorite,2026-08-24 11:02:48,1868
B00002963,U000749,C00100,finish,2026-08-21 12:19:48,494
B00002964,U000507,C00050,favorite,2026-08-22 11:55:48,983
B00002965,U000532,C00028,favorite,2026-08-27 09:41:48,548
B00002966,U000178,C00086,finish,2026-08-15 07:58:48,2838
B00002967,U000466,C00008,finish,2026-08-04 10:29:48,1704
B00002968,U000691,C00030,finish,2026-08-10 07:52:48,1698
B00002969,U000350,C00030,finish,2026-08-29 01:46:48,1771
B00002970,U000324,C00045,buy,2026-08-08 19:24:48,860
B00002971,U000546,C00059,finish,2026-08-18 20:13:48,2676
B00002972,U000945,C00011,finish,2026-08-25 15:59:48,961
B00002973,U000105,C00051,favorite,2026-08-19 13:29:48,2396
B00002974,U000773,C00025,buy,2026-08-26 15:08:48,1899
B00002975,U000252,C00012,start_learning,2026-08-16 06:10:48,3285
B00002976,U000715,C00026,favorite,2026-08-11 02:23:48,2298
B00002977,U000626,C00014,finish,2026-08-25 17:46:48,3475
B00002978,U000299,C00025,buy,2026-08-28 13:33:48,1032
B00002979,U000228,C00027,finish,2026-08-25 10:27:48,2170
B00002980,U000013,C00023,start_learning,2026-08-28 16:59:48,3549
B00002981,U000664,C00032,start_learning,2026-08-22 00:53:48,44
B00002982,U000241,C00097,buy,2026-08-06 06:55:48,122
B00002983,U000754,C00002,favorite,2026-08-20 07:52:48,2633
B00002984,U000311,C00051,favorite,2026-08-10 00:54:48,215
B00002985,U000834,C00087,buy,2026-08-25 07:15:48,1696
B00002986,U000431,C00028,buy,2026-09-01 02:10:48,1895
B00002987,U000549,C00049,start_learning,2026-08-08 05:17:48,225
B00002988,U000855,C00066,finish,2026-08-17 08:32:48,3592
B00002989,U000412,C00038,favorite,2026-08-20 12:25:48,3595
B00002990,U000260,C00044,favorite,2026-08-08 03:15:48,1677
B00002991,U000607,C00039,buy,2026-08-10 11:36:48,3511
B00002992,U000264,C00018,favorite,2026-08-24 18:11:48,388
B00002993,U000183,C00030,start_learning,2026-08-24 04:01:48,1845
B00002994,U000869,C00030,start_learning,2026-08-09 19:03:48,461
B00002995,U000424,C00071,start_learning,2026-08-30 22:55:48,2075
B00002996,U000991,C00075,view,2026-08-05 01:42:48,623
B00002997,U000129,C00072,view,2026-08-17 09:35:48,3280
B00002998,U000526,C00062,finish,2026-08-15 01:01:48,1997
B00002999,U000359,C00032,buy,2026-08-24 15:16:48,2005
B00003000,U000712,C00091,favorite,2026-08-21 21:55:48,2505
B00003001,U000525,C00086,start_learning,2026-08-10 06:24:48,743
B00003002,U000351,C00050,finish,2026-08-29 06:21:48,2823
B00003003,U000155,C00041,finish,2026-08-29 16:18:48,1033
B00003004,U000738,C00033,view,2026-08-27 13:31:48,337
B00003005,U000150,C00038,favorite,2026-08-18 04:21:48,186
B00003006,U000589,C00018,start_learning,2026-08-25 07:41:48,2742
B00003007,U000808,C00026,start_learning,2026-08-14 13:13:48,1471
B00003008,U000173,C00058,favorite,2026-08-10 18:52:48,1492
B00003009,U000587,C00043,buy,2026-08-27 14:54:48,1858
B00003010,U000864,C00062,finish,2026-08-21 03:13:48,2402
B00003011,U000316,C00037,buy,2026-08-27 06:32:48,1461
B00003012,U000235,C00019,buy,2026-08-19 01:11:48,1433
B00003013,U000833,C00032,favorite,2026-08-19 07:10:48,1613
B00003014,U000801,C00059,view,2026-08-08 02:17:48,2526
B00003015,U000500,C00065,buy,2026-08-20 00:05:48,3080
B00003016,U000474,C00039,view,2026-08-29 03:11:48,1194
B00003017,U000795,C00097,buy,2026-08-22 16:34:48,3152
B00003018,U000545,C00064,finish,2026-08-20 05:49:48,788
B00003019,U000724,C00024,view,2026-08-14 02:01:48,433
B00003020,U000329,C00071,buy,2026-08-22 04:21:48,1905
B00003021,U000505,C00043,start_learning,2026-08-03 21:23:48,871
B00003022,U000419,C00013,start_learning,2026-08-31 04:39:48,2258
B00003023,U000334,C00091,favorite,2026-08-06 01:57:48,1657
B00003024,U000130,C00019,finish,2026-08-27 04:57:48,2583
B00003025,U000667,C00008,favorite,2026-08-31 15:22:48,1812
B00003026,U000991,C00068,finish,2026-08-31 18:35:48,2305
B00003027,U000333,C00070,favorite,2026-08-16 00:42:48,2027
B00003028,U000992,C00040,start_learning,2026-08-23 08:17:48,2243
B00003029,U000924,C00091,start_learning,2026-08-09 08:58:48,3350
B00003030,U000153,C00002,buy,2026-08-27 17:53:48,1890
B00003031,U000259,C00075,buy,2026-08-22 16:38:48,2913
B00003032,U000481,C00055,favorite,2026-08-16 03:44:48,183
B00003033,U000612,C00055,start_learning,2026-08-14 01:33:48,2041
B00003034,U000514,C00079,view,2026-08-19 19:43:48,2872
B00003035,U000510,C00087,view,2026-08-20 19:50:48,2026
B00003036,U000545,C00093,buy,2026-08-24 07:01:48,2191
B00003037,U000290,C00034,favorite,2026-08-13 19:22:48,188
B00003038,U000352,C00047,finish,2026-08-23 16:27:48,1931
B00003039,U000275,C00094,finish,2026-09-01 08:40:48,2655
B00003040,U000256,C00086,start_learning,2026-08-08 17:19:48,307
B00003041,U000242,C00029,view,2026-08-08 21:38:48,1136
B00003042,U000084,C00016,view,2026-08-22 06:40:48,1334
B00003043,U000326,C00060,favorite,2026-08-13 16:19:48,3204
B00003044,U000365,C00036,finish,2026-08-19 07:22:48,2682
B00003045,U000766,C00030,favorite,2026-08-15 07:08:48,2069
B00003046,U000215,C00039,finish,2026-08-29 11:29:48,571
B00003047,U000196,C00065,view,2026-08-14 06:37:48,2692
B00003048,U000279,C00032,finish,2026-08-16 16:32:48,2889
B00003049,U000521,C00035,buy,2026-08-21 02:58:48,1650
B00003050,U000094,C00011,favorite,2026-08-15 07:38:48,1677
B00003051,U000886,C00090,buy,2026-08-03 08:05:48,78
B00003052,U000524,C00011,finish,2026-08-09 22:07:48,397
B00003053,U000258,C00067,start_learning,2026-08-11 15:08:48,35
B00003054,U000262,C00012,favorite,2026-08-27 21:50:48,3369
B00003055,U000413,C00083,favorite,2026-08-05 07:15:48,3336
B00003056,U000654,C00069,start_learning,2026-08-05 11:45:48,2148
B00003057,U000763,C00022,favorite,2026-08-17 08:13:48,3360
B00003058,U000449,C00004,buy,2026-08-25 02:20:48,411
B00003059,U000068,C00074,favorite,2026-08-05 17:40:48,1300
B00003060,U000871,C00019,view,2026-08-06 08:25:48,1643
B00003061,U000693,C00072,buy,2026-08-12 06:19:48,1079
B00003062,U000223,C00057,view,2026-08-07 19:30:48,411
B00003063,U000123,C00025,start_learning,2026-08-12 09:05:48,3361
B00003064,U000340,C00001,buy,2026-09-01 14:40:48,2703
B00003065,U000693,C00071,buy,2026-08-20 08:24:48,3479
B00003066,U000045,C00011,buy,2026-08-13 08:46:48,3304
B00003067,U000454,C00041,view,2026-08-03 13:05:48,1663
B00003068,U000475,C00068,view,2026-08-07 18:06:48,2162
B00003069,U000647,C00022,start_learning,2026-08-10 01:50:48,602
B00003070,U000846,C00048,favorite,2026-08-10 00:15:48,3118
B00003071,U000987,C00069,favorite,2026-08-22 11:29:48,2011
B00003072,U000501,C00009,start_learning,2026-08-10 04:47:48,2439
B00003073,U000348,C00098,favorite,2026-08-07 08:33:48,1744
B00003074,U000076,C00005,view,2026-08-22 13:17:48,2265
B00003075,U000455,C00023,buy,2026-08-31 04:33:48,2907
B00003076,U000134,C00071,buy,2026-08-11 14:06:48,2704
B00003077,U000898,C00024,favorite,2026-08-11 23:25:48,2648
B00003078,U000972,C00093,buy,2026-08-12 13:48:48,94
B00003079,U000321,C00023,finish,2026-08-08 14:44:48,3405
B00003080,U000747,C00048,buy,2026-08-05 13:00:48,2960
B00003081,U000667,C00035,start_learning,2026-08-31 17:45:48,462
B00003082,U000280,C00032,buy,2026-08-31 20:07:48,1936
B00003083,U000527,C00027,view,2026-08-06 19:06:48,2842
B00003084,U000532,C00065,view,2026-08-09 06:18:48,3255
B00003085,U000990,C00048,start_learning,2026-08-25 02:32:48,2021
B00003086,U000869,C00057,start_learning,2026-08-27 17:59:48,158
B00003087,U000515,C00040,buy,2026-08-10 17:19:48,1963
B00003088,U000598,C00014,start_learning,2026-08-27 17:13:48,3032
B00003089,U000068,C00004,buy,2026-08-17 12:37:48,2516
B00003090,U000427,C00056,finish,2026-08-25 05:43:48,3205
B00003091,U000662,C00062,buy,2026-08-30 08:08:48,2950
B00003092,U000914,C00086,finish,2026-08-29 16:25:48,1504
B00003093,U000174,C00085,start_learning,2026-08-29 20:40:48,2412
B00003094,U000792,C00089,favorite,2026-08-26 01:44:48,1046
B00003095,U000767,C00048,finish,2026-08-04 14:57:48,1954
B00003096,U000871,C00056,buy,2026-08-11 23:28:48,1698
B00003097,U000868,C00099,finish,2026-08-30 04:18:48,2597
B00003098,U000145,C00096,view,2026-08-29 18:08:48,1377
B00003099,U000331,C00022,finish,2026-08-21 12:37:48,3236
B00003100,U000300,C00076,favorite,2026-08-31 11:39:48,1129
B00003101,U000515,C00066,buy,2026-08-31 10:51:48,3385
B00003102,U000002,C00016,favorite,2026-08-22 14:03:48,1005
B00003103,U000466,C00040,view,2026-08-14 13:32:48,2162
B00003104,U000407,C00032,buy,2026-08-21 17:06:48,3315
B00003105,U000343,C00043,favorite,2026-08-19 11:31:48,86
B00003106,U000384,C00017,buy,2026-08-26 09:45:48,68
B00003107,U000458,C00046,start_learning,2026-08-12 21:02:48,51
B00003108,U000505,C00008,finish,2026-08-23 10:12:48,367
B00003109,U000140,C00038,start_learning,2026-08-30 22:22:48,2343
B00003110,U000443,C00056,view,2026-08-26 12:47:48,1955
B00003111,U000689,C00037,favorite,2026-08-20 19:57:48,181
B00003112,U000837,C00004,view,2026-08-07 08:46:48,2065
B00003113,U000771,C00003,finish,2026-08-27 18:15:48,988
B00003114,U000463,C00094,finish,2026-08-08 06:33:48,2402
B00003115,U000488,C00028,start_learning,2026-08-04 14:38:48,1260
B00003116,U000280,C00023,finish,2026-08-29 04:14:48,803
B00003117,U000119,C00073,finish,2026-08-09 18:50:48,2739
B00003118,U000089,C00005,start_learning,2026-08-28 07:31:48,1887
B00003119,U000653,C00035,finish,2026-08-11 05:55:48,2206
B00003120,U000886,C00035,start_learning,2026-08-31 19:32:48,1103
B00003121,U000173,C00058,favorite,2026-09-01 14:08:48,907
B00003122,U000907,C00009,favorite,2026-08-27 01:14:48,1224
B00003123,U000296,C00073,buy,2026-08-15 18:34:48,914
B00003124,U000669,C00043,buy,2026-08-31 18:47:48,598
B00003125,U000927,C00082,finish,2026-08-27 06:09:48,403
B00003126,U000343,C00050,favorite,2026-08-09 06:52:48,254
B00003127,U000228,C00004,finish,2026-08-19 20:14:48,3174
B00003128,U000504,C00004,finish,2026-08-07 21:12:48,1177
B00003129,U000778,C00004,view,2026-08-15 23:06:48,2464
B00003130,U000577,C00074,buy,2026-08-20 04:39:48,1742
B00003131,U000827,C00055,favorite,2026-08-28 16:34:48,530
B00003132,U000816,C00081,view,2026-08-04 15:29:48,866
B00003133,U000657,C00030,buy,2026-08-06 16:04:48,805
B00003134,U000723,C00009,start_learning,2026-08-14 01:18:48,2064
B00003135,U000728,C00099,buy,2026-08-05 07:56:48,2000
B00003136,U000704,C00054,buy,2026-08-05 18:15:48,1194
B00003137,U000914,C00013,favorite,2026-08-31 16:36:48,2091
B00003138,U000527,C00023,finish,2026-08-10 13:58:48,1755
B00003139,U000844,C00056,buy,2026-08-17 14:08:48,2488
B00003140,U000260,C00066,view,2026-08-23 19:27:48,2982
B00003141,U000586,C00029,view,2026-08-22 12:58:48,2086
B00003142,U000441,C00099,start_learning,2026-08-21 14:15:48,327
B00003143,U000240,C00095,finish,2026-08-08 05:31:48,955
B00003144,U000307,C00094,view,2026-08-27 05:51:48,2787
B00003145,U000668,C00017,finish,2026-08-07 09:29:48,2718
B00003146,U000703,C00068,finish,2026-08-15 09:54:48,2088
B00003147,U000895,C00053,favorite,2026-08-28 12:38:48,668
B00003148,U000447,C00047,buy,2026-08-30 07:47:48,2452
B00003149,U000318,C00045,view,2026-08-27 01:29:48,1177
B00003150,U000575,C00039,view,2026-08-08 15:45:48,2111
B00003151,U000846,C00035,favorite,2026-08-15 19:23:48,51
B00003152,U000179,C00099,finish,2026-08-30 20:38:48,2142
B00003153,U000734,C00007,favorite,2026-08-05 04:49:48,3231
B00003154,U000939,C00020,start_learning,2026-08-08 10:08:48,81
B00003155,U000289,C00100,buy,2026-08-29 07:44:48,2031
B00003156,U000935,C00083,finish,2026-08-24 12:26:48,1971
B00003157,U000510,C00036,finish,2026-08-16 05:09:48,1958
B00003158,U000797,C00046,finish,2026-08-24 17:24:48,2433
B00003159,U000910,C00083,favorite,2026-08-11 17:40:48,1894
B00003160,U000769,C00044,buy,2026-08-29 11:07:48,318
B00003161,U000916,C00016,view,2026-08-29 08:28:48,1227
B00003162,U000518,C00003,finish,2026-08-25 22:24:48,509
B00003163,U000868,C00051,buy,2026-08-15 18:38:48,2796
B00003164,U000732,C00058,favorite,2026-08-29 16:19:48,2846
B00003165,U000101,C00016,buy,2026-08-06 03:46:48,2829
B00003166,U000160,C00034,buy,2026-08-19 22:46:48,3574
B00003167,U000670,C00036,favorite,2026-08-20 16:50:48,2685
B00003168,U000621,C00052,start_learning,2026-08-15 12:52:48,1459
B00003169,U000257,C00008,finish,2026-08-26 13:45:48,448
B00003170,U000890,C00002,buy,2026-08-14 11:50:48,3348
B00003171,U000425,C00067,view,2026-08-19 17:12:48,2788
B00003172,U000464,C00051,buy,2026-08-23 15:30:48,2039
B00003173,U000014,C00044,finish,2026-08-15 17:00:48,1101
B00003174,U000224,C00067,start_learning,2026-08-11 00:57:48,2770
B00003175,U000993,C00018,start_learning,2026-08-26 08:09:48,1050
B00003176,U000413,C00019,finish,2026-08-16 22:39:48,1536
B00003177,U000834,C00079,start_learning,2026-08-08 22:46:48,2089
B00003178,U000633,C00073,view,2026-08-08 09:27:48,241
B00003179,U000022,C00056,view,2026-08-08 09:10:48,1914
B00003180,U000050,C00027,finish,2026-08-08 11:55:48,1491
B00003181,U000239,C00055,buy,2026-08-29 05:44:48,2495
B00003182,U000075,C00079,buy,2026-08-04 12:28:48,3550
B00003183,U000960,C00012,favorite,2026-08-18 03:57:48,71
B00003184,U000514,C00056,view,2026-08-14 23:58:48,880
B00003185,U000419,C00057,finish,2026-08-09 15:31:48,1064
B00003186,U000050,C00080,start_learning,2026-08-25 09:38:48,1289
B00003187,U000514,C00099,start_learning,2026-08-08 01:08:48,525
B00003188,U000965,C00068,buy,2026-08-21 05:14:48,993
B00003189,U000839,C00090,start_learning,2026-08-17 00:57:48,1788
B00003190,U000456,C00093,buy,2026-08-24 14:49:48,845
B00003191,U000001,C00025,finish,2026-08-16 10:24:48,2150
B00003192,U000767,C00015,start_learning,2026-08-30 19:21:48,3148
B00003193,U000125,C00081,buy,2026-08-06 23:44:48,66
B00003194,U000307,C00071,finish,2026-08-09 02:55:48,351
B00003195,U000558,C00026,finish,2026-08-12 07:10:48,2170
B00003196,U000702,C00009,finish,2026-08-16 19:34:48,3331
B00003197,U000072,C00027,buy,2026-08-28 04:35:48,1325
B00003198,U000309,C00048,view,2026-08-31 18:07:48,2
B00003199,U000141,C00091,finish,2026-08-29 12:12:48,798
B00003200,U000284,C00085,view,2026-08-31 11:24:48,1684
B00003201,U000461,C00045,finish,2026-08-25 15:12:48,3093
B00003202,U000136,C00046,favorite,2026-08-31 05:02:48,2280
B00003203,U000086,C00027,start_learning,2026-08-17 20:30:48,3345
B00003204,U000302,C00020,favorite,2026-08-09 07:28:48,263
B00003205,U000486,C00066,favorite,2026-08-27 22:45:48,2387
B00003206,U000359,C00033,start_learning,2026-08-14 04:36:48,1484
B00003207,U000291,C00012,favorite,2026-08-31 00:47:48,2174
B00003208,U000219,C00092,finish,2026-08-16 13:49:48,2100
B00003209,U000130,C00039,favorite,2026-08-07 19:20:48,215
B00003210,U000036,C00005,view,2026-08-16 15:15:48,2774
B00003211,U000834,C00028,buy,2026-08-21 03:56:48,2440
B00003212,U000301,C00094,view,2026-08-24 06:42:48,2755
B00003213,U000426,C00041,finish,2026-08-14 15:40:48,1281
B00003214,U000218,C00041,view,2026-08-15 07:58:48,2617
B00003215,U000020,C00091,buy,2026-08-30 11:04:48,1002
B00003216,U000660,C00050,buy,2026-08-18 09:52:48,156
B00003217,U000376,C00072,favorite,2026-08-13 01:22:48,2918
B00003218,U000447,C00084,view,2026-08-10 00:24:48,3197
B00003219,U000752,C00053,finish,2026-08-19 18:06:48,2330
B00003220,U000627,C00065,start_learning,2026-08-25 06:23:48,2983
B00003221,U000324,C00012,buy,2026-08-09 07:39:48,2176
B00003222,U000917,C00056,buy,2026-08-03 20:24:48,3520
B00003223,U000393,C00100,finish,2026-08-23 22:09:48,2396
B00003224,U000927,C00010,favorite,2026-08-29 13:38:48,69
B00003225,U000344,C00062,start_learning,2026-08-02 18:01:48,1573
B00003226,U000738,C00087,buy,2026-08-03 04:52:48,3388
B00003227,U000836,C00028,finish,2026-08-03 21:45:48,1863
B00003228,U000947,C00059,buy,2026-08-29 12:25:48,2857
B00003229,U000171,C00029,favorite,2026-08-22 13:53:48,339
B00003230,U000431,C00024,favorite,2026-08-06 15:24:48,2012
B00003231,U000690,C00043,start_learning,2026-08-04 09:23:48,2455
B00003232,U000999,C00075,start_learning,2026-08-16 10:34:48,1876
B00003233,U000399,C00009,favorite,2026-08-10 11:06:48,3550
B00003234,U000533,C00064,favorite,2026-08-15 18:10:48,442
B00003235,U000069,C00093,view,2026-08-15 19:26:48,548
B00003236,U000610,C00025,start_learning,2026-08-12 01:32:48,769
B00003237,U000253,C00007,favorite,2026-08-26 05:41:48,1060
B00003238,U000266,C00069,favorite,2026-08-07 12:02:48,1880
B00003239,U000826,C00020,buy,2026-08-24 07:06:48,1939
B00003240,U000444,C00097,finish,2026-08-04 21:00:48,2231
B00003241,U000554,C00092,favorite,2026-08-31 03:04:48,288
B00003242,U000556,C00088,finish,2026-09-01 12:45:48,443
B00003243,U000612,C00067,start_learning,2026-08-13 11:12:48,1788
B00003244,U000942,C00061,start_learning,2026-08-11 01:46:48,1127
B00003245,U000989,C00041,start_learning,2026-08-06 17:11:48,1757
B00003246,U000600,C00096,view,2026-08-20 21:12:48,3137
B00003247,U000681,C00039,finish,2026-08-07 09:22:48,1226
B00003248,U000248,C00079,view,2026-08-23 08:34:48,2153
B00003249,U000099,C00007,start_learning,2026-08-19 02:06:48,3453
B00003250,U000879,C00012,favorite,2026-08-22 22:19:48,3461
B00003251,U000413,C00071,view,2026-08-04 09:48:48,2529
B00003252,U000956,C00009,finish,2026-08-11 02:19:48,755
B00003253,U000738,C00041,start_learning,2026-09-01 10:37:48,2852
B00003254,U000923,C00040,favorite,2026-08-04 15:07:48,2759
B00003255,U000546,C00005,favorite,2026-08-18 12:54:48,1834
B00003256,U000814,C00096,buy,2026-08-22 02:54:48,1213
B00003257,U000985,C00055,favorite,2026-08-10 00:23:48,19
B00003258,U000748,C00016,buy,2026-08-06 16:00:48,202
B00003259,U000845,C00069,view,2026-08-27 19:30:48,424
B00003260,U000587,C00031,favorite,2026-08-23 10:16:48,2231
B00003261,U000843,C00042,view,2026-08-07 13:30:48,3002
B00003262,U000922,C00032,finish,2026-08-16 09:22:48,2324
B00003263,U000705,C00024,favorite,2026-08-04 15:15:48,771
B00003264,U000693,C00087,view,2026-08-26 04:47:48,945
B00003265,U000225,C00089,view,2026-08-21 18:46:48,2240
B00003266,U000032,C00073,view,2026-08-03 02:54:48,2196
B00003267,U000800,C00022,buy,2026-08-27 05:53:48,1594
B00003268,U000430,C00033,start_learning,2026-08-14 16:36:48,1655
B00003269,U000344,C00050,start_learning,2026-08-22 02:45:48,3350
B00003270,U000974,C00055,buy,2026-08-15 05:26:48,3150
B00003271,U000059,C00031,view,2026-08-13 03:41:48,2955
B00003272,U000456,C00055,buy,2026-08-28 18:53:48,3192
B00003273,U000690,C00086,start_learning,2026-08-10 06:51:48,1523
B00003274,U000369,C00087,start_learning,2026-08-29 05:35:48,3056
B00003275,U000551,C00008,finish,2026-08-18 02:44:48,470
B00003276,U000801,C00056,view,2026-08-20 02:04:48,2895
B00003277,U000222,C00011,start_learning,2026-08-19 17:28:48,3166
B00003278,U000487,C00050,view,2026-08-30 08:59:48,2195
B00003279,U000795,C00052,buy,2026-08-14 23:40:48,341
B00003280,U000628,C00004,view,2026-08-24 13:40:48,2358
B00003281,U000723,C00044,finish,2026-08-18 17:50:48,274
B00003282,U000537,C00086,view,2026-08-22 17:26:48,1894
B00003283,U000947,C00094,finish,2026-08-02 22:33:48,2874
B00003284,U000866,C00044,favorite,2026-08-23 05:26:48,1739
B00003285,U000503,C00030,start_learning,2026-08-30 23:45:48,3155
B00003286,U000611,C00061,favorite,2026-08-05 07:14:48,620
B00003287,U000290,C00065,start_learning,2026-08-29 14:57:48,3426
B00003288,U000587,C00093,favorite,2026-08-21 00:22:48,1824
B00003289,U000051,C00001,buy,2026-08-27 10:07:48,2
B00003290,U000681,C00054,view,2026-08-24 02:26:48,2155
B00003291,U000965,C00096,buy,2026-08-20 23:58:48,1326
B00003292,U000752,C00009,view,2026-08-22 14:50:48,1396
B00003293,U000221,C00020,view,2026-08-07 22:22:48,2093
B00003294,U000757,C00011,start_learning,2026-08-05 14:45:48,2652
B00003295,U000519,C00009,favorite,2026-08-21 02:25:48,937
B00003296,U000545,C00083,view,2026-08-17 03:20:48,3456
B00003297,U000644,C00050,view,2026-08-25 08:20:48,1508
B00003298,U000311,C00054,buy,2026-08-18 13:38:48,122
B00003299,U000402,C00061,view,2026-08-20 20:29:48,3578
B00003300,U000874,C00029,view,2026-08-21 15:54:48,692
B00003301,U000089,C00098,start_learning,2026-08-12 01:52:48,3316
B00003302,U000455,C00031,view,2026-08-22 03:45:48,2859
B00003303,U000643,C00020,finish,2026-08-03 14:05:48,3521
B00003304,U000530,C00089,view,2026-08-02 17:59:48,1953
B00003305,U000011,C00002,favorite,2026-08-17 06:05:48,1266
B00003306,U000193,C00058,start_learning,2026-08-18 13:21:48,3337
B00003307,U000538,C00007,finish,2026-08-15 19:19:48,2096
B00003308,U000735,C00043,buy,2026-08-19 02:19:48,1228
B00003309,U000656,C00034,buy,2026-08-08 17:53:48,3347
B00003310,U000515,C00098,view,2026-08-06 05:08:48,283
B00003311,U000058,C00095,favorite,2026-08-14 00:22:48,676
B00003312,U000804,C00026,favorite,2026-08-03 02:47:48,3482
B00003313,U000993,C00012,view,2026-08-28 17:59:48,491
B00003314,U000965,C00052,favorite,2026-08-28 00:35:48,688
B00003315,U000573,C00084,finish,2026-08-06 23:04:48,1866
B00003316,U000552,C00043,finish,2026-08-21 01:00:48,1234
B00003317,U000741,C00032,view,2026-08-10 02:19:48,255
B00003318,U000708,C00015,buy,2026-08-26 19:25:48,2533
B00003319,U000817,C00095,start_learning,2026-08-21 20:47:48,123
B00003320,U000366,C00046,start_learning,2026-08-10 02:07:48,2873
B00003321,U000057,C00090,finish,2026-08-04 21:22:48,570
B00003322,U000645,C00084,finish,2026-08-14 04:12:48,2732
B00003323,U000445,C00031,favorite,2026-08-27 01:37:48,1123
B00003324,U000190,C00032,buy,2026-08-20 07:42:48,1545
B00003325,U000178,C00041,buy,2026-08-14 22:36:48,1080
B00003326,U000549,C00069,view,2026-08-24 19:07:48,148
B00003327,U000282,C00008,finish,2026-08-19 20:09:48,3442
B00003328,U000815,C00062,view,2026-08-10 15:45:48,2924
B00003329,U000730,C00031,buy,2026-08-11 12:31:48,1177
B00003330,U000707,C00068,finish,2026-08-12 19:53:48,2769
B00003331,U000525,C00041,buy,2026-08-06 08:08:48,3361
B00003332,U000331,C00002,favorite,2026-08-19 17:47:48,1966
B00003333,U000268,C00018,favorite,2026-08-30 03:48:48,492
B00003334,U000953,C00033,favorite,2026-08-16 23:28:48,3422
B00003335,U000329,C00052,view,2026-08-25 07:53:48,2766
B00003336,U000769,C00064,finish,2026-08-10 10:57:48,1325
B00003337,U000076,C00023,finish,2026-08-10 01:50:48,2480
B00003338,U000428,C00086,buy,2026-08-17 22:26:48,86
B00003339,U000250,C00070,start_learning,2026-08-04 06:29:48,1465
B00003340,U000752,C00082,finish,2026-08-24 04:27:48,2518
B00003341,U000254,C00009,buy,2026-08-28 06:49:48,2152
B00003342,U000576,C00083,favorite,2026-08-19 07:36:48,1593
B00003343,U000751,C00022,favorite,2026-08-05 00:24:48,3436
B00003344,U000738,C00033,buy,2026-08-05 08:27:48,2035
B00003345,U000851,C00088,start_learning,2026-08-09 13:00:48,2697
B00003346,U000365,C00016,buy,2026-08-22 02:00:48,2547
B00003347,U000341,C00031,buy,2026-08-07 22:13:48,1281
B00003348,U000692,C00077,view,2026-08-30 00:32:48,1837
B00003349,U000587,C00044,start_learning,2026-08-20 10:23:48,376
B00003350,U000387,C00067,finish,2026-08-04 04:39:48,461
B00003351,U000632,C00086,favorite,2026-08-18 02:39:48,790
B00003352,U000557,C00049,view,2026-08-20 14:50:48,2765
B00003353,U000780,C00091,view,2026-08-05 03:32:48,1139
B00003354,U000425,C00007,start_learning,2026-08-16 04:58:48,1949
B00003355,U000674,C00097,finish,2026-08-05 18:49:48,190
B00003356,U000059,C00071,favorite,2026-08-25 12:32:48,3264
B00003357,U000289,C00010,start_learning,2026-08-19 04:36:48,1157
B00003358,U000573,C00044,view,2026-08-21 18:55:48,2264
B00003359,U000063,C00011,view,2026-08-17 22:58:48,3508
B00003360,U000297,C00065,favorite,2026-08-21 14:16:48,1261
B00003361,U000937,C00093,favorite,2026-08-12 01:27:48,1152
B00003362,U000106,C00026,finish,2026-08-11 00:42:48,603
B00003363,U000750,C00075,start_learning,2026-08-23 14:02:48,2895
B00003364,U000260,C00065,favorite,2026-08-16 15:05:48,3110
B00003365,U000691,C00068,favorite,2026-08-04 06:08:48,1643
B00003366,U000006,C00065,start_learning,2026-08-07 00:13:48,1283
B00003367,U000117,C00007,finish,2026-08-28 12:12:48,3460
B00003368,U000630,C00035,finish,2026-08-23 10:25:48,2415
B00003369,U000611,C00083,finish,2026-08-22 08:40:48,3413
B00003370,U000322,C00067,buy,2026-08-21 03:06:48,2510
B00003371,U000573,C00029,favorite,2026-08-05 19:10:48,2026
B00003372,U000373,C00091,buy,2026-08-06 06:28:48,2542
B00003373,U000594,C00028,buy,2026-08-16 17:47:48,1967
B00003374,U000600,C00013,finish,2026-08-30 22:20:48,881
B00003375,U000181,C00026,view,2026-08-12 07:21:48,94
B00003376,U000133,C00007,start_learning,2026-08-30 07:18:48,1996
B00003377,U000427,C00072,buy,2026-08-22 06:53:48,2980
B00003378,U000190,C00013,finish,2026-08-18 20:57:48,173
B00003379,U000741,C00024,start_learning,2026-08-10 20:12:48,2714
B00003380,U000502,C00028,view,2026-08-10 06:23:48,3088
B00003381,U000215,C00018,start_learning,2026-08-05 22:55:48,709
B00003382,U000655,C00043,buy,2026-08-31 20:58:48,2007
B00003383,U000961,C00017,favorite,2026-08-13 09:35:48,140
B00003384,U000685,C00012,view,2026-08-20 15:10:48,3533
B00003385,U000089,C00096,buy,2026-08-09 16:02:48,2267
B00003386,U000552,C00026,view,2026-08-11 07:18:48,2491
B00003387,U000622,C00011,favorite,2026-08-27 03:03:48,818
B00003388,U000350,C00070,start_learning,2026-08-27 08:06:48,375
B00003389,U000389,C00023,start_learning,2026-08-25 08:40:48,518
B00003390,U000351,C00033,finish,2026-08-17 00:45:48,1216
B00003391,U000277,C00018,view,2026-08-29 16:28:48,55
B00003392,U000966,C00029,start_learning,2026-08-12 06:52:48,2354
B00003393,U000717,C00066,view,2026-09-01 01:52:48,2546
B00003394,U000675,C00058,view,2026-08-28 02:23:48,2873
B00003395,U000745,C00066,start_learning,2026-08-30 04:56:48,3401
B00003396,U000219,C00056,view,2026-08-11 23:29:48,254
B00003397,U000311,C00013,view,2026-08-24 01:03:48,483
B00003398,U000065,C00010,finish,2026-08-05 09:50:48,27
B00003399,U000290,C00044,finish,2026-08-28 23:22:48,211
B00003400,U000924,C00094,buy,2026-08-28 19:56:48,623
B00003401,U000062,C00098,buy,2026-08-06 05:57:48,2315
B00003402,U000885,C00065,buy,2026-08-19 22:54:48,319
B00003403,U000825,C00052,start_learning,2026-08-30 10:02:48,1036
B00003404,U000524,C00080,view,2026-08-07 09:20:48,2024
B00003405,U000969,C00057,buy,2026-08-16 04:05:48,1785
B00003406,U000902,C00055,favorite,2026-08-28 08:58:48,3567
B00003407,U000451,C00082,view,2026-08-22 11:45:48,77
B00003408,U000127,C00076,finish,2026-08-12 09:24:48,2727
B00003409,U000140,C00072,start_learning,2026-08-17 20:13:48,2885
B00003410,U000818,C00014,favorite,2026-08-31 16:27:48,2106
B00003411,U000642,C00052,view,2026-08-21 00:06:48,2481
B00003412,U000540,C00073,finish,2026-08-16 01:45:48,1070
B00003413,U000887,C00057,favorite,2026-08-05 13:09:48,1865
B00003414,U000429,C00017,start_learning,2026-08-18 05:50:48,742
B00003415,U000407,C00058,view,2026-08-25 18:03:48,1755
B00003416,U000202,C00075,finish,2026-08-11 05:57:48,2615
B00003417,U000149,C00060,finish,2026-08-12 04:42:48,3304
B00003418,U000001,C00021,favorite,2026-08-17 20:52:48,1611
B00003419,U000820,C00011,start_learning,2026-08-06 08:59:48,379
B00003420,U000922,C00053,start_learning,2026-08-03 05:15:48,1984
B00003421,U000963,C00059,favorite,2026-08-06 11:54:48,2070
B00003422,U000687,C00039,finish,2026-08-14 23:08:48,2708
B00003423,U000279,C00013,view,2026-08-17 16:32:48,2645
B00003424,U000826,C00079,buy,2026-08-11 21:36:48,1771
B00003425,U000009,C00016,favorite,2026-08-16 04:31:48,67
B00003426,U000694,C00086,view,2026-08-31 16:47:48,3252
B00003427,U000339,C00032,start_learning,2026-08-12 17:56:48,3239
B00003428,U000474,C00085,buy,2026-08-06 12:57:48,902
B00003429,U000245,C00050,start_learning,2026-08-24 04:04:48,2141
B00003430,U000402,C00080,view,2026-08-16 13:58:48,1749
B00003431,U000086,C00040,buy,2026-08-20 09:56:48,947
B00003432,U000280,C00084,start_learning,2026-08-30 23:04:48,2367
B00003433,U000696,C00065,finish,2026-08-26 14:38:48,459
B00003434,U000240,C00090,start_learning,2026-08-11 06:29:48,2957
B00003435,U000487,C00050,view,2026-08-07 06:56:48,1552
B00003436,U000941,C00035,view,2026-08-05 00:54:48,913
B00003437,U000690,C00099,buy,2026-08-18 00:49:48,2240
B00003438,U000156,C00027,view,2026-08-31 09:51:48,1483
B00003439,U000694,C00006,buy,2026-08-23 20:57:48,1007
B00003440,U000127,C00010,finish,2026-08-28 06:19:48,2563
B00003441,U000509,C00032,buy,2026-08-30 07:58:48,762
B00003442,U000610,C00002,buy,2026-08-04 03:56:48,3297
B00003443,U000938,C00060,buy,2026-08-29 08:42:48,3411
B00003444,U000095,C00015,view,2026-08-14 18:47:48,758
B00003445,U000477,C00062,finish,2026-08-21 16:00:48,2305
B00003446,U000542,C00093,buy,2026-08-25 06:22:48,940
B00003447,U000012,C00044,view,2026-08-17 23:03:48,1713
B00003448,U000718,C00027,view,2026-08-05 21:50:48,2955
B00003449,U000494,C00079,finish,2026-08-16 10:20:48,3410
B00003450,U000569,C00078,view,2026-08-12 17:31:48,341
B00003451,U000524,C00066,finish,2026-08-05 12:22:48,101
B00003452,U000944,C00004,favorite,2026-08-28 18:14:48,1302
B00003453,U000722,C00090,favorite,2026-08-22 10:45:48,2320
B00003454,U000168,C00032,finish,2026-08-14 03:19:48,3415
B00003455,U000882,C00039,buy,2026-08-28 23:10:48,16
B00003456,U000472,C00071,buy,2026-08-08 18:28:48,1328
B00003457,U000950,C00059,buy,2026-08-09 11:45:48,3374
B00003458,U000538,C00035,favorite,2026-08-08 08:25:48,1506
B00003459,U000557,C00010,favorite,2026-08-26 22:51:48,3408
B00003460,U000389,C00021,finish,2026-08-04 17:34:48,819
B00003461,U000293,C00058,buy,2026-08-29 16:40:48,89
B00003462,U000256,C00027,view,2026-08-31 23:43:48,621
B00003463,U000522,C00080,start_learning,2026-08-30 01:00:48,3024
B00003464,U000927,C00050,view,2026-08-30 14:40:48,2792
B00003465,U000095,C00022,buy,2026-09-01 01:17:48,1063
B00003466,U000279,C00085,start_learning,2026-08-12 16:50:48,3143
B00003467,U000527,C00081,finish,2026-08-25 13:46:48,1941
B00003468,U000493,C00048,view,2026-08-06 16:02:48,339
B00003469,U000202,C00030,view,2026-08-30 13:32:48,717
B00003470,U000867,C00018,finish,2026-08-22 23:04:48,1356
B00003471,U000967,C00089,view,2026-08-05 01:27:48,2992
B00003472,U000634,C00016,buy,2026-08-14 02:45:48,3496
B00003473,U000098,C00064,start_learning,2026-08-14 14:56:48,508
B00003474,U000840,C00030,start_learning,2026-08-10 04:46:48,2621
B00003475,U000132,C00076,view,2026-08-06 04:40:48,2196
B00003476,U000251,C00069,view,2026-08-23 12:56:48,3364
B00003477,U000103,C00072,finish,2026-08-14 14:02:48,1082
B00003478,U000418,C00015,finish,2026-08-31 02:03:48,1354
B00003479,U000456,C00061,buy,2026-08-07 19:36:48,30
B00003480,U000538,C00013,start_learning,2026-08-25 12:02:48,114
B00003481,U000391,C00093,start_learning,2026-08-26 09:11:48,2519
B00003482,U000142,C00015,favorite,2026-08-22 00:46:48,170
B00003483,U000417,C00091,buy,2026-08-08 23:47:48,2952
B00003484,U000908,C00066,view,2026-08-29 13:46:48,2159
B00003485,U000936,C00049,start_learning,2026-08-13 05:28:48,767
B00003486,U000126,C00061,start_learning,2026-08-10 00:10:48,3410
B00003487,U000603,C00024,favorite,2026-08-03 15:28:48,2964
B00003488,U000925,C00043,view,2026-08-22 15:23:48,2708
B00003489,U000739,C00051,view,2026-08-09 10:58:48,2156
B00003490,U000093,C00064,view,2026-08-07 00:28:48,3348
B00003491,U000569,C00069,buy,2026-08-25 22:10:48,2649
B00003492,U000773,C00064,buy,2026-08-05 01:02:48,3249
B00003493,U000893,C00090,favorite,2026-08-21 23:44:48,2479
B00003494,U000244,C00077,view,2026-08-29 04:26:48,484
B00003495,U000473,C00042,view,2026-08-09 18:03:48,3181
B00003496,U000971,C00014,start_learning,2026-08-24 02:52:48,798
B00003497,U000826,C00085,start_learning,2026-08-24 23:17:48,1507
B00003498,U000092,C00082,start_learning,2026-08-02 20:24:48,1371
B00003499,U000022,C00018,favorite,2026-08-30 22:21:48,3175
B00003500,U000651,C00098,start_learning,2026-08-19 07:54:48,2825
B00003501,U000730,C00047,view,2026-08-21 15:02:48,3254
B00003502,U000219,C00015,finish,2026-08-11 22:56:48,2084
B00003503,U000097,C00008,view,2026-08-12 08:24:48,2200
B00003504,U000293,C00098,finish,2026-08-11 01:40:48,2107
B00003505,U000114,C00076,buy,2026-08-07 03:54:48,111
B00003506,U000492,C00029,favorite,2026-08-19 07:16:48,1089
B00003507,U000187,C00088,start_learning,2026-08-29 23:32:48,2165
B00003508,U000073,C00038,favorite,2026-08-15 11:38:48,227
B00003509,U000606,C00048,view,2026-08-19 04:12:48,3464
B00003510,U000449,C00008,view,2026-08-27 07:35:48,2868
B00003511,U000560,C00013,start_learning,2026-08-05 23:30:48,2347
B00003512,U000205,C00004,favorite,2026-08-29 15:00:48,1880
B00003513,U000982,C00094,favorite,2026-08-29 15:14:48,549
B00003514,U000842,C00036,finish,2026-08-05 06:00:48,3326
B00003515,U000122,C00066,finish,2026-08-06 10:14:48,3578
B00003516,U000536,C00078,start_learning,2026-08-16 18:29:48,545
B00003517,U000145,C00086,start_learning,2026-08-15 15:35:48,672
B00003518,U000806,C00035,view,2026-08-17 03:22:48,774
B00003519,U000275,C00018,finish,2026-08-06 16:33:48,3059
B00003520,U000639,C00034,favorite,2026-08-31 02:13:48,2572
B00003521,U000884,C00044,start_learning,2026-08-07 11:27:48,2477
B00003522,U000750,C00004,start_learning,2026-08-13 21:26:48,2761
B00003523,U000527,C00059,view,2026-08-10 18:45:48,1802
B00003524,U000961,C00012,finish,2026-08-20 09:31:48,1342
B00003525,U000845,C00043,start_learning,2026-08-20 07:34:48,370
B00003526,U000211,C00002,favorite,2026-08-31 05:48:48,1247
B00003527,U000012,C00056,view,2026-08-29 18:17:48,3398
B00003528,U000163,C00035,buy,2026-08-15 22:20:48,2718
B00003529,U000137,C00011,favorite,2026-09-01 13:43:48,219
B00003530,U000669,C00005,start_learning,2026-08-14 12:25:48,758
B00003531,U000135,C00069,favorite,2026-08-17 10:31:48,3590
B00003532,U000238,C00056,start_learning,2026-08-27 17:53:48,38
B00003533,U000633,C00048,start_learning,2026-08-31 02:10:48,937
B00003534,U000567,C00080,start_learning,2026-08-13 08:00:48,230
B00003535,U000796,C00041,view,2026-08-28 00:09:48,2585
B00003536,U000831,C00048,buy,2026-08-26 20:01:48,568
B00003537,U000668,C00042,view,2026-08-27 08:32:48,514
B00003538,U000123,C00030,start_learning,2026-08-08 03:55:48,992
B00003539,U000783,C00016,favorite,2026-08-22 07:42:48,2857
B00003540,U000462,C00039,buy,2026-08-26 15:21:48,2686
B00003541,U000345,C00053,favorite,2026-09-01 09:42:48,3543
B00003542,U000554,C00063,favorite,2026-08-21 01:58:48,1455
B00003543,U000191,C00045,start_learning,2026-08-10 05:56:48,1450
B00003544,U000204,C00071,finish,2026-08-31 11:35:48,447
B00003545,U000531,C00095,start_learning,2026-08-20 20:16:48,3381
B00003546,U000494,C00051,start_learning,2026-08-29 06:58:48,2968
B00003547,U000209,C00065,buy,2026-08-20 14:05:48,1571
B00003548,U000582,C00019,view,2026-08-10 04:27:48,966
B00003549,U000504,C00091,favorite,2026-08-25 14:24:48,2569
B00003550,U000571,C00081,finish,2026-08-22 06:00:48,294
B00003551,U000685,C00082,finish,2026-08-04 11:37:48,334
B00003552,U000151,C00045,finish,2026-08-20 20:50:48,2907
B00003553,U000122,C00034,start_learning,2026-09-01 00:16:48,3189
B00003554,U000658,C00029,finish,2026-08-04 10:55:48,387
B00003555,U000827,C00052,start_learning,2026-08-08 06:44:48,193
B00003556,U000095,C00067,finish,2026-08-11 12:55:48,2008
B00003557,U000102,C00015,buy,2026-08-14 06:19:48,2664
B00003558,U000876,C00075,view,2026-08-09 22:23:48,1764
B00003559,U000001,C00040,finish,2026-08-13 13:07:48,622
B00003560,U000633,C00086,view,2026-08-28 19:02:48,2098
B00003561,U000068,C00015,start_learning,2026-08-17 22:08:48,1157
B00003562,U000602,C00047,view,2026-08-16 02:15:48,653
B00003563,U000550,C00037,view,2026-08-19 02:31:48,1015
B00003564,U000307,C00030,view,2026-08-27 08:24:48,543
B00003565,U000997,C00022,view,2026-08-07 00:41:48,1981
B00003566,U000718,C00077,buy,2026-08-07 06:20:48,766
B00003567,U000917,C00009,favorite,2026-08-13 04:16:48,3287
B00003568,U000820,C00082,finish,2026-08-23 18:31:48,718
B00003569,U000640,C00084,view,2026-08-17 08:46:48,2057
B00003570,U000817,C00060,buy,2026-08-14 07:48:48,167
B00003571,U000721,C00026,finish,2026-08-06 01:01:48,1766
B00003572,U000909,C00014,start_learning,2026-08-05 15:36:48,2936
B00003573,U000082,C00054,buy,2026-08-06 11:31:48,1298
B00003574,U000870,C00066,finish,2026-08-06 00:19:48,1381
B00003575,U000732,C00039,view,2026-08-10 08:42:48,1264
B00003576,U000054,C00021,buy,2026-08-28 19:35:48,2004
B00003577,U000032,C00045,buy,2026-08-02 16:37:48,2478
B00003578,U000187,C00020,favorite,2026-08-06 18:05:48,3509
B00003579,U000601,C00071,finish,2026-08-30 02:43:48,2554
B00003580,U000556,C00067,favorite,2026-08-08 04:23:48,2587
B00003581,U000452,C00096,finish,2026-08-06 04:15:48,1057
B00003582,U000996,C00085,view,2026-08-24 21:59:48,1168
B00003583,U000490,C00087,finish,2026-08-14 15:48:48,503
B00003584,U000062,C00015,start_learning,2026-08-31 21:10:48,1887
B00003585,U000566,C00031,buy,2026-08-07 19:27:48,1169
B00003586,U000846,C00085,view,2026-08-29 01:31:48,1872
B00003587,U000266,C00087,start_learning,2026-08-30 07:36:48,3079
B00003588,U000031,C00061,view,2026-08-03 04:54:48,574
B00003589,U000844,C00072,finish,2026-08-20 18:07:48,400
B00003590,U000094,C00092,finish,2026-08-04 05:43:48,492
B00003591,U000690,C00087,view,2026-08-04 16:22:48,1815
B00003592,U000181,C00037,start_learning,2026-08-05 22:42:48,1909
B00003593,U000336,C00003,favorite,2026-08-31 16:47:48,3128
B00003594,U000906,C00040,view,2026-08-13 01:23:48,454
B00003595,U000101,C00067,favorite,2026-08-26 03:40:48,879
B00003596,U000741,C00079,start_learning,2026-08-19 03:13:48,3228
B00003597,U000490,C00057,view,2026-08-14 06:31:48,3175
B00003598,U000924,C00066,view,2026-08-06 14:50:48,2027
B00003599,U000037,C00008,start_learning,2026-08-29 02:19:48,73
B00003600,U000100,C00002,view,2026-08-28 06:54:48,641
B00003601,U000145,C00051,start_learning,2026-08-21 23:04:48,3250
B00003602,U000199,C00040,buy,2026-08-19 22:09:48,1505
B00003603,U000670,C00091,view,2026-08-03 00:40:48,2605
B00003604,U000824,C00001,view,2026-08-03 17:56:48,3431
B00003605,U000660,C00080,start_learning,2026-08-23 19:43:48,1460
B00003606,U000659,C00064,finish,2026-08-18 13:10:48,1332
B00003607,U000946,C00063,finish,2026-08-07 02:41:48,2799
B00003608,U000458,C00045,finish,2026-08-26 11:47:48,2955
B00003609,U000974,C00093,finish,2026-08-29 00:03:48,1031
B00003610,U001000,C00076,favorite,2026-08-07 00:52:48,3343
B00003611,U000597,C00078,buy,2026-08-03 20:13:48,1332
B00003612,U000626,C00035,favorite,2026-08-11 20:05:48,2945
B00003613,U000987,C00011,start_learning,2026-08-31 13:54:48,2350
B00003614,U000923,C00080,buy,2026-08-10 15:52:48,1894
B00003615,U000770,C00061,view,2026-08-30 03:23:48,2705
B00003616,U000043,C00095,view,2026-08-18 08:27:48,768
B00003617,U000686,C00091,buy,2026-08-09 21:58:48,3402
B00003618,U000303,C00057,finish,2026-08-17 07:32:48,2960
B00003619,U000064,C00063,favorite,2026-08-24 23:28:48,2645
B00003620,U000994,C00052,favorite,2026-08-09 08:41:48,3512
B00003621,U000480,C00018,view,2026-08-08 18:46:48,1617
B00003622,U000700,C00035,buy,2026-08-03 08:34:48,361
B00003623,U000684,C00076,finish,2026-08-08 01:58:48,1448
B00003624,U000874,C00055,buy,2026-08-04 17:49:48,1340
B00003625,U000553,C00060,start_learning,2026-08-29 06:19:48,1711
B00003626,U000250,C00024,finish,2026-08-13 20:19:48,2407
B00003627,U000093,C00062,finish,2026-08-29 19:58:48,1009
B00003628,U000227,C00063,view,2026-09-01 04:49:48,1309
B00003629,U000183,C00047,buy,2026-08-22 02:20:48,1679
B00003630,U000193,C00004,buy,2026-08-15 18:25:48,2978
B00003631,U000286,C00075,view,2026-08-22 06:43:48,2745
B00003632,U000781,C00075,view,2026-08-30 01:42:48,1020
B00003633,U000223,C00009,start_learning,2026-08-13 22:44:48,3139
B00003634,U000217,C00072,finish,2026-08-16 08:52:48,288
B00003635,U000510,C00082,buy,2026-08-16 18:42:48,2794
B00003636,U000220,C00092,view,2026-08-04 21:20:48,3364
B00003637,U000925,C00042,favorite,2026-09-01 04:16:48,2339
B00003638,U000718,C00038,finish,2026-08-15 21:28:48,1080
B00003639,U000560,C00041,favorite,2026-08-29 02:07:48,3445
B00003640,U000999,C00011,view,2026-08-19 06:26:48,1936
B00003641,U000969,C00042,finish,2026-08-14 06:28:48,475
B00003642,U000061,C00048,finish,2026-08-17 18:21:48,2300
B00003643,U000292,C00003,favorite,2026-08-23 23:15:48,1750
B00003644,U000260,C00035,buy,2026-08-06 14:47:48,1839
B00003645,U000879,C00068,start_learning,2026-08-25 23:53:48,547
B00003646,U000975,C00095,favorite,2026-08-20 18:18:48,122
B00003647,U000101,C00052,finish,2026-08-14 02:41:48,1045
B00003648,U000603,C00048,finish,2026-08-12 17:35:48,3239
B00003649,U000083,C00019,view,2026-08-09 20:04:48,3528
B00003650,U000908,C00070,finish,2026-08-20 18:14:48,128
B00003651,U000963,C00023,buy,2026-08-18 15:09:48,1552
B00003652,U000177,C00004,start_learning,2026-08-23 12:08:48,908
B00003653,U000739,C00066,buy,2026-08-26 13:26:48,3089
B00003654,U000469,C00062,view,2026-08-29 15:53:48,744
B00003655,U000560,C00092,start_learning,2026-09-01 11:12:48,824
B00003656,U000971,C00069,view,2026-08-31 17:26:48,2048
B00003657,U000989,C00060,favorite,2026-08-21 13:45:48,3107
B00003658,U000596,C00038,favorite,2026-08-31 18:25:48,2148
B00003659,U000030,C00078,view,2026-08-17 03:53:48,2068
B00003660,U000264,C00071,favorite,2026-08-03 04:52:48,1422
B00003661,U000641,C00060,favorite,2026-08-25 16:06:48,926
B00003662,U000927,C00042,view,2026-08-28 05:24:48,930
B00003663,U000117,C00046,start_learning,2026-08-15 14:40:48,891
B00003664,U000567,C00032,start_learning,2026-08-08 12:13:48,1907
B00003665,U000949,C00088,buy,2026-08-29 23:34:48,2406
B00003666,U000271,C00032,start_learning,2026-08-31 02:30:48,2813
B00003667,U000612,C00080,start_learning,2026-08-21 10:45:48,22
B00003668,U000774,C00075,favorite,2026-08-09 15:19:48,330
B00003669,U000860,C00047,finish,2026-08-28 22:08:48,636
B00003670,U000785,C00026,favorite,2026-08-02 20:15:48,1431
B00003671,U000298,C00080,view,2026-08-05 23:02:48,1814
B00003672,U000171,C00085,buy,2026-08-22 12:08:48,2976
B00003673,U000463,C00095,buy,2026-09-01 01:34:48,2000
B00003674,U000817,C00054,start_learning,2026-08-17 23:46:48,992
B00003675,U000847,C00045,start_learning,2026-08-06 16:10:48,2704
B00003676,U000462,C00050,favorite,2026-08-30 14:12:48,3544
B00003677,U000163,C00018,finish,2026-08-16 16:59:48,922
B00003678,U000106,C00057,view,2026-08-14 22:02:48,1175
B00003679,U000803,C00075,favorite,2026-08-04 07:41:48,3352
B00003680,U000364,C00033,start_learning,2026-08-26 06:44:48,84
B00003681,U000397,C00014,start_learning,2026-08-28 05:42:48,3227
B00003682,U000018,C00084,view,2026-08-11 03:41:48,1253
B00003683,U000677,C00090,favorite,2026-08-28 01:28:48,383
B00003684,U000471,C00003,view,2026-08-31 12:43:48,647
B00003685,U000547,C00061,buy,2026-08-24 21:58:48,1912
B00003686,U000197,C00061,buy,2026-08-29 18:04:48,762
B00003687,U000887,C00008,buy,2026-08-08 10:06:48,1869
B00003688,U000559,C00050,start_learning,2026-08-09 22:56:48,2536
B00003689,U000907,C00080,view,2026-08-06 10:17:48,2888
B00003690,U000532,C00066,finish,2026-08-30 19:18:48,2042
B00003691,U000806,C00094,favorite,2026-08-10 23:02:48,1958
B00003692,U000416,C00009,view,2026-08-31 05:48:48,2755
B00003693,U000300,C00094,view,2026-08-13 09:38:48,2424
B00003694,U000674,C00089,buy,2026-08-27 15:08:48,1672
B00003695,U000645,C00047,finish,2026-08-12 01:36:48,1252
B00003696,U000618,C00080,favorite,2026-08-16 23:02:48,2917
B00003697,U000451,C00036,buy,2026-08-20 10:05:48,1694
B00003698,U000389,C00003,finish,2026-08-08 20:23:48,302
B00003699,U000887,C00079,start_learning,2026-08-09 22:59:48,1209
B00003700,U000657,C00075,start_learning,2026-08-13 23:57:48,475
B00003701,U000832,C00083,start_learning,2026-08-10 09:58:48,308
B00003702,U000159,C00087,buy,2026-08-10 01:07:48,1607
B00003703,U000781,C00006,buy,2026-08-13 16:04:48,1276
B00003704,U000957,C00052,view,2026-08-21 12:05:48,1124
B00003705,U000432,C00047,view,2026-08-11 23:37:48,3267
B00003706,U000132,C00068,view,2026-08-17 14:01:48,318
B00003707,U000281,C00041,favorite,2026-08-30 22:09:48,2326
B00003708,U000135,C00077,start_learning,2026-08-16 18:01:48,420
B00003709,U000039,C00062,finish,2026-08-31 12:22:48,1254
B00003710,U000537,C00019,favorite,2026-08-30 23:27:48,1835
B00003711,U000265,C00026,finish,2026-08-18 00:12:48,1587
B00003712,U000248,C00034,view,2026-08-09 05:16:48,3157
B00003713,U000213,C00041,start_learning,2026-08-19 21:03:48,3374
B00003714,U000481,C00007,buy,2026-08-10 09:14:48,3011
B00003715,U000840,C00057,view,2026-08-22 20:56:48,1933
B00003716,U000952,C00020,view,2026-08-10 15:16:48,524
B00003717,U000454,C00004,start_learning,2026-08-29 22:28:48,434
B00003718,U000316,C00001,favorite,2026-08-14 04:01:48,604
B00003719,U000892,C00013,buy,2026-08-30 17:58:48,1465
B00003720,U000652,C00020,favorite,2026-08-26 01:02:48,984
B00003721,U000120,C00062,finish,2026-08-05 16:13:48,2572
B00003722,U000236,C00096,start_learning,2026-08-27 00:12:48,295
B00003723,U000053,C00038,view,2026-08-21 08:47:48,1769
B00003724,U000907,C00065,favorite,2026-08-23 06:53:48,3070
B00003725,U000130,C00083,buy,2026-08-19 02:24:48,1940
B00003726,U000810,C00073,finish,2026-08-20 01:14:48,1803
B00003727,U000721,C00018,start_learning,2026-08-15 09:02:48,1303
B00003728,U000232,C00080,finish,2026-08-06 07:38:48,613
B00003729,U000937,C00008,view,2026-08-30 13:49:48,87
B00003730,U000995,C00002,favorite,2026-08-16 08:45:48,1092
B00003731,U000906,C00087,finish,2026-08-06 01:15:48,1323
B00003732,U000969,C00057,finish,2026-08-14 19:46:48,916
B00003733,U000228,C00037,finish,2026-08-27 06:28:48,92
B00003734,U000030,C00078,view,2026-08-05 05:38:48,192
B00003735,U001000,C00033,buy,2026-08-30 15:26:48,2750
B00003736,U000468,C00060,buy,2026-08-08 23:33:48,3524
B00003737,U000839,C00074,finish,2026-08-19 00:54:48,516
B00003738,U000114,C00029,favorite,2026-08-30 13:06:48,1547
B00003739,U000484,C00029,buy,2026-08-20 04:22:48,1186
B00003740,U000372,C00073,start_learning,2026-08-07 06:26:48,1716
B00003741,U000842,C00024,buy,2026-08-28 22:14:48,2056
B00003742,U000692,C00038,buy,2026-08-23 11:35:48,2049
B00003743,U000726,C00049,finish,2026-08-08 07:47:48,233
B00003744,U000353,C00068,favorite,2026-08-19 19:14:48,2432
B00003745,U000229,C00029,start_learning,2026-08-24 03:15:48,1420
B00003746,U000359,C00070,start_learning,2026-08-30 03:24:48,1345
B00003747,U000460,C00065,buy,2026-08-27 07:31:48,1693
B00003748,U000458,C00078,view,2026-08-28 03:32:48,281
B00003749,U000053,C00082,view,2026-08-20 13:11:48,2740
B00003750,U000747,C00071,view,2026-08-04 06:54:48,2002
B00003751,U000614,C00092,view,2026-08-16 03:37:48,2920
B00003752,U000680,C00079,view,2026-08-05 00:55:48,1435
B00003753,U000063,C00045,start_learning,2026-08-05 15:56:48,3119
B00003754,U000049,C00034,buy,2026-08-05 12:08:48,351
B00003755,U000640,C00042,buy,2026-08-10 08:24:48,453
B00003756,U000121,C00015,finish,2026-08-27 22:47:48,2134
B00003757,U000734,C00096,buy,2026-08-07 03:22:48,2069
B00003758,U000060,C00027,favorite,2026-08-09 06:31:48,716
B00003759,U000396,C00052,finish,2026-08-12 18:19:48,1404
B00003760,U000110,C00058,buy,2026-08-15 15:56:48,3000
B00003761,U000337,C00040,favorite,2026-08-11 17:33:48,1387
B00003762,U000253,C00023,view,2026-08-15 13:16:48,1294
B00003763,U000679,C00074,start_learning,2026-08-12 15:55:48,1079
B00003764,U000355,C00046,view,2026-08-15 09:08:48,3314
B00003765,U000895,C00005,favorite,2026-08-31 17:20:48,1565
B00003766,U000068,C00078,favorite,2026-08-11 09:46:48,363
B00003767,U000780,C00053,finish,2026-08-12 07:03:48,337
B00003768,U000028,C00053,favorite,2026-08-26 00:46:48,1108
B00003769,U000351,C00036,view,2026-08-10 18:03:48,2331
B00003770,U000944,C00024,finish,2026-08-04 14:47:48,270
B00003771,U000942,C00037,finish,2026-08-24 22:33:48,2437
B00003772,U000913,C00023,buy,2026-08-14 17:32:48,402
B00003773,U000460,C00039,start_learning,2026-08-31 18:04:48,2417
B00003774,U000600,C00099,start_learning,2026-08-18 05:35:48,1907
B00003775,U000850,C00090,buy,2026-08-18 08:54:48,1527
B00003776,U000018,C00011,finish,2026-08-11 22:06:48,1321
B00003777,U000648,C00008,view,2026-08-03 04:24:48,1936
B00003778,U000536,C00062,favorite,2026-08-10 16:20:48,882
B00003779,U000917,C00079,favorite,2026-08-11 16:23:48,2557
B00003780,U000996,C00087,start_learning,2026-08-28 13:57:48,369
B00003781,U000199,C00063,finish,2026-08-09 22:48:48,2108
B00003782,U000631,C00005,view,2026-08-24 05:41:48,2378
B00003783,U000047,C00078,start_learning,2026-08-04 07:43:48,670
B00003784,U000307,C00011,favorite,2026-08-08 17:24:48,792
B00003785,U000575,C00045,view,2026-08-07 15:38:48,2679
B00003786,U000157,C00053,view,2026-08-12 21:36:48,2076
B00003787,U000668,C00079,view,2026-08-05 23:19:48,2613
B00003788,U000626,C00057,view,2026-08-17 22:25:48,259
B00003789,U000388,C00023,favorite,2026-08-15 21:50:48,3130
B00003790,U000995,C00077,start_learning,2026-08-25 19:59:48,104
B00003791,U000618,C00072,favorite,2026-08-07 00:03:48,1619
B00003792,U000603,C00032,start_learning,2026-08-13 23:51:48,2740
B00003793,U000029,C00022,finish,2026-08-16 04:16:48,2923
B00003794,U000775,C00015,view,2026-08-20 17:13:48,2807
B00003795,U000273,C00072,finish,2026-08-31 19:07:48,2109
B00003796,U000697,C00003,view,2026-08-09 12:46:48,3177
B00003797,U000048,C00036,finish,2026-08-29 21:14:48,347
B00003798,U000491,C00011,favorite,2026-08-08 22:21:48,224
B00003799,U000009,C00081,start_learning,2026-08-31 16:00:48,971
B00003800,U000092,C00013,start_learning,2026-08-06 16:46:48,47
B00003801,U000659,C00018,finish,2026-08-05 19:50:48,2371
B00003802,U000239,C00088,finish,2026-08-12 17:59:48,473
B00003803,U000510,C00047,finish,2026-08-06 23:33:48,2574
B00003804,U000746,C00066,buy,2026-08-11 16:42:48,1829
B00003805,U000424,C00056,start_learning,2026-08-11 00:43:48,2992
B00003806,U000756,C00021,favorite,2026-08-19 14:47:48,2454
B00003807,U000713,C00071,finish,2026-08-24 08:10:48,1001
B00003808,U000286,C00085,finish,2026-08-14 07:23:48,1706
B00003809,U000529,C00094,favorite,2026-08-11 00:38:48,3111
B00003810,U000889,C00074,start_learning,2026-08-21 17:58:48,3147
B00003811,U000250,C00043,favorite,2026-08-19 05:45:48,1172
B00003812,U000084,C00038,favorite,2026-08-18 23:15:48,2308
B00003813,U000997,C00042,start_learning,2026-08-05 08:02:48,2940
B00003814,U000329,C00097,view,2026-08-19 22:02:48,182
B00003815,U000972,C00077,finish,2026-08-22 19:52:48,3093
B00003816,U000744,C00099,finish,2026-08-29 04:59:48,2024
B00003817,U000235,C00029,favorite,2026-08-25 19:08:48,1746
B00003818,U000469,C00014,finish,2026-08-04 20:09:48,3045
B00003819,U000928,C00061,start_learning,2026-08-16 16:25:48,523
B00003820,U000007,C00032,finish,2026-08-02 16:09:48,2273
B00003821,U000273,C00043,buy,2026-08-13 03:27:48,1750
B00003822,U000061,C00058,start_learning,2026-08-22 19:47:48,1772
B00003823,U000071,C00059,buy,2026-08-07 03:01:48,1040
B00003824,U000180,C00053,favorite,2026-08-26 14:13:48,1612
B00003825,U000828,C00009,start_learning,2026-08-23 00:37:48,2600
B00003826,U000039,C00078,finish,2026-08-16 12:52:48,474
B00003827,U000679,C00065,buy,2026-08-31 09:46:48,558
B00003828,U000982,C00031,finish,2026-08-19 10:36:48,1849
B00003829,U000602,C00094,finish,2026-08-14 13:38:48,257
B00003830,U000035,C00014,favorite,2026-08-26 15:17:48,130
B00003831,U000016,C00024,favorite,2026-08-27 06:24:48,2276
B00003832,U000994,C00075,view,2026-08-22 12:21:48,3143
B00003833,U000455,C00059,favorite,2026-08-10 09:23:48,1604
B00003834,U000096,C00012,view,2026-08-03 21:44:48,61
B00003835,U000644,C00023,start_learning,2026-08-11 17:51:48,2671
B00003836,U000123,C00064,favorite,2026-08-13 20:14:48,3245
B00003837,U000905,C00099,favorite,2026-08-07 08:11:48,2905
B00003838,U000324,C00090,finish,2026-08-06 22:23:48,930
B00003839,U000617,C00044,finish,2026-08-17 22:24:48,2967
B00003840,U000711,C00090,favorite,2026-08-15 02:47:48,3067
B00003841,U000192,C00071,start_learning,2026-08-09 00:34:48,3027
B00003842,U000516,C00005,buy,2026-08-31 01:44:48,1526
B00003843,U000833,C00004,start_learning,2026-08-31 16:17:48,2675
B00003844,U000922,C00035,buy,2026-08-14 23:18:48,2317
B00003845,U000690,C00085,favorite,2026-08-13 11:23:48,2752
B00003846,U000111,C00021,start_learning,2026-08-02 18:42:48,2072
B00003847,U000385,C00071,finish,2026-08-12 23:43:48,2125
B00003848,U000546,C00042,favorite,2026-08-07 16:52:48,1116
B00003849,U000513,C00045,favorite,2026-08-16 06:33:48,2629
B00003850,U000757,C00012,finish,2026-08-04 16:28:48,2247
B00003851,U000231,C00095,buy,2026-08-22 08:56:48,2941
B00003852,U000478,C00061,finish,2026-08-13 22:29:48,1326
B00003853,U000017,C00015,finish,2026-08-08 21:45:48,1837
B00003854,U000836,C00044,favorite,2026-08-07 06:50:48,126
B00003855,U000850,C00047,start_learning,2026-08-05 09:07:48,2860
B00003856,U000641,C00039,finish,2026-08-13 05:17:48,132
B00003857,U000346,C00075,view,2026-08-25 20:59:48,1849
B00003858,U000002,C00096,favorite,2026-08-31 05:06:48,2877
B00003859,U000834,C00014,start_learning,2026-08-15 03:30:48,2075
B00003860,U000984,C00099,favorite,2026-08-15 11:30:48,957
B00003861,U000017,C00074,favorite,2026-08-10 00:33:48,1567
B00003862,U000683,C00097,view,2026-08-05 06:58:48,1701
B00003863,U000021,C00076,finish,2026-08-28 09:04:48,3231
B00003864,U000491,C00056,start_learning,2026-08-28 06:25:48,215
B00003865,U000085,C00047,start_learning,2026-08-27 14:18:48,2101
B00003866,U000925,C00093,view,2026-08-30 15:05:48,3101
B00003867,U000210,C00053,start_learning,2026-08-08 01:43:48,533
B00003868,U000833,C00006,view,2026-08-12 22:02:48,2769
B00003869,U000879,C00078,view,2026-08-20 23:25:48,2546
B00003870,U000764,C00073,start_learning,2026-08-25 20:05:48,686
B00003871,U000974,C00013,view,2026-08-13 17:49:48,1066
B00003872,U000278,C00013,view,2026-08-15 10:50:48,2798
B00003873,U000956,C00099,favorite,2026-08-18 19:28:48,2231
B00003874,U000991,C00018,start_learning,2026-08-13 03:40:48,688
B00003875,U000295,C00054,finish,2026-08-31 19:20:48,228
B00003876,U000678,C00036,start_learning,2026-08-27 13:00:48,3475
B00003877,U000874,C00044,buy,2026-08-29 21:39:48,1730
B00003878,U000194,C00075,buy,2026-08-17 19:42:48,3178
B00003879,U000384,C00095,start_learning,2026-08-03 16:22:48,2790
B00003880,U000268,C00085,start_learning,2026-08-11 22:55:48,3009
B00003881,U000220,C00035,view,2026-08-08 16:38:48,1356
B00003882,U000654,C00090,finish,2026-08-13 08:02:48,1119
B00003883,U000970,C00029,favorite,2026-08-17 12:41:48,625
B00003884,U000662,C00025,buy,2026-08-23 15:22:48,152
B00003885,U000521,C00037,view,2026-08-03 03:17:48,3450
B00003886,U000618,C00100,view,2026-08-06 04:29:48,2639
B00003887,U000956,C00087,buy,2026-08-02 22:34:48,1318
B00003888,U000089,C00029,start_learning,2026-08-15 04:21:48,527
B00003889,U000721,C00026,view,2026-08-08 22:29:48,3239
B00003890,U000261,C00023,favorite,2026-08-15 19:19:48,3045
B00003891,U000510,C00095,favorite,2026-08-16 10:11:48,1095
B00003892,U000407,C00051,start_learning,2026-08-13 09:21:48,27
B00003893,U000403,C00090,finish,2026-08-05 19:49:48,2870
B00003894,U000310,C00095,buy,2026-08-08 02:58:48,1623
B00003895,U000497,C00043,finish,2026-08-28 13:00:48,1735
B00003896,U000299,C00038,view,2026-08-30 10:58:48,1490
B00003897,U000344,C00091,finish,2026-08-10 23:10:48,2509
B00003898,U000941,C00004,finish,2026-08-16 08:18:48,1060
B00003899,U000437,C00029,start_learning,2026-08-11 03:31:48,1758
B00003900,U000416,C00013,start_learning,2026-08-23 07:57:48,2698
B00003901,U000868,C00059,start_learning,2026-08-25 09:47:48,843
B00003902,U000890,C00038,favorite,2026-08-14 23:01:48,2030
B00003903,U000142,C00070,start_learning,2026-08-09 17:59:48,1041
B00003904,U000516,C00028,buy,2026-08-07 06:34:48,3011
B00003905,U000375,C00003,buy,2026-08-22 04:20:48,2803
B00003906,U000482,C00015,view,2026-08-14 16:21:48,1052
B00003907,U000810,C00025,start_learning,2026-08-16 18:18:48,2988
B00003908,U000471,C00090,finish,2026-08-06 19:39:48,796
B00003909,U000485,C00075,favorite,2026-08-29 17:04:48,2815
B00003910,U000187,C00054,buy,2026-08-31 19:06:48,771
B00003911,U000974,C00002,start_learning,2026-08-20 13:29:48,107
B00003912,U000587,C00072,view,2026-09-01 09:20:48,2163
B00003913,U000302,C00020,buy,2026-08-27 22:09:48,1071
B00003914,U000884,C00099,view,2026-08-20 22:38:48,1464
B00003915,U000965,C00086,start_learning,2026-08-04 16:59:48,1718
B00003916,U000038,C00008,favorite,2026-08-15 23:28:48,2388
B00003917,U000470,C00057,view,2026-08-21 07:34:48,2065
B00003918,U000409,C00068,view,2026-08-22 14:30:48,1332
B00003919,U000536,C00024,start_learning,2026-08-07 15:06:48,1123
B00003920,U000741,C00024,finish,2026-08-10 23:27:48,3248
B00003921,U000947,C00027,view,2026-08-29 05:33:48,3014
B00003922,U000681,C00006,buy,2026-08-06 04:37:48,2993
B00003923,U000601,C00095,view,2026-08-28 08:46:48,2547
B00003924,U000312,C00001,start_learning,2026-08-25 20:13:48,762
B00003925,U000553,C00092,view,2026-08-25 10:36:48,3388
B00003926,U000519,C00062,finish,2026-08-24 09:40:48,983
B00003927,U000690,C00006,favorite,2026-08-06 17:04:48,1445
B00003928,U000929,C00056,favorite,2026-08-14 08:01:48,2065
B00003929,U000794,C00002,buy,2026-08-21 16:04:48,2035
B00003930,U000989,C00012,start_learning,2026-08-06 17:12:48,2148
B00003931,U000437,C00002,finish,2026-08-28 20:52:48,1677
B00003932,U000677,C00087,finish,2026-08-25 05:27:48,3389
B00003933,U000788,C00002,start_learning,2026-08-22 06:54:48,961
B00003934,U000002,C00079,view,2026-08-10 00:29:48,2168
B00003935,U000572,C00002,favorite,2026-08-03 09:40:48,2550
B00003936,U000068,C00003,view,2026-08-20 21:20:48,567
B00003937,U000523,C00027,favorite,2026-08-24 03:12:48,391
B00003938,U000884,C00055,favorite,2026-08-26 05:44:48,356
B00003939,U000475,C00050,view,2026-08-28 17:50:48,3404
B00003940,U000939,C00098,finish,2026-08-14 03:16:48,1707
B00003941,U000380,C00026,favorite,2026-08-31 08:24:48,564
B00003942,U000666,C00032,favorite,2026-08-17 11:09:48,1155
B00003943,U000282,C00050,favorite,2026-08-14 11:51:48,1899
B00003944,U000991,C00098,view,2026-08-04 04:55:48,425
B00003945,U000626,C00042,favorite,2026-08-26 19:08:48,3271
B00003946,U000725,C00081,start_learning,2026-08-16 01:35:48,3030
B00003947,U000692,C00035,buy,2026-08-24 09:34:48,685
B00003948,U000165,C00097,view,2026-08-14 05:24:48,1976
B00003949,U000996,C00072,view,2026-08-05 06:07:48,1195
B00003950,U000327,C00055,favorite,2026-08-24 19:50:48,75
B00003951,U000854,C00054,favorite,2026-08-03 05:04:48,1918
B00003952,U000229,C00081,start_learning,2026-08-13 12:23:48,2317
B00003953,U000387,C00034,finish,2026-08-11 05:31:48,2256
B00003954,U000468,C00064,favorite,2026-08-04 23:59:48,3355
B00003955,U000637,C00076,start_learning,2026-08-20 22:43:48,2108
B00003956,U000339,C00009,finish,2026-08-28 23:56:48,2020
B00003957,U000960,C00080,finish,2026-08-09 21:00:48,1889
B00003958,U000889,C00074,favorite,2026-08-29 13:44:48,161
B00003959,U000704,C00012,buy,2026-08-18 06:03:48,275
B00003960,U000919,C00066,view,2026-08-22 03:25:48,1118
B00003961,U000250,C00098,favorite,2026-08-29 15:44:48,424
B00003962,U000347,C00098,view,2026-08-16 14:02:48,3066
B00003963,U000766,C00090,buy,2026-08-25 00:36:48,263
B00003964,U000694,C00056,finish,2026-08-25 05:32:48,906
B00003965,U000742,C00091,finish,2026-08-20 02:21:48,2637
B00003966,U000878,C00066,favorite,2026-08-18 02:06:48,3217
B00003967,U000223,C00035,view,2026-08-30 14:21:48,1289
B00003968,U000422,C00005,finish,2026-08-08 03:16:48,3331
B00003969,U000175,C00072,favorite,2026-08-06 20:18:48,115
B00003970,U000401,C00098,view,2026-08-05 06:15:48,523
B00003971,U000645,C00047,finish,2026-08-21 05:56:48,2015
B00003972,U000480,C00059,view,2026-08-19 12:58:48,3020
B00003973,U000507,C00033,view,2026-08-11 20:17:48,2818
B00003974,U000115,C00017,finish,2026-08-23 15:26:48,2379
B00003975,U000579,C00070,finish,2026-08-15 00:05:48,425
B00003976,U000077,C00051,favorite,2026-08-25 23:52:48,406
B00003977,U000473,C00057,start_learning,2026-08-22 15:43:48,1805
B00003978,U000009,C00067,buy,2026-08-28 00:44:48,2192
B00003979,U000692,C00071,view,2026-08-22 05:00:48,1118
B00003980,U000045,C00056,finish,2026-08-20 20:56:48,2853
B00003981,U000614,C00023,favorite,2026-08-14 04:09:48,16
B00003982,U000342,C00021,favorite,2026-08-04 11:42:48,1699
B00003983,U000219,C00014,view,2026-08-05 18:19:48,614
B00003984,U000790,C00058,finish,2026-08-16 01:55:48,267
B00003985,U000044,C00080,start_learning,2026-08-21 12:16:48,990
B00003986,U000733,C00100,view,2026-08-14 17:59:48,2716
B00003987,U000790,C00070,start_learning,2026-09-01 06:55:48,114
B00003988,U000678,C00064,start_learning,2026-08-08 19:01:48,2845
B00003989,U000627,C00005,view,2026-08-29 13:35:48,18
B00003990,U000887,C00050,start_learning,2026-08-24 01:36:48,1542
B00003991,U000450,C00079,buy,2026-08-29 16:56:48,2390
B00003992,U000341,C00023,finish,2026-08-18 10:52:48,1747
B00003993,U000100,C00040,buy,2026-08-18 16:55:48,2296
B00003994,U000691,C00017,favorite,2026-08-12 20:31:48,502
B00003995,U000555,C00027,start_learning,2026-08-30 23:31:48,1714
B00003996,U000397,C00020,start_learning,2026-08-10 19:40:48,462
B00003997,U000293,C00096,buy,2026-08-27 20:27:48,2041
B00003998,U000360,C00078,favorite,2026-08-14 13:59:48,2963
B00003999,U000355,C00098,view,2026-08-25 12:18:48,560
B00004000,U000707,C00055,view,2026-08-20 14:38:48,1370
B00004001,U000148,C00012,buy,2026-08-14 03:23:48,1658
B00004002,U000962,C00029,start_learning,2026-08-11 03:56:48,3238
B00004003,U000646,C00090,view,2026-08-17 19:24:48,69
B00004004,U000741,C00005,buy,2026-08-21 07:13:48,3309
B00004005,U000464,C00002,finish,2026-08-09 04:11:48,1686
B00004006,U000121,C00063,favorite,2026-08-07 13:22:48,1360
B00004007,U000374,C00007,favorite,2026-08-20 11:38:48,1812
B00004008,U000636,C00070,favorite,2026-08-24 04:14:48,1709
B00004009,U000331,C00075,buy,2026-08-07 09:29:48,816
B00004010,U000290,C00098,finish,2026-08-06 16:34:48,1877
B00004011,U000044,C00073,finish,2026-08-25 11:21:48,3145
B00004012,U000248,C00010,finish,2026-08-16 05:20:48,1663
B00004013,U000499,C00045,finish,2026-08-25 05:33:48,801
B00004014,U000510,C00009,finish,2026-08-05 10:39:48,3595
B00004015,U000968,C00069,start_learning,2026-08-30 02:05:48,2057
B00004016,U000206,C00009,finish,2026-08-14 23:44:48,136
B00004017,U000451,C00025,favorite,2026-08-11 01:37:48,1027
B00004018,U000064,C00022,buy,2026-08-10 06:49:48,673
B00004019,U000077,C00094,finish,2026-08-12 23:17:48,13
B00004020,U000766,C00052,finish,2026-08-19 20:49:48,2718
B00004021,U000224,C00067,finish,2026-08-25 13:34:48,1330
B00004022,U000157,C00028,favorite,2026-08-03 18:45:48,371
B00004023,U000765,C00024,buy,2026-08-06 03:00:48,3125
B00004024,U000680,C00087,buy,2026-08-20 22:28:48,1159
B00004025,U000256,C00045,start_learning,2026-08-21 17:34:48,366
B00004026,U000835,C00074,start_learning,2026-08-20 22:10:48,327
B00004027,U000307,C00024,finish,2026-08-13 14:09:48,3222
B00004028,U000022,C00052,start_learning,2026-08-08 18:59:48,1087
B00004029,U000834,C00056,favorite,2026-08-17 15:58:48,537
B00004030,U000620,C00042,finish,2026-08-18 19:34:48,490
B00004031,U000401,C00065,finish,2026-08-10 07:12:48,3088
B00004032,U000637,C00026,start_learning,2026-08-13 18:35:48,2858
B00004033,U000429,C00014,finish,2026-08-26 12:19:48,364
B00004034,U000789,C00043,buy,2026-08-11 07:50:48,99
B00004035,U000055,C00070,start_learning,2026-08-10 10:47:48,2083
B00004036,U000717,C00094,finish,2026-08-10 20:28:48,261
B00004037,U000665,C00061,view,2026-08-07 17:50:48,188
B00004038,U000421,C00083,finish,2026-08-12 02:49:48,1631
B00004039,U000112,C00016,view,2026-09-01 09:01:48,388
B00004040,U000497,C00094,favorite,2026-08-15 04:51:48,1274
B00004041,U000971,C00022,start_learning,2026-08-11 19:49:48,664
B00004042,U000308,C00058,finish,2026-08-24 14:33:48,3279
B00004043,U000320,C00050,favorite,2026-08-25 12:35:48,2008
B00004044,U000973,C00052,finish,2026-08-12 00:56:48,3324
B00004045,U000537,C00007,view,2026-09-01 01:16:48,2071
B00004046,U000721,C00054,buy,2026-08-28 07:23:48,343
B00004047,U000912,C00058,start_learning,2026-08-02 22:19:48,2507
B00004048,U000973,C00080,finish,2026-08-27 04:13:48,2873
B00004049,U000469,C00100,favorite,2026-08-10 00:50:48,936
B00004050,U000680,C00092,buy,2026-08-07 21:36:48,453
B00004051,U000277,C00036,view,2026-08-22 22:59:48,3258
B00004052,U000605,C00099,favorite,2026-08-23 08:13:48,2404
B00004053,U000571,C00099,favorite,2026-08-09 16:38:48,3489
B00004054,U000337,C00002,finish,2026-08-22 03:45:48,1439
B00004055,U000466,C00094,buy,2026-08-14 21:05:48,2655
B00004056,U000261,C00046,view,2026-08-06 01:50:48,3567
B00004057,U000055,C00068,start_learning,2026-08-12 22:32:48,2219
B00004058,U000758,C00071,favorite,2026-08-12 00:38:48,1115
B00004059,U000389,C00044,favorite,2026-08-07 16:59:48,325
B00004060,U000544,C00040,favorite,2026-08-21 18:13:48,40
B00004061,U000314,C00054,view,2026-08-19 13:17:48,748
B00004062,U000051,C00050,view,2026-08-26 11:16:48,1334
B00004063,U000994,C00083,start_learning,2026-08-16 19:24:48,850
B00004064,U000468,C00035,favorite,2026-08-18 15:45:48,2812
B00004065,U000229,C00019,finish,2026-08-24 05:42:48,1993
B00004066,U000918,C00020,view,2026-08-03 17:01:48,132
B00004067,U000556,C00100,view,2026-08-03 18:35:48,663
B00004068,U000407,C00027,buy,2026-08-04 12:50:48,1001
B00004069,U000292,C00047,view,2026-08-19 07:03:48,809
B00004070,U000676,C00004,buy,2026-08-16 10:48:48,1433
B00004071,U000532,C00093,start_learning,2026-08-15 02:58:48,3544
B00004072,U000355,C00080,favorite,2026-08-06 22:41:48,3270
B00004073,U000130,C00010,start_learning,2026-08-29 20:36:48,2942
B00004074,U000661,C00093,favorite,2026-08-03 07:56:48,2000
B00004075,U000294,C00022,buy,2026-08-27 19:59:48,1437
B00004076,U000365,C00003,favorite,2026-08-06 11:59:48,131
B00004077,U000318,C00054,buy,2026-08-03 11:55:48,1420
B00004078,U000287,C00050,view,2026-08-24 16:23:48,1494
B00004079,U000328,C00061,buy,2026-08-24 20:12:48,1166
B00004080,U000717,C00041,finish,2026-08-29 18:28:48,2829
B00004081,U000043,C00082,view,2026-08-28 03:58:48,1866
B00004082,U000817,C00011,view,2026-08-16 17:35:48,1225
B00004083,U000791,C00072,favorite,2026-08-09 09:44:48,1335
B00004084,U000020,C00068,favorite,2026-08-04 22:52:48,1475
B00004085,U000345,C00057,view,2026-08-14 21:31:48,629
B00004086,U000583,C00051,start_learning,2026-08-02 23:20:48,7
B00004087,U000252,C00015,view,2026-08-02 18:05:48,3490
B00004088,U000777,C00029,start_learning,2026-08-16 21:55:48,1692
B00004089,U000849,C00081,start_learning,2026-08-04 21:13:48,3364
B00004090,U000834,C00038,start_learning,2026-08-14 15:48:48,3591
B00004091,U000715,C00043,view,2026-08-12 03:43:48,1549
B00004092,U000385,C00099,start_learning,2026-08-18 09:39:48,515
B00004093,U000105,C00030,view,2026-08-13 21:50:48,738
B00004094,U000187,C00096,view,2026-08-28 16:29:48,1031
B00004095,U000914,C00067,start_learning,2026-08-16 22:57:48,1077
B00004096,U000346,C00068,finish,2026-08-23 08:19:48,857
B00004097,U000138,C00090,finish,2026-08-08 04:10:48,380
B00004098,U000790,C00046,view,2026-08-14 21:50:48,397
B00004099,U000721,C00033,view,2026-08-04 20:41:48,1265
B00004100,U000669,C00078,view,2026-08-20 13:14:48,3212
B00004101,U000870,C00007,finish,2026-08-11 19:08:48,1983
B00004102,U000395,C00021,finish,2026-08-17 11:10:48,3433
B00004103,U000982,C00066,view,2026-08-18 15:12:48,2523
B00004104,U000222,C00001,finish,2026-08-31 13:16:48,207
B00004105,U000346,C00075,buy,2026-08-22 17:02:48,765
B00004106,U000765,C00080,finish,2026-08-17 11:15:48,1208
B00004107,U000118,C00049,favorite,2026-08-03 20:34:48,3087
B00004108,U000112,C00015,start_learning,2026-08-02 20:53:48,691
B00004109,U000347,C00074,start_learning,2026-08-15 12:43:48,598
B00004110,U000791,C00038,favorite,2026-08-18 02:23:48,189
B00004111,U000681,C00086,start_learning,2026-08-08 17:00:48,3435
B00004112,U000379,C00007,view,2026-08-11 04:52:48,3516
B00004113,U000804,C00077,favorite,2026-08-06 18:49:48,39
B00004114,U000202,C00069,finish,2026-08-05 15:37:48,1633
B00004115,U000452,C00046,favorite,2026-08-08 04:14:48,101
B00004116,U000659,C00092,buy,2026-08-19 00:41:48,678
B00004117,U000011,C00058,favorite,2026-08-03 09:11:48,2343
B00004118,U000900,C00017,buy,2026-08-15 10:15:48,1116
B00004119,U000075,C00007,favorite,2026-08-31 20:53:48,2811
B00004120,U000887,C00076,finish,2026-08-19 16:51:48,1240
B00004121,U000379,C00052,favorite,2026-08-17 04:39:48,3557
B00004122,U000464,C00041,buy,2026-08-11 09:30:48,3386
B00004123,U000946,C00029,start_learning,2026-08-24 21:56:48,2633
B00004124,U000019,C00016,favorite,2026-08-08 00:42:48,36
B00004125,U000833,C00065,view,2026-08-19 09:45:48,730
B00004126,U000189,C00082,view,2026-08-06 05:41:48,2420
B00004127,U000456,C00060,favorite,2026-08-15 05:48:48,225
B00004128,U000620,C00046,buy,2026-08-19 21:19:48,336
B00004129,U000174,C00004,favorite,2026-08-29 02:01:48,466
B00004130,U000929,C00086,start_learning,2026-08-03 21:55:48,2151
B00004131,U000474,C00072,favorite,2026-08-24 14:18:48,183
B00004132,U000599,C00042,view,2026-08-29 19:20:48,1680
B00004133,U000242,C00057,start_learning,2026-08-27 18:54:48,2876
B00004134,U000888,C00079,view,2026-08-04 12:44:48,2813
B00004135,U000062,C00099,view,2026-08-24 12:24:48,698
B00004136,U000366,C00019,favorite,2026-08-23 20:19:48,1070
B00004137,U000821,C00039,view,2026-08-21 08:25:48,3364
B00004138,U000790,C00091,finish,2026-08-15 07:57:48,3153
B00004139,U000482,C00057,view,2026-08-23 12:08:48,675
B00004140,U000644,C00007,start_learning,2026-08-29 10:47:48,2645
B00004141,U000455,C00009,buy,2026-08-28 09:13:48,2122
B00004142,U000394,C00042,buy,2026-08-04 02:43:48,1761
B00004143,U000288,C00043,view,2026-08-06 10:06:48,1822
B00004144,U000862,C00077,favorite,2026-08-20 22:32:48,2456
B00004145,U000399,C00045,favorite,2026-08-10 02:39:48,477
B00004146,U000595,C00100,finish,2026-08-19 13:55:48,1146
B00004147,U000053,C00047,finish,2026-08-22 01:07:48,2827
B00004148,U000670,C00094,buy,2026-08-31 02:03:48,1123
B00004149,U000408,C00094,start_learning,2026-08-04 17:07:48,1333
B00004150,U000638,C00015,buy,2026-08-18 15:54:48,680
B00004151,U000701,C00018,start_learning,2026-08-28 23:05:48,1835
B00004152,U000289,C00009,buy,2026-08-27 06:37:48,2115
B00004153,U000438,C00058,favorite,2026-08-07 13:19:48,452
B00004154,U000751,C00055,start_learning,2026-08-02 20:13:48,2177
B00004155,U000806,C00007,start_learning,2026-08-27 02:12:48,1524
B00004156,U000412,C00029,finish,2026-08-31 20:46:48,2426
B00004157,U000220,C00020,view,2026-08-27 18:51:48,242
B00004158,U000846,C00052,favorite,2026-08-21 15:30:48,2858
B00004159,U000097,C00007,buy,2026-08-15 20:05:48,671
B00004160,U000052,C00008,finish,2026-08-13 04:15:48,1786
B00004161,U000885,C00041,view,2026-08-19 03:10:48,1239
B00004162,U000039,C00030,start_learning,2026-08-30 11:51:48,2974
B00004163,U000064,C00028,buy,2026-08-07 16:22:48,470
B00004164,U000875,C00005,view,2026-08-14 03:56:48,3168
B00004165,U000791,C00051,view,2026-08-03 00:38:48,465
B00004166,U000924,C00093,view,2026-08-05 02:42:48,1446
B00004167,U000466,C00006,view,2026-08-10 15:06:48,326
B00004168,U000587,C00049,finish,2026-08-22 14:58:48,1156
B00004169,U000415,C00078,finish,2026-08-25 05:26:48,2296
B00004170,U000932,C00048,favorite,2026-08-12 11:36:48,1086
B00004171,U000631,C00046,favorite,2026-08-07 09:51:48,2313
B00004172,U000536,C00065,view,2026-08-16 09:10:48,2372
B00004173,U000857,C00015,favorite,2026-08-21 11:56:48,539
B00004174,U000919,C00001,favorite,2026-08-30 10:06:48,3490
B00004175,U000273,C00029,buy,2026-08-21 22:55:48,962
B00004176,U000385,C00005,favorite,2026-08-03 03:30:48,1807
B00004177,U000383,C00021,start_learning,2026-08-22 03:10:48,2755
B00004178,U000268,C00059,favorite,2026-08-29 07:01:48,1159
B00004179,U000910,C00053,favorite,2026-08-06 04:48:48,3107
B00004180,U000522,C00064,view,2026-08-25 15:37:48,860
B00004181,U000697,C00094,view,2026-08-27 16:23:48,1974
B00004182,U000563,C00022,start_learning,2026-08-17 22:21:48,3450
B00004183,U000299,C00052,view,2026-08-06 10:59:48,880
B00004184,U000222,C00077,favorite,2026-08-08 23:02:48,3273
B00004185,U000529,C00056,finish,2026-08-21 22:57:48,3562
B00004186,U000954,C00035,view,2026-08-06 11:49:48,2004
B00004187,U000527,C00080,finish,2026-08-03 22:28:48,60
B00004188,U000051,C00041,view,2026-08-05 23:35:48,1197
B00004189,U000133,C00071,favorite,2026-08-16 13:37:48,1012
B00004190,U000357,C00070,finish,2026-08-15 07:26:48,2197
B00004191,U000518,C00056,favorite,2026-08-25 06:49:48,2339
B00004192,U000433,C00100,buy,2026-08-23 02:38:48,2411
B00004193,U000814,C00038,finish,2026-08-31 10:18:48,1482
B00004194,U000650,C00067,start_learning,2026-08-31 18:17:48,2854
B00004195,U000726,C00023,start_learning,2026-08-07 17:37:48,324
B00004196,U000104,C00019,finish,2026-08-08 17:17:48,1974
B00004197,U000462,C00032,favorite,2026-08-29 20:39:48,3361
B00004198,U000442,C00060,buy,2026-08-06 14:30:48,188
B00004199,U000870,C00051,finish,2026-08-14 08:46:48,848
B00004200,U000485,C00090,view,2026-08-11 19:32:48,1422
B00004201,U000896,C00024,buy,2026-08-07 11:26:48,385
B00004202,U000441,C00097,view,2026-08-10 20:07:48,586
B00004203,U000714,C00009,buy,2026-08-12 16:27:48,3079
B00004204,U000278,C00055,view,2026-08-06 15:42:48,2062
B00004205,U000603,C00061,view,2026-08-29 22:05:48,3290
B00004206,U000421,C00076,start_learning,2026-08-21 13:33:48,2411
B00004207,U000309,C00052,start_learning,2026-08-15 19:08:48,3015
B00004208,U000420,C00077,start_learning,2026-08-14 19:35:48,1999
B00004209,U000461,C00072,buy,2026-08-29 14:20:48,486
B00004210,U000660,C00094,finish,2026-08-02 20:35:48,3526
B00004211,U000294,C00008,finish,2026-08-05 23:52:48,987
B00004212,U000206,C00050,buy,2026-08-10 13:01:48,2957
B00004213,U000077,C00088,start_learning,2026-08-07 14:05:48,949
B00004214,U000016,C00029,view,2026-08-06 21:31:48,2684
B00004215,U000007,C00099,view,2026-08-06 00:47:48,169
B00004216,U000042,C00071,finish,2026-08-24 00:03:48,8
B00004217,U000684,C00042,finish,2026-08-08 16:42:48,2000
B00004218,U000735,C00093,favorite,2026-08-27 03:13:48,1319
B00004219,U000243,C00016,start_learning,2026-08-22 20:06:48,338
B00004220,U000224,C00051,finish,2026-08-19 21:55:48,2372
B00004221,U000354,C00016,favorite,2026-08-07 06:40:48,1567
B00004222,U000440,C00033,favorite,2026-08-12 08:10:48,202
B00004223,U000625,C00020,buy,2026-08-24 09:30:48,2754
B00004224,U000668,C00038,favorite,2026-08-11 08:06:48,2740
B00004225,U000223,C00061,finish,2026-08-03 18:53:48,2795
B00004226,U000855,C00005,view,2026-09-01 00:10:48,1170
B00004227,U000694,C00073,view,2026-08-18 04:31:48,1647
B00004228,U000700,C00050,buy,2026-08-04 21:18:48,1434
B00004229,U000228,C00024,view,2026-08-23 10:26:48,1525
B00004230,U000015,C00087,favorite,2026-08-03 06:00:48,1164
B00004231,U000096,C00013,start_learning,2026-08-03 23:02:48,247
B00004232,U000042,C00001,start_learning,2026-08-17 18:48:48,2288
B00004233,U000702,C00048,start_learning,2026-08-19 01:21:48,1481
B00004234,U000900,C00087,view,2026-08-23 10:05:48,522
B00004235,U000044,C00040,favorite,2026-08-11 10:04:48,2422
B00004236,U000426,C00005,buy,2026-08-10 20:22:48,710
B00004237,U000604,C00007,finish,2026-08-11 20:58:48,359
B00004238,U000229,C00044,favorite,2026-08-28 19:36:48,1120
B00004239,U000143,C00095,finish,2026-08-11 08:35:48,3575
B00004240,U000875,C00058,favorite,2026-08-04 00:25:48,744
B00004241,U000225,C00021,finish,2026-08-12 20:33:48,226
B00004242,U000381,C00003,favorite,2026-08-05 09:50:48,779
B00004243,U000676,C00088,finish,2026-08-05 08:18:48,2161
B00004244,U000578,C00035,view,2026-08-25 06:20:48,1860
B00004245,U000046,C00049,favorite,2026-08-16 23:11:48,2351
B00004246,U000801,C00076,buy,2026-08-12 10:43:48,1229
B00004247,U000984,C00084,view,2026-08-25 16:38:48,514
B00004248,U000464,C00020,buy,2026-08-08 09:18:48,368
B00004249,U000618,C00096,finish,2026-08-20 03:18:48,2598
B00004250,U000228,C00037,start_learning,2026-08-21 06:07:48,792
B00004251,U000168,C00086,start_learning,2026-08-13 22:30:48,1141
B00004252,U000217,C00072,view,2026-08-09 09:22:48,3286
B00004253,U000765,C00025,favorite,2026-08-14 14:02:48,374
B00004254,U000341,C00028,favorite,2026-08-10 17:56:48,3076
B00004255,U000578,C00051,favorite,2026-08-23 22:25:48,2071
B00004256,U000321,C00092,buy,2026-08-11 12:59:48,2445
B00004257,U000802,C00016,buy,2026-08-24 17:20:48,2693
B00004258,U000393,C00058,view,2026-08-23 20:38:48,1014
B00004259,U000416,C00032,view,2026-08-05 09:38:48,390
B00004260,U000857,C00043,finish,2026-08-14 15:58:48,3279
B00004261,U000413,C00059,finish,2026-08-19 04:13:48,3469
B00004262,U000535,C00097,buy,2026-08-31 15:25:48,3295
B00004263,U000422,C00070,finish,2026-08-31 20:54:48,3274
B00004264,U000098,C00041,buy,2026-08-30 18:54:48,3354
B00004265,U000661,C00003,favorite,2026-08-08 22:16:48,307
B00004266,U000566,C00036,buy,2026-08-23 21:34:48,1067
B00004267,U000531,C00077,start_learning,2026-08-23 07:19:48,643
B00004268,U000352,C00037,buy,2026-08-11 17:37:48,2522
B00004269,U000648,C00099,finish,2026-08-13 16:14:48,1510
B00004270,U000058,C00087,start_learning,2026-08-13 04:01:48,3460
B00004271,U000400,C00076,start_learning,2026-08-12 22:21:48,736
B00004272,U000108,C00082,favorite,2026-08-02 19:20:48,689
B00004273,U000428,C00091,start_learning,2026-08-08 11:45:48,194
B00004274,U000922,C00075,view,2026-08-26 02:44:48,1061
B00004275,U000697,C00074,start_learning,2026-08-22 17:42:48,2842
B00004276,U000975,C00008,buy,2026-08-12 00:14:48,1282
B00004277,U000599,C00004,finish,2026-08-30 18:14:48,1730
B00004278,U000267,C00071,buy,2026-08-26 18:57:48,78
B00004279,U000540,C00003,favorite,2026-08-29 12:28:48,3570
B00004280,U000571,C00075,start_learning,2026-08-11 23:43:48,239
B00004281,U000634,C00092,view,2026-08-26 06:13:48,2320
B00004282,U000696,C00084,view,2026-08-12 00:10:48,3082
B00004283,U000484,C00030,start_learning,2026-08-05 19:19:48,1612
B00004284,U000157,C00074,view,2026-08-25 22:09:48,1142
B00004285,U000701,C00062,buy,2026-08-27 19:18:48,2130
B00004286,U000011,C00021,view,2026-08-06 15:19:48,1539
B00004287,U000571,C00078,view,2026-08-22 14:32:48,1505
B00004288,U000992,C00077,view,2026-08-28 09:18:48,3409
B00004289,U000004,C00073,start_learning,2026-08-26 12:53:48,2623
B00004290,U000481,C00072,finish,2026-08-18 04:20:48,405
B00004291,U000534,C00042,start_learning,2026-08-28 07:45:48,1880
B00004292,U000085,C00056,finish,2026-08-02 16:01:48,2253
B00004293,U000743,C00099,view,2026-08-20 09:50:48,44
B00004294,U000244,C00031,view,2026-08-26 13:58:48,1212
B00004295,U000395,C00089,favorite,2026-08-23 02:38:48,1837
B00004296,U000012,C00073,start_learning,2026-08-04 20:28:48,2040
B00004297,U000203,C00008,finish,2026-08-17 13:02:48,299
B00004298,U000664,C00027,finish,2026-08-19 03:07:48,1706
B00004299,U000526,C00013,finish,2026-08-31 13:55:48,1455
B00004300,U000964,C00040,buy,2026-08-05 22:24:48,2306
B00004301,U000728,C00018,finish,2026-08-03 09:04:48,2494
B00004302,U000373,C00047,start_learning,2026-08-19 11:59:48,2335
B00004303,U000329,C00029,finish,2026-08-21 21:51:48,206
B00004304,U000282,C00070,start_learning,2026-08-06 18:55:48,2415
B00004305,U000001,C00028,view,2026-08-18 05:23:48,2965
B00004306,U000642,C00074,view,2026-08-18 10:56:48,2604
B00004307,U000364,C00019,view,2026-08-19 08:09:48,2744
B00004308,U000930,C00018,view,2026-08-13 12:11:48,2979
B00004309,U000262,C00028,start_learning,2026-08-25 11:01:48,2659
B00004310,U000742,C00060,favorite,2026-08-11 11:51:48,2862
B00004311,U000200,C00025,start_learning,2026-08-19 18:47:48,2742
B00004312,U000956,C00100,buy,2026-08-15 21:43:48,2052
B00004313,U000429,C00024,finish,2026-08-29 22:15:48,2118
B00004314,U000706,C00028,finish,2026-08-11 00:45:48,1629
B00004315,U001000,C00066,start_learning,2026-08-14 22:20:48,3084
B00004316,U000027,C00009,favorite,2026-08-23 22:27:48,1085
B00004317,U000435,C00026,buy,2026-08-08 00:15:48,1544
B00004318,U000477,C00048,finish,2026-08-23 20:09:48,2329
B00004319,U000165,C00099,favorite,2026-08-20 14:29:48,2800
B00004320,U000251,C00081,favorite,2026-08-31 12:09:48,120
B00004321,U000087,C00028,finish,2026-08-30 14:04:48,3225
B00004322,U000383,C00028,favorite,2026-08-08 11:10:48,2227
B00004323,U000080,C00006,finish,2026-08-15 17:45:48,599
B00004324,U000535,C00066,buy,2026-08-14 08:43:48,3215
B00004325,U000458,C00004,view,2026-08-03 03:56:48,1118
B00004326,U000288,C00004,start_learning,2026-08-21 02:28:48,3031
B00004327,U000676,C00062,finish,2026-08-05 23:38:48,2081
B00004328,U000469,C00093,start_learning,2026-08-07 01:50:48,2959
B00004329,U000992,C00044,finish,2026-08-04 14:59:48,1517
B00004330,U000115,C00027,view,2026-08-23 14:49:48,1006
B00004331,U000750,C00073,buy,2026-08-16 09:38:48,2596
B00004332,U000120,C00066,view,2026-08-05 08:38:48,1948
B00004333,U000061,C00089,finish,2026-08-31 06:01:48,1797
B00004334,U000190,C00075,buy,2026-08-26 15:15:48,3188
B00004335,U000276,C00030,finish,2026-08-25 05:06:48,2845
B00004336,U000748,C00027,start_learning,2026-08-19 21:50:48,3276
B00004337,U000844,C00033,start_learning,2026-08-25 09:45:48,51
B00004338,U000062,C00081,finish,2026-08-17 19:59:48,3600
B00004339,U000408,C00075,buy,2026-08-10 10:39:48,1035
B00004340,U000788,C00012,start_learning,2026-08-06 10:11:48,545
B00004341,U000341,C00055,start_learning,2026-08-22 10:58:48,3162
B00004342,U000562,C00075,finish,2026-08-08 00:27:48,3409
B00004343,U000560,C00097,finish,2026-08-20 22:36:48,1968
B00004344,U000376,C00049,start_learning,2026-08-19 07:47:48,2456
B00004345,U000718,C00058,view,2026-08-24 14:10:48,1110
B00004346,U000294,C00035,finish,2026-08-03 00:48:48,311
B00004347,U000927,C00088,buy,2026-08-26 03:53:48,719
B00004348,U000376,C00096,finish,2026-09-01 01:50:48,2006
B00004349,U000817,C00072,favorite,2026-08-15 11:54:48,2065
B00004350,U000350,C00026,buy,2026-08-30 18:27:48,398
B00004351,U000406,C00075,view,2026-08-18 20:28:48,2434
B00004352,U000691,C00044,favorite,2026-09-01 05:40:48,2071
B00004353,U000257,C00062,view,2026-08-06 07:46:48,2000
B00004354,U000547,C00054,finish,2026-08-27 10:10:48,3384
B00004355,U000522,C00069,finish,2026-08-17 23:31:48,717
B00004356,U000613,C00077,start_learning,2026-08-07 18:13:48,2868
B00004357,U000682,C00100,buy,2026-08-11 05:28:48,2413
B00004358,U000991,C00099,buy,2026-08-25 20:08:48,1505
B00004359,U000719,C00052,buy,2026-08-24 10:53:48,3199
B00004360,U000062,C00047,favorite,2026-08-15 18:57:48,623
B00004361,U000506,C00097,finish,2026-08-13 13:32:48,983
B00004362,U000292,C00033,finish,2026-08-11 22:40:48,2581
B00004363,U000896,C00019,buy,2026-08-20 13:59:48,776
B00004364,U000394,C00042,start_learning,2026-08-03 13:13:48,2688
B00004365,U000846,C00049,favorite,2026-08-26 13:36:48,1680
B00004366,U000584,C00020,finish,2026-08-16 07:39:48,1805
B00004367,U000879,C00063,favorite,2026-08-13 16:27:48,2528
B00004368,U000481,C00048,favorite,2026-08-23 20:56:48,2161
B00004369,U000681,C00083,buy,2026-08-23 20:02:48,1718
B00004370,U000644,C00043,favorite,2026-08-04 21:46:48,3250
B00004371,U000322,C00066,buy,2026-08-16 02:22:48,3058
B00004372,U000361,C00057,buy,2026-08-02 23:34:48,729
B00004373,U000596,C00086,buy,2026-08-18 15:56:48,1674
B00004374,U000751,C00083,favorite,2026-08-11 06:06:48,2363
B00004375,U000194,C00085,favorite,2026-08-13 16:07:48,134
B00004376,U000446,C00041,finish,2026-08-26 14:49:48,1409
B00004377,U000838,C00013,finish,2026-08-13 11:22:48,1358
B00004378,U000643,C00086,view,2026-08-07 11:37:48,344
B00004379,U000487,C00002,start_learning,2026-08-30 15:11:48,184
B00004380,U000731,C00055,favorite,2026-08-17 14:36:48,3545
B00004381,U000328,C00005,finish,2026-08-09 09:36:48,64
B00004382,U000901,C00001,start_learning,2026-08-17 22:01:48,2233
B00004383,U000517,C00090,start_learning,2026-08-25 04:56:48,3074
B00004384,U000849,C00009,buy,2026-08-27 01:53:48,2918
B00004385,U000686,C00080,finish,2026-08-12 23:33:48,1300
B00004386,U000214,C00052,buy,2026-08-31 05:59:48,382
B00004387,U000944,C00069,buy,2026-08-22 12:49:48,1819
B00004388,U000188,C00091,start_learning,2026-08-18 01:58:48,3389
B00004389,U000575,C00003,finish,2026-08-30 08:53:48,1886
B00004390,U000584,C00053,finish,2026-08-05 09:06:48,1920
B00004391,U000744,C00054,buy,2026-08-29 05:30:48,3032
B00004392,U000141,C00086,view,2026-08-07 02:36:48,3402
B00004393,U000167,C00072,view,2026-08-18 21:48:48,1412
B00004394,U000900,C00068,favorite,2026-08-12 13:54:48,3242
B00004395,U000536,C00096,favorite,2026-08-16 13:44:48,2075
B00004396,U000609,C00058,view,2026-08-26 12:04:48,2288
B00004397,U000316,C00043,favorite,2026-08-15 11:34:48,529
B00004398,U000207,C00029,finish,2026-08-09 23:32:48,814
B00004399,U000098,C00041,buy,2026-08-16 21:38:48,881
B00004400,U000406,C00028,start_learning,2026-08-18 08:14:48,2316
B00004401,U000207,C00032,finish,2026-08-07 12:55:48,2536
B00004402,U000407,C00065,buy,2026-08-20 19:21:48,1073
B00004403,U000020,C00021,view,2026-08-21 14:39:48,1208
B00004404,U000381,C00072,view,2026-08-20 21:37:48,2661
B00004405,U000410,C00075,view,2026-08-11 19:09:48,606
B00004406,U000473,C00100,finish,2026-08-09 09:32:48,1301
B00004407,U000872,C00037,finish,2026-08-21 01:46:48,2896
B00004408,U000853,C00073,view,2026-08-24 01:03:48,2274
B00004409,U000134,C00092,view,2026-08-21 10:57:48,3240
B00004410,U000584,C00001,start_learning,2026-08-28 21:40:48,3130
B00004411,U000384,C00096,finish,2026-08-17 03:33:48,758
B00004412,U000306,C00092,start_learning,2026-08-08 18:31:48,3425
B00004413,U000148,C00081,buy,2026-08-06 17:27:48,1049
B00004414,U000803,C00099,view,2026-08-08 12:36:48,630
B00004415,U000135,C00087,start_learning,2026-08-30 20:08:48,1851
B00004416,U000768,C00039,favorite,2026-08-05 05:33:48,1060
B00004417,U000971,C00084,start_learning,2026-08-04 08:39:48,1999
B00004418,U000348,C00090,start_learning,2026-08-16 23:40:48,3079
B00004419,U000558,C00082,favorite,2026-08-06 05:01:48,2554
B00004420,U000957,C00072,favorite,2026-08-31 07:40:48,2622
B00004421,U000025,C00100,start_learning,2026-08-29 08:39:48,2295
B00004422,U000576,C00066,start_learning,2026-08-27 22:32:48,548
B00004423,U000810,C00038,finish,2026-08-04 04:32:48,3053
B00004424,U000177,C00072,start_learning,2026-08-05 01:18:48,2671
B00004425,U000437,C00086,view,2026-08-08 12:11:48,2646
B00004426,U000986,C00081,finish,2026-08-30 22:55:48,832
B00004427,U000117,C00041,start_learning,2026-08-05 09:45:48,1041
B00004428,U000929,C00066,finish,2026-08-08 17:42:48,2862
B00004429,U000701,C00087,view,2026-08-08 17:40:48,1731
B00004430,U000856,C00004,view,2026-08-02 17:17:48,3034
B00004431,U000746,C00067,buy,2026-08-24 07:43:48,283
B00004432,U000991,C00082,finish,2026-08-14 03:20:48,840
B00004433,U000164,C00056,view,2026-08-29 21:02:48,3584
B00004434,U000919,C00065,finish,2026-08-28 00:27:48,1457
B00004435,U000364,C00044,start_learning,2026-08-16 22:33:48,3497
B00004436,U000615,C00093,buy,2026-08-14 03:47:48,3411
B00004437,U000363,C00010,view,2026-08-19 11:35:48,3476
B00004438,U000540,C00059,start_learning,2026-08-25 23:32:48,3141
B00004439,U000307,C00015,finish,2026-08-04 09:01:48,838
B00004440,U000282,C00060,buy,2026-09-01 04:24:48,550
B00004441,U000555,C00010,buy,2026-08-26 00:24:48,1208
B00004442,U000091,C00083,finish,2026-08-25 01:49:48,2525
B00004443,U000661,C00089,buy,2026-08-11 04:47:48,526
B00004444,U000204,C00038,view,2026-08-17 05:12:48,2506
B00004445,U000521,C00009,start_learning,2026-08-26 00:48:48,2359
B00004446,U000800,C00060,view,2026-08-18 06:40:48,522
B00004447,U000523,C00013,finish,2026-08-04 19:46:48,1152
B00004448,U000265,C00097,favorite,2026-08-11 23:38:48,2559
B00004449,U000804,C00020,finish,2026-08-08 00:31:48,2893
B00004450,U000168,C00015,finish,2026-08-29 09:04:48,43
B00004451,U000213,C00042,favorite,2026-08-03 21:25:48,0
B00004452,U000259,C00061,favorite,2026-08-25 13:46:48,1020
B00004453,U000110,C00062,view,2026-08-18 12:52:48,727
B00004454,U000290,C00076,finish,2026-08-24 06:51:48,647
B00004455,U000171,C00036,start_learning,2026-08-22 14:31:48,2107
B00004456,U000991,C00091,favorite,2026-08-25 15:29:48,1723
B00004457,U000228,C00023,favorite,2026-08-05 00:38:48,3184
B00004458,U000958,C00054,view,2026-08-29 08:37:48,2762
B00004459,U000044,C00050,start_learning,2026-08-11 16:37:48,1739
B00004460,U000384,C00092,favorite,2026-08-26 20:09:48,2762
B00004461,U000270,C00074,start_learning,2026-08-07 20:16:48,2970
B00004462,U000093,C00015,favorite,2026-08-08 01:13:48,2741
B00004463,U000029,C00059,view,2026-08-18 16:20:48,1624
B00004464,U000254,C00072,finish,2026-08-24 23:53:48,2165
B00004465,U000239,C00084,buy,2026-08-16 01:14:48,1153
B00004466,U000377,C00010,buy,2026-08-18 00:05:48,2412
B00004467,U000467,C00063,view,2026-08-14 21:47:48,1354
B00004468,U000171,C00050,buy,2026-08-15 13:46:48,3455
B00004469,U000342,C00005,start_learning,2026-08-19 14:07:48,1176
B00004470,U000520,C00029,view,2026-08-05 17:58:48,3424
B00004471,U000498,C00069,view,2026-08-24 17:25:48,3283
B00004472,U000033,C00082,buy,2026-08-12 18:02:48,3265
B00004473,U000176,C00071,buy,2026-08-06 20:14:48,2653
B00004474,U000650,C00099,finish,2026-08-14 08:49:48,1666
B00004475,U000248,C00020,start_learning,2026-08-07 22:46:48,1359
B00004476,U000964,C00092,view,2026-08-20 22:10:48,2721
B00004477,U000405,C00058,favorite,2026-08-30 15:09:48,2706
B00004478,U000307,C00075,finish,2026-08-29 18:37:48,1202
B00004479,U000633,C00048,favorite,2026-08-18 18:10:48,1413
B00004480,U000690,C00098,view,2026-08-28 23:11:48,1531
B00004481,U000808,C00094,finish,2026-08-07 09:29:48,1811
B00004482,U000120,C00100,finish,2026-08-05 22:46:48,2021
B00004483,U000797,C00076,favorite,2026-08-04 00:43:48,418
B00004484,U000592,C00051,favorite,2026-08-17 04:03:48,3524
B00004485,U000516,C00085,favorite,2026-08-22 01:13:48,1763
B00004486,U000859,C00028,buy,2026-08-10 08:20:48,2993
B00004487,U000115,C00008,start_learning,2026-08-04 13:05:48,927
B00004488,U000105,C00051,finish,2026-08-19 09:51:48,3017
B00004489,U000919,C00062,finish,2026-08-07 21:13:48,2861
B00004490,U000122,C00009,favorite,2026-08-23 11:24:48,583
B00004491,U000817,C00032,finish,2026-08-09 12:32:48,1069
B00004492,U000593,C00026,view,2026-08-18 19:08:48,2083
B00004493,U000436,C00050,view,2026-08-30 12:25:48,473
B00004494,U000221,C00047,start_learning,2026-08-26 16:40:48,489
B00004495,U000148,C00013,start_learning,2026-09-01 07:15:48,718
B00004496,U000846,C00077,view,2026-08-15 03:43:48,851
B00004497,U000700,C00015,buy,2026-08-25 19:36:48,3128
B00004498,U000603,C00041,buy,2026-08-07 04:46:48,1181
B00004499,U000436,C00066,buy,2026-08-13 02:44:48,1136
B00004500,U000693,C00018,start_learning,2026-08-15 07:47:48,3362
B00004501,U000711,C00014,buy,2026-08-22 14:34:48,2065
B00004502,U000057,C00057,finish,2026-08-06 21:18:48,2524
B00004503,U000813,C00006,favorite,2026-08-29 15:15:48,233
B00004504,U000747,C00035,finish,2026-08-09 09:54:48,613
B00004505,U000357,C00059,favorite,2026-08-16 17:28:48,2492
B00004506,U000303,C00077,buy,2026-08-14 04:12:48,1805
B00004507,U000715,C00038,favorite,2026-08-18 22:45:48,252
B00004508,U000799,C00056,start_learning,2026-08-26 06:28:48,1797
B00004509,U000350,C00006,buy,2026-08-12 15:29:48,2972
B00004510,U000112,C00007,buy,2026-08-14 21:34:48,1018
B00004511,U000739,C00020,favorite,2026-08-28 02:16:48,3522
B00004512,U000460,C00070,view,2026-08-30 01:51:48,2144
B00004513,U000715,C00083,finish,2026-08-14 13:40:48,1007
B00004514,U000436,C00090,favorite,2026-08-25 11:58:48,1617
B00004515,U000243,C00044,favorite,2026-08-26 23:09:48,2515
B00004516,U000198,C00072,finish,2026-08-08 09:12:48,2976
B00004517,U000087,C00081,favorite,2026-08-24 03:55:48,2083
B00004518,U000072,C00018,favorite,2026-08-28 23:40:48,1233
B00004519,U000722,C00088,buy,2026-08-11 15:01:48,1460
B00004520,U000207,C00067,finish,2026-08-04 17:58:48,17
B00004521,U000761,C00053,finish,2026-08-31 09:40:48,2536
B00004522,U000259,C00065,finish,2026-08-09 04:14:48,3403
B00004523,U000351,C00077,finish,2026-08-19 13:06:48,2332
B00004524,U000508,C00033,finish,2026-08-20 02:30:48,1388
B00004525,U000530,C00078,finish,2026-08-17 20:17:48,1512
B00004526,U000948,C00060,favorite,2026-08-05 10:25:48,2311
B00004527,U000087,C00095,favorite,2026-08-16 04:36:48,3033
B00004528,U000672,C00051,favorite,2026-08-30 22:56:48,2955
B00004529,U000265,C00055,view,2026-08-13 23:34:48,34
B00004530,U000812,C00054,finish,2026-08-14 00:48:48,3364
B00004531,U000648,C00064,buy,2026-08-08 04:36:48,305
B00004532,U000278,C00038,finish,2026-08-10 17:31:48,445
B00004533,U000050,C00017,buy,2026-08-21 18:01:48,2566
B00004534,U000118,C00007,buy,2026-08-10 04:07:48,1043
B00004535,U000671,C00046,favorite,2026-08-24 06:26:48,238
B00004536,U000579,C00006,finish,2026-08-26 23:22:48,3358
B00004537,U000424,C00079,favorite,2026-08-21 02:09:48,170
B00004538,U000352,C00042,view,2026-08-17 10:57:48,3012
B00004539,U000450,C00001,start_learning,2026-08-26 07:08:48,1755
B00004540,U000205,C00053,start_learning,2026-08-19 17:30:48,534
B00004541,U000040,C00058,view,2026-08-23 23:18:48,2767
B00004542,U000122,C00047,favorite,2026-08-22 19:24:48,2041
B00004543,U000044,C00050,finish,2026-09-01 14:52:48,3471
B00004544,U000184,C00039,view,2026-08-05 08:06:48,2425
B00004545,U000940,C00031,favorite,2026-08-22 19:27:48,1293
B00004546,U000822,C00098,start_learning,2026-08-02 22:22:48,2283
B00004547,U000121,C00088,finish,2026-09-01 05:51:48,1503
B00004548,U000753,C00085,start_learning,2026-08-11 12:14:48,430
B00004549,U000073,C00096,view,2026-08-30 13:45:48,2792
B00004550,U000481,C00038,favorite,2026-08-30 11:46:48,3191
B00004551,U000270,C00009,buy,2026-08-11 12:39:48,522
B00004552,U000917,C00065,view,2026-08-30 16:09:48,2709
B00004553,U000462,C00097,buy,2026-08-22 05:09:48,94
B00004554,U000064,C00020,buy,2026-08-09 09:25:48,702
B00004555,U000103,C00099,view,2026-08-30 04:04:48,1265
B00004556,U000273,C00062,start_learning,2026-08-02 17:37:48,245
B00004557,U000736,C00021,view,2026-08-27 07:04:48,62
B00004558,U000338,C00012,start_learning,2026-08-24 09:42:48,3581
B00004559,U000295,C00005,finish,2026-08-17 10:00:48,3549
B00004560,U000213,C00039,start_learning,2026-08-31 00:12:48,2838
B00004561,U000975,C00035,view,2026-08-25 04:42:48,2463
B00004562,U000808,C00085,favorite,2026-08-11 15:54:48,3159
B00004563,U000560,C00031,buy,2026-08-31 11:27:48,1529
B00004564,U000473,C00051,start_learning,2026-08-05 23:57:48,1715
B00004565,U000768,C00080,buy,2026-08-08 17:56:48,1840
B00004566,U000583,C00063,finish,2026-08-19 23:27:48,1354
B00004567,U000676,C00099,start_learning,2026-08-09 10:23:48,415
B00004568,U000458,C00042,favorite,2026-08-23 22:48:48,1434
B00004569,U000786,C00065,buy,2026-08-14 21:11:48,2055
B00004570,U000922,C00037,finish,2026-08-04 07:09:48,1259
B00004571,U000766,C00097,finish,2026-08-29 22:19:48,2415
B00004572,U000208,C00054,view,2026-08-22 04:05:48,3249
B00004573,U000040,C00008,view,2026-08-13 09:27:48,2524
B00004574,U000749,C00017,view,2026-08-28 07:55:48,513
B00004575,U000843,C00011,view,2026-08-07 10:09:48,2927
B00004576,U000886,C00044,buy,2026-08-28 02:37:48,3161
B00004577,U000353,C00093,buy,2026-08-08 01:29:48,3593
B00004578,U000121,C00095,buy,2026-08-19 06:17:48,3029
B00004579,U000615,C00060,favorite,2026-08-21 05:45:48,387
B00004580,U000846,C00032,buy,2026-08-18 06:57:48,2890
B00004581,U000031,C00058,view,2026-08-22 06:42:48,2952
B00004582,U000475,C00077,buy,2026-08-19 10:55:48,1469
B00004583,U000139,C00010,finish,2026-08-24 10:58:48,2940
B00004584,U000843,C00058,finish,2026-08-24 07:38:48,2877
B00004585,U000972,C00086,buy,2026-08-23 13:12:48,1999
B00004586,U000621,C00068,favorite,2026-08-09 23:04:48,1760
B00004587,U000919,C00065,buy,2026-08-28 19:31:48,1582
B00004588,U000548,C00074,favorite,2026-08-31 11:07:48,1244
B00004589,U000194,C00018,finish,2026-08-10 08:49:48,1883
B00004590,U000674,C00015,finish,2026-08-12 09:39:48,555
B00004591,U000283,C00017,favorite,2026-08-18 17:24:48,3048
B00004592,U000196,C00098,view,2026-08-13 11:27:48,3425
B00004593,U000928,C00011,view,2026-08-25 06:37:48,426
B00004594,U000482,C00095,buy,2026-08-04 08:01:48,3562
B00004595,U000520,C00083,buy,2026-08-28 00:58:48,2181
B00004596,U000282,C00085,start_learning,2026-08-30 20:54:48,1123
B00004597,U000940,C00083,buy,2026-08-14 02:42:48,1465
B00004598,U000766,C00078,buy,2026-08-23 18:38:48,401
B00004599,U000783,C00096,buy,2026-08-04 01:31:48,1535
B00004600,U000428,C00084,favorite,2026-08-20 19:04:48,2016
B00004601,U000793,C00078,finish,2026-08-11 20:54:48,3184
B00004602,U000141,C00051,finish,2026-08-21 07:49:48,3079
B00004603,U000302,C00058,view,2026-08-05 21:33:48,3160
B00004604,U000001,C00055,view,2026-08-21 08:04:48,934
B00004605,U000908,C00004,view,2026-08-19 22:52:48,2346
B00004606,U000274,C00077,favorite,2026-08-06 09:18:48,3068
B00004607,U000130,C00061,favorite,2026-08-25 09:54:48,2204
B00004608,U000909,C00035,buy,2026-08-21 21:49:48,330
B00004609,U000606,C00048,finish,2026-08-27 13:13:48,3205
B00004610,U000106,C00043,view,2026-08-31 02:18:48,2369
B00004611,U000706,C00070,start_learning,2026-08-08 20:36:48,2607
B00004612,U000675,C00017,favorite,2026-08-19 02:15:48,593
B00004613,U000958,C00018,start_learning,2026-08-24 02:52:48,2967
B00004614,U000120,C00093,buy,2026-08-14 20:51:48,1985
B00004615,U000957,C00075,buy,2026-08-03 00:16:48,1141
B00004616,U000567,C00047,finish,2026-08-17 03:21:48,827
B00004617,U000385,C00022,favorite,2026-08-22 23:51:48,1416
B00004618,U000969,C00070,favorite,2026-08-31 12:56:48,1863
B00004619,U000739,C00048,view,2026-08-11 06:36:48,717
B00004620,U000925,C00010,view,2026-08-15 02:06:48,367
B00004621,U000656,C00098,buy,2026-08-04 15:17:48,2129
B00004622,U000791,C00074,finish,2026-08-14 01:25:48,1419
B00004623,U000344,C00087,start_learning,2026-08-30 21:46:48,2643
B00004624,U000921,C00045,buy,2026-08-17 19:58:48,3174
B00004625,U000782,C00084,view,2026-08-16 20:29:48,2992
B00004626,U000458,C00035,buy,2026-08-18 04:03:48,1830
B00004627,U000878,C00097,finish,2026-08-21 02:58:48,885
B00004628,U000400,C00071,start_learning,2026-08-18 12:44:48,267
B00004629,U000586,C00030,start_learning,2026-08-19 22:38:48,1834
B00004630,U000413,C00067,start_learning,2026-08-19 09:49:48,2030
B00004631,U000788,C00087,view,2026-08-12 19:27:48,746
B00004632,U000112,C00060,start_learning,2026-08-30 09:52:48,3514
B00004633,U000047,C00050,favorite,2026-08-03 17:47:48,980
B00004634,U000931,C00027,buy,2026-08-26 09:18:48,1193
B00004635,U000214,C00018,view,2026-08-07 22:53:48,2025
B00004636,U000262,C00093,start_learning,2026-09-01 10:51:48,1583
B00004637,U000284,C00043,view,2026-08-13 11:03:48,1828
B00004638,U000544,C00037,start_learning,2026-08-05 16:28:48,1362
B00004639,U000373,C00027,buy,2026-08-18 00:07:48,1649
B00004640,U000194,C00073,view,2026-08-13 09:49:48,1058
B00004641,U000155,C00089,buy,2026-08-10 03:48:48,1476
B00004642,U000453,C00026,favorite,2026-08-05 11:57:48,151
B00004643,U000546,C00045,favorite,2026-08-13 05:15:48,2737
B00004644,U000170,C00055,start_learning,2026-08-07 04:17:48,1513
B00004645,U000453,C00008,favorite,2026-08-24 07:49:48,2733
B00004646,U000482,C00024,favorite,2026-09-01 08:13:48,2130
B00004647,U000953,C00095,finish,2026-08-16 01:48:48,196
B00004648,U000899,C00056,buy,2026-08-27 21:42:48,811
B00004649,U000243,C00001,start_learning,2026-08-25 07:17:48,1569
B00004650,U000564,C00068,favorite,2026-08-17 17:03:48,2587
B00004651,U000948,C00058,buy,2026-08-14 07:32:48,2551
B00004652,U000706,C00017,finish,2026-08-23 22:01:48,332
B00004653,U000696,C00069,finish,2026-08-06 14:33:48,1904
B00004654,U000079,C00027,finish,2026-08-10 18:38:48,2757
B00004655,U000837,C00034,start_learning,2026-08-26 14:21:48,3192
B00004656,U000631,C00086,view,2026-08-25 05:59:48,2090
B00004657,U000136,C00028,buy,2026-08-07 11:18:48,1564
B00004658,U000753,C00093,view,2026-08-20 06:08:48,938
B00004659,U000914,C00048,favorite,2026-08-10 11:04:48,374
B00004660,U000300,C00033,finish,2026-08-20 15:40:48,2124
B00004661,U000383,C00015,start_learning,2026-08-22 17:24:48,150
B00004662,U000786,C00094,view,2026-08-24 21:49:48,3548
B00004663,U000807,C00088,buy,2026-08-20 07:33:48,2750
B00004664,U000666,C00007,finish,2026-08-20 19:33:48,2789
B00004665,U000243,C00082,finish,2026-08-12 22:33:48,1453
B00004666,U000471,C00077,view,2026-08-08 14:16:48,1281
B00004667,U000319,C00063,start_learning,2026-08-13 23:00:48,685
B00004668,U000311,C00046,buy,2026-08-28 09:18:48,621
B00004669,U000467,C00045,favorite,2026-08-18 12:57:48,965
B00004670,U000507,C00008,finish,2026-08-13 16:18:48,1042
B00004671,U000675,C00051,finish,2026-08-30 20:51:48,3436
B00004672,U000891,C00036,favorite,2026-08-25 15:30:48,2652
B00004673,U000667,C00005,buy,2026-08-13 00:46:48,1775
B00004674,U000621,C00056,start_learning,2026-08-20 11:35:48,872
B00004675,U000868,C00034,view,2026-08-05 15:14:48,2753
B00004676,U000486,C00072,start_learning,2026-08-28 01:47:48,148
B00004677,U000637,C00031,start_learning,2026-08-13 06:24:48,2383
B00004678,U000625,C00008,finish,2026-08-15 19:38:48,2441
B00004679,U000995,C00058,start_learning,2026-08-10 17:27:48,3347
B00004680,U000164,C00051,buy,2026-08-08 15:24:48,1695
B00004681,U000131,C00033,view,2026-08-15 23:37:48,794
B00004682,U000581,C00029,start_learning,2026-08-21 02:07:48,1831
B00004683,U000327,C00034,start_learning,2026-08-28 18:11:48,986
B00004684,U000432,C00049,finish,2026-08-13 20:22:48,89
B00004685,U000956,C00097,favorite,2026-08-24 09:45:48,3486
B00004686,U000619,C00039,favorite,2026-08-11 11:41:48,1426
B00004687,U000003,C00001,finish,2026-08-14 06:34:48,2754
B00004688,U000648,C00058,start_learning,2026-08-28 21:54:48,351
B00004689,U000698,C00093,start_learning,2026-08-07 14:22:48,3578
B00004690,U000938,C00049,finish,2026-08-11 22:20:48,301
B00004691,U000558,C00014,buy,2026-08-11 18:33:48,3150
B00004692,U000669,C00088,start_learning,2026-08-31 13:09:48,3126
B00004693,U000624,C00093,start_learning,2026-08-16 17:46:48,174
B00004694,U000834,C00002,favorite,2026-08-12 04:57:48,3210
B00004695,U000705,C00094,finish,2026-08-18 18:55:48,2398
B00004696,U000053,C00032,start_learning,2026-08-06 10:21:48,2572
B00004697,U000576,C00017,start_learning,2026-08-08 09:43:48,1659
B00004698,U000601,C00073,finish,2026-08-15 16:38:48,2780
B00004699,U000402,C00062,buy,2026-08-04 09:46:48,138
B00004700,U000951,C00020,favorite,2026-08-16 14:52:48,1201
B00004701,U000580,C00001,finish,2026-08-21 02:45:48,631
B00004702,U000767,C00052,finish,2026-08-08 13:58:48,2297
B00004703,U000482,C00001,buy,2026-08-04 03:28:48,887
B00004704,U000796,C00063,finish,2026-08-13 09:27:48,517
B00004705,U000023,C00051,buy,2026-08-28 19:04:48,2779
B00004706,U000222,C00098,favorite,2026-08-26 10:51:48,1304
B00004707,U000729,C00053,start_learning,2026-08-09 07:22:48,2211
B00004708,U000510,C00081,buy,2026-08-04 23:24:48,2248
B00004709,U000674,C00061,buy,2026-08-30 05:39:48,1141
B00004710,U000302,C00029,start_learning,2026-08-03 23:51:48,534
B00004711,U000851,C00089,start_learning,2026-08-07 11:19:48,1023
B00004712,U000468,C00030,buy,2026-08-17 01:41:48,2561
B00004713,U000159,C00070,finish,2026-08-20 19:37:48,1962
B00004714,U000643,C00042,finish,2026-08-07 11:33:48,551
B00004715,U000908,C00006,start_learning,2026-08-04 07:12:48,2449
B00004716,U000717,C00019,favorite,2026-08-04 22:11:48,1419
B00004717,U000093,C00078,view,2026-08-28 22:55:48,3451
B00004718,U000595,C00047,view,2026-08-22 06:50:48,2338
B00004719,U000606,C00067,buy,2026-08-15 06:30:48,3100
B00004720,U000453,C00023,start_learning,2026-08-18 14:06:48,3446
B00004721,U000721,C00015,favorite,2026-08-11 06:42:48,1800
B00004722,U000842,C00092,buy,2026-08-06 10:20:48,2576
B00004723,U000906,C00023,finish,2026-08-08 02:20:48,2891
B00004724,U000765,C00037,favorite,2026-08-04 13:12:48,3564
B00004725,U000766,C00001,view,2026-08-14 08:24:48,3085
B00004726,U000932,C00002,view,2026-08-24 20:17:48,2272
B00004727,U000664,C00027,favorite,2026-08-27 14:48:48,2306
B00004728,U000009,C00069,finish,2026-08-12 01:20:48,520
B00004729,U000106,C00054,buy,2026-08-29 01:00:48,2770
B00004730,U000470,C00019,start_learning,2026-08-15 09:09:48,1562
B00004731,U000086,C00058,finish,2026-08-25 19:13:48,1279
B00004732,U000945,C00050,finish,2026-08-30 17:15:48,580
B00004733,U000952,C00076,favorite,2026-09-01 14:11:48,3517
B00004734,U000408,C00013,start_learning,2026-08-03 08:10:48,2663
B00004735,U000434,C00057,start_learning,2026-08-31 14:46:48,2222
B00004736,U000255,C00051,favorite,2026-08-26 11:32:48,1679
B00004737,U000390,C00067,finish,2026-08-15 21:35:48,2910
B00004738,U000873,C00070,start_learning,2026-08-16 05:28:48,1475
B00004739,U000868,C00015,favorite,2026-08-17 09:33:48,965
B00004740,U000919,C00057,buy,2026-08-04 17:16:48,2040
B00004741,U000064,C00046,view,2026-08-24 18:12:48,390
B00004742,U000871,C00072,start_learning,2026-08-28 05:59:48,2443
B00004743,U000493,C00016,start_learning,2026-08-30 04:19:48,3057
B00004744,U000285,C00024,finish,2026-08-16 02:59:48,1476
B00004745,U000358,C00043,favorite,2026-08-08 09:37:48,2359
B00004746,U000649,C00057,start_learning,2026-08-19 20:56:48,1695
B00004747,U000384,C00043,view,2026-08-27 04:43:48,1137
B00004748,U000243,C00084,favorite,2026-08-12 04:38:48,411
B00004749,U000673,C00003,finish,2026-08-18 16:01:48,1768
B00004750,U000526,C00009,buy,2026-08-07 17:39:48,1593
B00004751,U000760,C00087,finish,2026-08-30 18:21:48,283
B00004752,U000881,C00053,view,2026-08-11 05:52:48,3023
B00004753,U000214,C00065,buy,2026-08-20 16:42:48,3268
B00004754,U000891,C00093,start_learning,2026-08-16 21:16:48,3483
B00004755,U000656,C00035,buy,2026-08-25 14:41:48,3347
B00004756,U000973,C00043,view,2026-08-15 13:22:48,1054
B00004757,U000385,C00005,start_learning,2026-08-05 11:25:48,2092
B00004758,U000426,C00033,buy,2026-08-29 10:45:48,713
B00004759,U000016,C00029,view,2026-08-11 19:16:48,2921
B00004760,U000851,C00051,favorite,2026-08-31 01:20:48,1922
B00004761,U000883,C00067,view,2026-08-20 10:23:48,272
B00004762,U000403,C00087,buy,2026-08-16 17:04:48,2682
B00004763,U000330,C00072,favorite,2026-08-19 05:18:48,981
B00004764,U000539,C00067,finish,2026-08-14 17:54:48,2434
B00004765,U000671,C00075,finish,2026-08-05 02:34:48,2239
B00004766,U000926,C00003,start_learning,2026-08-19 22:12:48,3004
B00004767,U000879,C00040,start_learning,2026-08-16 17:26:48,3519
B00004768,U000254,C00035,finish,2026-08-08 16:51:48,1328
B00004769,U000373,C00011,start_learning,2026-08-12 03:08:48,2862
B00004770,U000362,C00077,start_learning,2026-08-04 18:24:48,826
B00004771,U000874,C00030,favorite,2026-08-21 01:52:48,1820
B00004772,U000694,C00078,buy,2026-08-20 11:03:48,400
B00004773,U000245,C00059,start_learning,2026-08-10 05:54:48,900
B00004774,U000052,C00004,start_learning,2026-08-23 12:39:48,1831
B00004775,U000775,C00061,favorite,2026-08-09 08:08:48,2901
B00004776,U000329,C00087,start_learning,2026-09-01 04:56:48,1349
B00004777,U000138,C00076,buy,2026-08-04 13:52:48,3165
B00004778,U000559,C00002,start_learning,2026-08-12 20:57:48,694
B00004779,U000854,C00048,favorite,2026-08-28 15:41:48,1066
B00004780,U000828,C00034,start_learning,2026-08-28 11:34:48,841
B00004781,U000446,C00048,favorite,2026-08-06 05:20:48,1119
B00004782,U000156,C00086,buy,2026-08-12 11:17:48,2766
B00004783,U000602,C00022,finish,2026-08-22 11:31:48,810
B00004784,U000273,C00075,view,2026-08-23 04:50:48,1955
B00004785,U000663,C00040,buy,2026-08-20 19:24:48,2850
B00004786,U000484,C00009,buy,2026-08-22 15:56:48,211
B00004787,U000647,C00044,favorite,2026-08-27 05:55:48,820
B00004788,U000127,C00030,finish,2026-08-13 08:22:48,37
B00004789,U000398,C00026,finish,2026-08-16 06:44:48,3454
B00004790,U000203,C00096,view,2026-08-22 21:09:48,2125
B00004791,U000465,C00061,start_learning,2026-08-29 06:14:48,3181
B00004792,U000712,C00065,favorite,2026-08-05 11:04:48,3409
B00004793,U000160,C00009,buy,2026-08-26 14:32:48,2832
B00004794,U000360,C00018,finish,2026-08-31 20:37:48,1330
B00004795,U000094,C00038,view,2026-08-21 16:55:48,1918
B00004796,U000173,C00100,favorite,2026-08-30 17:32:48,344
B00004797,U000826,C00044,start_learning,2026-08-20 17:50:48,1486
B00004798,U000121,C00012,finish,2026-08-05 14:43:48,3339
B00004799,U000033,C00014,favorite,2026-08-08 19:19:48,3090
B00004800,U000021,C00002,favorite,2026-08-23 18:05:48,1382
B00004801,U000036,C00087,finish,2026-08-25 01:38:48,229
B00004802,U000306,C00015,view,2026-08-31 10:50:48,3462
B00004803,U000406,C00052,view,2026-08-27 18:02:48,897
B00004804,U000684,C00038,buy,2026-08-13 03:48:48,2878
B00004805,U000878,C00039,favorite,2026-08-13 11:02:48,3498
B00004806,U000594,C00056,favorite,2026-08-20 13:24:48,3494
B00004807,U000688,C00025,buy,2026-08-23 15:45:48,3003
B00004808,U000393,C00081,favorite,2026-08-18 22:52:48,2860
B00004809,U000953,C00066,view,2026-08-24 13:29:48,2089
B00004810,U000417,C00052,view,2026-08-16 02:45:48,3456
B00004811,U000539,C00074,favorite,2026-08-14 09:18:48,175
B00004812,U000223,C00082,view,2026-08-16 14:51:48,2817
B00004813,U000492,C00004,favorite,2026-08-28 13:30:48,3195
B00004814,U000561,C00022,finish,2026-08-22 12:59:48,2922
B00004815,U000844,C00083,start_learning,2026-08-22 13:22:48,1763
B00004816,U000463,C00092,finish,2026-08-04 13:54:48,458
B00004817,U000391,C00086,finish,2026-08-11 09:04:48,2738
B00004818,U000562,C00041,favorite,2026-08-16 13:50:48,993
B00004819,U000317,C00040,start_learning,2026-08-19 00:02:48,194
B00004820,U000767,C00091,favorite,2026-08-28 05:37:48,2899
B00004821,U000908,C00083,view,2026-08-11 01:28:48,646
B00004822,U000589,C00023,start_learning,2026-08-13 16:29:48,242
B00004823,U000377,C00019,buy,2026-08-21 03:33:48,298
B00004824,U000059,C00065,favorite,2026-08-14 03:53:48,592
B00004825,U000908,C00064,favorite,2026-08-29 21:35:48,2670
B00004826,U000014,C00054,view,2026-08-27 07:31:48,2653
B00004827,U000440,C00059,favorite,2026-09-01 08:04:48,869
B00004828,U000428,C00061,favorite,2026-08-26 19:37:48,1166
B00004829,U000004,C00071,start_learning,2026-08-28 11:33:48,2439
B00004830,U000998,C00029,buy,2026-08-27 10:41:48,185
B00004831,U000944,C00074,view,2026-08-16 18:27:48,2289
B00004832,U000969,C00075,view,2026-08-09 00:31:48,1215
B00004833,U000540,C00095,start_learning,2026-08-09 10:34:48,53
B00004834,U000974,C00023,finish,2026-08-06 09:28:48,828
B00004835,U000201,C00089,favorite,2026-08-21 16:14:48,1773
B00004836,U000319,C00098,start_learning,2026-08-31 10:30:48,163
B00004837,U000045,C00040,start_learning,2026-08-05 04:21:48,1424
B00004838,U000002,C00005,view,2026-08-10 21:39:48,2787
B00004839,U000653,C00033,finish,2026-08-08 10:18:48,444
B00004840,U000413,C00082,view,2026-08-16 00:28:48,2751
B00004841,U000793,C00073,start_learning,2026-08-13 18:35:48,2031
B00004842,U000133,C00077,favorite,2026-08-30 11:15:48,538
B00004843,U000502,C00011,favorite,2026-08-23 02:53:48,1593
B00004844,U000023,C00047,buy,2026-08-03 15:12:48,2765
B00004845,U000608,C00091,buy,2026-08-15 13:26:48,1374
B00004846,U000524,C00018,view,2026-08-21 02:17:48,1770
B00004847,U000273,C00042,view,2026-08-07 19:52:48,440
B00004848,U000024,C00067,buy,2026-08-13 16:03:48,698
B00004849,U000647,C00066,finish,2026-08-07 13:08:48,269
B00004850,U000745,C00092,finish,2026-08-08 11:59:48,1176
B00004851,U000775,C00031,view,2026-08-29 11:58:48,71
B00004852,U000286,C00051,finish,2026-08-26 08:59:48,1177
B00004853,U000267,C00052,start_learning,2026-08-19 12:51:48,2340
B00004854,U000347,C00066,start_learning,2026-08-15 20:17:48,2657
B00004855,U000330,C00044,view,2026-08-29 17:03:48,1226
B00004856,U000928,C00049,start_learning,2026-08-12 05:03:48,2464
B00004857,U000955,C00079,finish,2026-08-15 01:11:48,2509
B00004858,U000609,C00085,start_learning,2026-08-07 14:12:48,1747
B00004859,U000280,C00087,favorite,2026-08-03 08:07:48,2783
B00004860,U000455,C00063,buy,2026-08-25 05:51:48,778
B00004861,U000358,C00070,buy,2026-08-03 15:57:48,2444
B00004862,U000625,C00080,finish,2026-08-27 16:14:48,2133
B00004863,U000020,C00091,buy,2026-08-16 16:13:48,2072
B00004864,U000509,C00005,favorite,2026-08-11 01:22:48,743
B00004865,U000245,C00033,buy,2026-08-08 23:20:48,1678
B00004866,U000909,C00088,finish,2026-08-12 08:36:48,2946
B00004867,U000970,C00041,favorite,2026-08-03 12:48:48,695
B00004868,U000554,C00022,buy,2026-08-17 22:06:48,883
B00004869,U000506,C00061,start_learning,2026-08-12 06:58:48,1351
B00004870,U000802,C00094,finish,2026-08-15 00:48:48,847
B00004871,U000036,C00012,buy,2026-08-06 08:36:48,2669
B00004872,U000524,C00084,view,2026-08-25 05:01:48,2267
B00004873,U000402,C00001,view,2026-08-16 00:24:48,2362
B00004874,U000960,C00026,finish,2026-08-06 02:48:48,2433
B00004875,U000768,C00087,buy,2026-08-16 00:16:48,1395
B00004876,U000392,C00080,finish,2026-08-17 19:23:48,3546
B00004877,U000144,C00088,favorite,2026-08-26 09:39:48,1021
B00004878,U000702,C00044,finish,2026-08-19 09:11:48,1145
B00004879,U000575,C00039,start_learning,2026-08-31 21:15:48,1892
B00004880,U000506,C00090,start_learning,2026-08-16 01:10:48,908
B00004881,U000497,C00005,favorite,2026-08-31 22:23:48,1331
B00004882,U000849,C00076,start_learning,2026-08-20 00:10:48,2070
B00004883,U000341,C00063,favorite,2026-08-20 05:53:48,322
B00004884,U000293,C00093,favorite,2026-08-19 06:01:48,52
B00004885,U000465,C00029,start_learning,2026-08-20 10:34:48,1524
B00004886,U000845,C00057,favorite,2026-08-21 15:09:48,3291
B00004887,U000294,C00092,start_learning,2026-08-27 07:50:48,1562
B00004888,U000367,C00071,finish,2026-08-17 08:00:48,1859
B00004889,U000826,C00076,buy,2026-08-25 16:13:48,2044
B00004890,U000170,C00069,start_learning,2026-08-08 15:33:48,2201
B00004891,U000938,C00100,view,2026-08-22 14:17:48,3427
B00004892,U000102,C00097,view,2026-08-22 04:39:48,712
B00004893,U000835,C00067,view,2026-08-12 04:03:48,2029
B00004894,U000755,C00017,finish,2026-08-05 18:09:48,2639
B00004895,U000190,C00037,favorite,2026-08-07 09:32:48,1361
B00004896,U000928,C00100,finish,2026-08-21 20:38:48,487
B00004897,U000875,C00035,buy,2026-08-26 16:21:48,1139
B00004898,U000067,C00023,finish,2026-08-11 19:34:48,1033
B00004899,U000167,C00045,favorite,2026-08-06 20:00:48,2264
B00004900,U000475,C00058,favorite,2026-08-04 22:42:48,2278
B00004901,U000531,C00098,buy,2026-08-13 22:52:48,543
B00004902,U000285,C00081,buy,2026-08-05 10:29:48,3286
B00004903,U000809,C00065,favorite,2026-08-26 01:52:48,84
B00004904,U000478,C00044,view,2026-08-26 23:57:48,2147
B00004905,U000410,C00033,finish,2026-08-25 03:45:48,1923
B00004906,U000885,C00092,buy,2026-08-28 15:36:48,1691
B00004907,U000158,C00079,start_learning,2026-08-16 07:59:48,2791
B00004908,U000846,C00079,start_learning,2026-08-14 16:01:48,699
B00004909,U000447,C00010,favorite,2026-08-23 18:36:48,361
B00004910,U000226,C00048,view,2026-08-05 00:03:48,1579
B00004911,U000900,C00044,finish,2026-08-07 06:31:48,3299
B00004912,U000859,C00062,start_learning,2026-08-06 13:12:48,1354
B00004913,U000710,C00028,finish,2026-08-28 14:54:48,2378
B00004914,U000183,C00006,buy,2026-08-03 13:03:48,1360
B00004915,U000947,C00088,finish,2026-08-21 11:14:48,840
B00004916,U000389,C00066,view,2026-08-14 14:46:48,1096
B00004917,U000526,C00065,favorite,2026-08-23 17:34:48,2341
B00004918,U000199,C00027,buy,2026-08-12 10:45:48,2466
B00004919,U000343,C00086,favorite,2026-08-02 15:10:48,3326
B00004920,U000981,C00013,view,2026-09-01 07:28:48,985
B00004921,U000221,C00087,finish,2026-08-28 22:35:48,2794
B00004922,U000762,C00061,favorite,2026-08-25 22:29:48,3356
B00004923,U000939,C00092,view,2026-08-09 06:52:48,583
B00004924,U000680,C00034,favorite,2026-08-30 18:12:48,1199
B00004925,U000654,C00021,finish,2026-08-03 16:24:48,645
B00004926,U000890,C00032,finish,2026-08-20 14:20:48,1378
B00004927,U000227,C00072,buy,2026-08-30 03:10:48,3461
B00004928,U000965,C00062,view,2026-08-07 07:47:48,1806
B00004929,U000985,C00009,finish,2026-08-03 05:00:48,2701
B00004930,U000536,C00099,finish,2026-08-13 20:04:48,3511
B00004931,U000815,C00019,view,2026-08-09 02:36:48,1293
B00004932,U000499,C00013,view,2026-08-22 02:19:48,1780
B00004933,U000108,C00079,favorite,2026-08-19 14:13:48,867
B00004934,U000600,C00004,finish,2026-08-28 03:06:48,1896
B00004935,U000725,C00045,buy,2026-08-29 19:31:48,1372
B00004936,U000548,C00080,view,2026-08-24 03:06:48,1791
B00004937,U000709,C00057,finish,2026-08-05 21:47:48,3245
B00004938,U000453,C00013,favorite,2026-08-03 11:07:48,2367
B00004939,U000595,C00008,start_learning,2026-08-27 04:45:48,3133
B00004940,U000858,C00012,buy,2026-08-06 12:05:48,2753
B00004941,U000846,C00061,start_learning,2026-08-26 00:59:48,1670
B00004942,U000024,C00074,start_learning,2026-08-24 14:16:48,1057
B00004943,U000710,C00098,view,2026-08-31 20:35:48,2901
B00004944,U000177,C00053,buy,2026-08-03 04:04:48,2977
B00004945,U000138,C00054,start_learning,2026-08-26 14:43:48,2844
B00004946,U000189,C00027,buy,2026-08-30 18:47:48,1143
B00004947,U000444,C00086,view,2026-08-09 02:36:48,849
B00004948,U000817,C00094,buy,2026-08-20 18:37:48,3318
B00004949,U000300,C00005,start_learning,2026-08-16 21:33:48,3201
B00004950,U000841,C00088,view,2026-08-09 22:00:48,760
B00004951,U000179,C00062,view,2026-08-19 21:55:48,1666
B00004952,U000320,C00019,view,2026-08-17 04:25:48,547
B00004953,U000839,C00079,start_learning,2026-08-03 08:35:48,447
B00004954,U000460,C00099,favorite,2026-08-31 08:31:48,1406
B00004955,U000032,C00043,finish,2026-08-20 10:33:48,1680
B00004956,U000428,C00003,buy,2026-08-06 03:00:48,1760
B00004957,U000373,C00016,favorite,2026-08-21 02:39:48,1522
B00004958,U000008,C00032,finish,2026-08-24 17:16:48,481
B00004959,U000866,C00017,view,2026-08-19 14:47:48,1009
B00004960,U000583,C00089,favorite,2026-08-20 05:30:48,3204
B00004961,U000867,C00091,favorite,2026-08-06 09:39:48,610
B00004962,U000838,C00095,favorite,2026-08-20 20:10:48,3251
B00004963,U000122,C00030,finish,2026-08-25 05:13:48,2800
B00004964,U000991,C00060,start_learning,2026-08-17 01:33:48,804
B00004965,U000637,C00093,buy,2026-08-28 07:18:48,3083
B00004966,U000829,C00080,finish,2026-08-17 05:35:48,2522
B00004967,U000262,C00058,favorite,2026-08-03 17:04:48,699
B00004968,U000681,C00037,buy,2026-08-18 02:05:48,973
B00004969,U000173,C00085,view,2026-08-03 10:35:48,1800
B00004970,U000389,C00071,view,2026-08-22 15:12:48,667
B00004971,U000791,C00048,buy,2026-08-11 06:20:48,2282
B00004972,U000516,C00010,start_learning,2026-08-14 00:39:48,3326
B00004973,U000134,C00042,favorite,2026-08-21 08:53:48,228
B00004974,U000721,C00074,finish,2026-08-16 15:52:48,1925
B00004975,U000368,C00094,finish,2026-08-04 23:25:48,668
B00004976,U000196,C00044,start_learning,2026-08-25 05:41:48,2105
B00004977,U000836,C00064,buy,2026-08-28 14:10:48,2596
B00004978,U000862,C00036,finish,2026-08-28 09:44:48,2836
B00004979,U000838,C00025,finish,2026-08-28 14:38:48,1292
B00004980,U000278,C00095,start_learning,2026-08-08 15:08:48,2992
B00004981,U000756,C00075,view,2026-08-25 23:30:48,595
B00004982,U000528,C00032,favorite,2026-08-26 01:30:48,1157
B00004983,U000195,C00016,buy,2026-08-22 06:23:48,3017
B00004984,U000227,C00070,finish,2026-08-23 18:29:48,1435
B00004985,U000514,C00076,start_learning,2026-08-03 01:58:48,1719
B00004986,U000884,C00050,buy,2026-08-28 08:27:48,281
B00004987,U000996,C00045,finish,2026-08-26 01:38:48,2742
B00004988,U000502,C00016,favorite,2026-08-04 16:48:48,362
B00004989,U000078,C00080,finish,2026-08-04 00:20:48,3376
B00004990,U000868,C00030,view,2026-08-02 21:19:48,3597
B00004991,U000268,C00051,finish,2026-08-24 16:33:48,3516
B00004992,U000059,C00053,view,2026-08-22 21:58:48,3433
B00004993,U000153,C00043,start_learning,2026-08-27 03:54:48,1592
B00004994,U000951,C00071,view,2026-08-10 19:42:48,58
B00004995,U000336,C00080,favorite,2026-08-02 21:56:48,21
B00004996,U000039,C00089,favorite,2026-08-24 02:27:48,1924
B00004997,U000333,C00088,buy,2026-08-31 17:52:48,419
B00004998,U000587,C00038,view,2026-08-06 01:01:48,2045
B00004999,U000450,C00007,buy,2026-08-06 03:13:48,2092
B00005000,U000131,C00048,finish,2026-08-04 19:33:48,1294
B00005001,U000272,C00060,finish,2026-08-22 04:47:48,2197
B00005002,U000531,C00078,finish,2026-08-24 00:51:48,3006
B00005003,U000591,C00089,view,2026-08-18 08:55:48,1400
B00005004,U000279,C00048,finish,2026-08-29 04:50:48,174
B00005005,U000689,C00006,start_learning,2026-08-31 09:41:48,728
B00005006,U000246,C00014,favorite,2026-08-12 13:44:48,750
B00005007,U000314,C00081,favorite,2026-08-10 18:09:48,2791
B00005008,U000067,C00022,finish,2026-08-15 06:31:48,1298
B00005009,U000543,C00025,finish,2026-08-07 16:24:48,2209
B00005010,U000299,C00048,start_learning,2026-08-18 21:28:48,1286
B00005011,U000909,C00028,view,2026-08-18 08:51:48,1803
B00005012,U000910,C00092,start_learning,2026-09-01 11:49:48,1019
B00005013,U000785,C00006,view,2026-08-11 06:00:48,1908
B00005014,U000740,C00084,favorite,2026-08-21 16:04:48,3147
B00005015,U000505,C00057,finish,2026-08-10 19:45:48,3318
B00005016,U000597,C00037,buy,2026-08-09 12:08:48,1859
B00005017,U000495,C00045,buy,2026-08-20 23:50:48,2166
B00005018,U000285,C00026,buy,2026-08-28 03:20:48,2578
B00005019,U000646,C00081,finish,2026-08-19 20:53:48,2117
B00005020,U000287,C00052,finish,2026-08-15 20:03:48,244
B00005021,U000449,C00002,buy,2026-08-06 00:03:48,2038
B00005022,U000912,C00002,start_learning,2026-08-27 02:53:48,899
B00005023,U000802,C00075,view,2026-08-19 07:00:48,3095
B00005024,U000626,C00062,finish,2026-08-13 01:37:48,3404
B00005025,U000381,C00083,view,2026-08-09 16:54:48,721
B00005026,U000890,C00100,favorite,2026-08-14 20:06:48,3141
B00005027,U000084,C00037,view,2026-08-23 11:17:48,1848
B00005028,U000863,C00043,buy,2026-08-22 07:22:48,733
B00005029,U000683,C00072,start_learning,2026-08-03 15:25:48,194
B00005030,U000897,C00012,favorite,2026-08-23 10:17:48,1152
B00005031,U000691,C00069,view,2026-08-28 04:47:48,66
B00005032,U000784,C00024,view,2026-08-11 17:40:48,834
B00005033,U000753,C00008,finish,2026-08-21 13:34:48,2596
B00005034,U000952,C00002,start_learning,2026-08-23 07:44:48,1389
B00005035,U000063,C00074,favorite,2026-08-11 15:08:48,635
B00005036,U000470,C00094,start_learning,2026-08-25 17:51:48,1527
B00005037,U000767,C00031,finish,2026-08-04 17:41:48,36
B00005038,U000522,C00043,favorite,2026-08-19 15:17:48,899
B00005039,U000636,C00040,favorite,2026-08-04 14:30:48,2344
B00005040,U000116,C00048,finish,2026-08-31 09:59:48,46
B00005041,U000286,C00098,finish,2026-08-08 06:06:48,1786
B00005042,U000870,C00019,buy,2026-08-21 10:12:48,2556
B00005043,U000057,C00006,view,2026-08-26 10:26:48,2188
B00005044,U000237,C00043,buy,2026-08-26 11:28:48,2845
B00005045,U000688,C00009,buy,2026-08-19 06:10:48,2361
B00005046,U000253,C00057,start_learning,2026-08-15 22:24:48,2121
B00005047,U000757,C00028,start_learning,2026-08-22 21:09:48,2158
B00005048,U000836,C00085,finish,2026-08-15 16:33:48,1136
B00005049,U000424,C00051,favorite,2026-08-27 00:10:48,2353
B00005050,U000084,C00040,start_learning,2026-08-18 08:07:48,2825
B00005051,U000899,C00004,finish,2026-08-06 11:22:48,142
B00005052,U000626,C00064,finish,2026-08-02 21:51:48,597
B00005053,U000133,C00061,view,2026-08-04 05:23:48,2942
B00005054,U000995,C00089,start_learning,2026-08-19 05:06:48,3204
B00005055,U000821,C00094,view,2026-08-16 17:09:48,3168
B00005056,U000004,C00034,favorite,2026-08-28 01:28:48,3594
B00005057,U000339,C00007,favorite,2026-08-27 10:01:48,255
B00005058,U000256,C00001,view,2026-08-28 17:50:48,3258
B00005059,U000522,C00014,buy,2026-08-05 03:07:48,1428
B00005060,U000448,C00080,start_learning,2026-08-18 15:25:48,2875
B00005061,U000212,C00080,view,2026-08-16 06:59:48,1860
B00005062,U000531,C00058,finish,2026-08-06 18:10:48,1184
B00005063,U000069,C00091,finish,2026-08-28 06:37:48,2410
B00005064,U000064,C00097,view,2026-08-21 03:40:48,1996
B00005065,U000320,C00004,finish,2026-08-26 08:40:48,654
B00005066,U000595,C00081,start_learning,2026-08-12 07:21:48,1630
B00005067,U000213,C00036,start_learning,2026-08-13 17:29:48,363
B00005068,U000274,C00090,finish,2026-08-19 15:10:48,1266
B00005069,U000472,C00003,buy,2026-08-11 17:43:48,2640
B00005070,U000460,C00099,finish,2026-08-21 23:50:48,1975
B00005071,U000921,C00033,view,2026-08-25 21:27:48,2533
B00005072,U000751,C00023,view,2026-08-11 21:13:48,1580
B00005073,U000811,C00058,finish,2026-08-12 23:36:48,2821
B00005074,U000028,C00097,favorite,2026-08-03 11:13:48,906
B00005075,U000821,C00015,finish,2026-08-06 09:10:48,3427
B00005076,U000207,C00022,start_learning,2026-08-09 21:41:48,78
B00005077,U000814,C00067,view,2026-08-28 18:53:48,739
B00005078,U000650,C00002,view,2026-08-19 22:27:48,3271
B00005079,U000027,C00082,start_learning,2026-08-05 20:24:48,2105
B00005080,U000651,C00066,favorite,2026-08-21 14:01:48,477
B00005081,U000900,C00094,buy,2026-08-04 14:09:48,1965
B00005082,U000918,C00030,favorite,2026-08-27 22:51:48,1008
B00005083,U000811,C00016,finish,2026-08-27 11:47:48,1624
B00005084,U000427,C00079,finish,2026-08-23 20:58:48,3090
B00005085,U000764,C00067,view,2026-08-14 13:54:48,3361
B00005086,U000551,C00043,favorite,2026-08-27 17:01:48,2414
B00005087,U000406,C00044,favorite,2026-08-11 04:20:48,3346
B00005088,U000272,C00010,favorite,2026-08-14 21:19:48,3431
B00005089,U000013,C00048,finish,2026-08-16 14:29:48,357
B00005090,U000463,C00025,view,2026-08-17 10:51:48,778
B00005091,U000547,C00015,buy,2026-08-21 22:15:48,3502
B00005092,U000264,C00089,view,2026-08-05 01:54:48,3480
B00005093,U000374,C00073,favorite,2026-08-16 22:43:48,3497
B00005094,U000613,C00007,buy,2026-08-16 08:39:48,2431
B00005095,U000157,C00054,favorite,2026-08-28 05:24:48,1987
B00005096,U000255,C00085,buy,2026-08-03 10:11:48,1130
B00005097,U000621,C00088,start_learning,2026-08-08 10:05:48,1281
B00005098,U000748,C00057,finish,2026-08-19 09:35:48,3020
B00005099,U000025,C00036,start_learning,2026-08-28 18:31:48,856
B00005100,U000666,C00029,start_learning,2026-08-24 19:26:48,484
B00005101,U000892,C00056,buy,2026-08-07 04:38:48,1359
B00005102,U000576,C00052,start_learning,2026-08-16 01:13:48,2980
B00005103,U000020,C00017,view,2026-08-28 23:58:48,2654
B00005104,U000498,C00083,start_learning,2026-08-28 05:15:48,723
B00005105,U000774,C00046,buy,2026-08-16 12:40:48,2484
B00005106,U000139,C00049,start_learning,2026-08-15 22:10:48,2909
B00005107,U000511,C00060,view,2026-08-10 06:22:48,517
B00005108,U000818,C00047,view,2026-08-31 14:12:48,135
B00005109,U000721,C00007,start_learning,2026-08-07 04:29:48,1580
B00005110,U000373,C00030,view,2026-08-26 12:19:48,1192
B00005111,U000986,C00086,finish,2026-08-10 11:43:48,1314
B00005112,U000304,C00005,start_learning,2026-08-11 09:31:48,2691
B00005113,U000849,C00057,favorite,2026-08-08 10:03:48,1634
B00005114,U000876,C00070,favorite,2026-08-31 00:46:48,582
B00005115,U000886,C00051,view,2026-08-07 21:11:48,2950
B00005116,U000579,C00003,finish,2026-08-24 18:05:48,2514
B00005117,U000378,C00018,buy,2026-08-23 13:12:48,2262
B00005118,U000529,C00081,view,2026-08-03 18:07:48,2648
B00005119,U000325,C00033,start_learning,2026-08-03 15:49:48,1648
B00005120,U000111,C00093,start_learning,2026-08-24 22:42:48,2327
B00005121,U000569,C00052,favorite,2026-08-21 03:55:48,1763
B00005122,U000048,C00096,favorite,2026-08-27 16:44:48,1701
B00005123,U000209,C00046,buy,2026-08-30 04:51:48,1987
B00005124,U000450,C00041,finish,2026-08-13 20:50:48,3276
B00005125,U000633,C00079,view,2026-08-02 15:32:48,65
B00005126,U000661,C00003,favorite,2026-08-27 19:29:48,1114
B00005127,U000243,C00072,start_learning,2026-08-12 17:22:48,2718
B00005128,U000464,C00065,start_learning,2026-08-08 10:50:48,3310
B00005129,U000379,C00094,view,2026-08-10 01:31:48,3311
B00005130,U000481,C00052,finish,2026-08-13 23:25:48,1940
B00005131,U000369,C00072,buy,2026-08-29 17:57:48,3015
B00005132,U000480,C00087,start_learning,2026-08-29 09:04:48,435
B00005133,U000839,C00073,start_learning,2026-08-10 18:37:48,3394
B00005134,U000934,C00087,start_learning,2026-09-01 07:37:48,1695
B00005135,U000230,C00010,finish,2026-08-26 12:10:48,3002
B00005136,U000895,C00009,finish,2026-08-11 10:54:48,1753
B00005137,U000954,C00054,view,2026-08-13 20:22:48,448
B00005138,U000039,C00028,favorite,2026-08-30 15:36:48,3139
B00005139,U000081,C00003,favorite,2026-08-23 18:32:48,2291
B00005140,U000821,C00002,favorite,2026-08-18 18:41:48,1581
B00005141,U000785,C00087,view,2026-08-08 06:18:48,1765
B00005142,U000470,C00017,favorite,2026-08-03 09:16:48,837
B00005143,U000684,C00035,favorite,2026-08-22 13:08:48,1863
B00005144,U000240,C00085,view,2026-08-13 01:14:48,2142
B00005145,U000382,C00075,buy,2026-08-24 03:28:48,3537
B00005146,U000847,C00043,finish,2026-08-05 20:45:48,2325
B00005147,U000663,C00021,start_learning,2026-08-06 23:33:48,74
B00005148,U000099,C00039,buy,2026-08-25 21:31:48,82
B00005149,U000339,C00016,favorite,2026-08-16 19:34:48,2530
B00005150,U000694,C00015,view,2026-08-15 05:33:48,2475
B00005151,U000061,C00011,view,2026-08-22 06:39:48,1433
B00005152,U000770,C00098,finish,2026-08-18 17:06:48,1302
B00005153,U000254,C00091,finish,2026-08-03 20:46:48,2778
B00005154,U000319,C00034,start_learning,2026-08-09 18:57:48,3402
B00005155,U000254,C00017,favorite,2026-08-04 07:47:48,1101
B00005156,U000823,C00085,buy,2026-08-27 19:41:48,2329
B00005157,U000059,C00054,finish,2026-08-05 14:45:48,581
B00005158,U000555,C00018,finish,2026-08-19 03:30:48,875
B00005159,U000593,C00003,start_learning,2026-08-13 21:22:48,3502
B00005160,U000153,C00076,view,2026-08-08 16:57:48,1193
B00005161,U000747,C00026,finish,2026-08-07 14:31:48,61
B00005162,U000718,C00057,start_learning,2026-08-20 00:57:48,3040
B00005163,U000243,C00094,view,2026-09-01 06:03:48,721
B00005164,U000336,C00038,favorite,2026-08-25 00:08:48,2434
B00005165,U000603,C00082,buy,2026-08-20 02:28:48,179
B00005166,U000152,C00048,finish,2026-08-07 17:10:48,233
B00005167,U000794,C00041,start_learning,2026-08-04 18:16:48,1278
B00005168,U000052,C00041,start_learning,2026-08-13 09:55:48,300
B00005169,U000240,C00034,start_learning,2026-08-06 13:40:48,683
B00005170,U000684,C00020,view,2026-08-20 03:08:48,499
B00005171,U000943,C00054,favorite,2026-08-11 20:30:48,2320
B00005172,U000520,C00002,start_learning,2026-08-29 08:26:48,1069
B00005173,U000131,C00013,favorite,2026-08-25 02:35:48,1455
B00005174,U000704,C00063,buy,2026-08-10 17:05:48,205
B00005175,U000366,C00005,buy,2026-08-28 18:25:48,31
B00005176,U000748,C00061,start_learning,2026-08-11 21:06:48,53
B00005177,U000640,C00097,buy,2026-08-27 23:25:48,2910
B00005178,U000139,C00022,finish,2026-08-17 00:25:48,595
B00005179,U000728,C00029,view,2026-08-04 08:01:48,658
B00005180,U000294,C00046,buy,2026-08-14 20:27:48,2551
B00005181,U000238,C00028,start_learning,2026-08-20 19:26:48,1816
B00005182,U000195,C00022,view,2026-08-08 13:47:48,589
B00005183,U000251,C00044,finish,2026-08-05 04:20:48,3188
B00005184,U000736,C00015,buy,2026-08-05 02:28:48,2918
B00005185,U000491,C00023,finish,2026-08-13 11:57:48,3039
B00005186,U000046,C00059,buy,2026-08-29 05:36:48,1011
B00005187,U000653,C00074,start_learning,2026-08-03 18:21:48,1469
B00005188,U000327,C00026,buy,2026-08-06 18:08:48,3150
B00005189,U000883,C00020,buy,2026-08-13 19:59:48,2363
B00005190,U000546,C00068,favorite,2026-08-09 04:32:48,1098
B00005191,U000342,C00001,start_learning,2026-08-27 17:45:48,3431
B00005192,U000014,C00019,buy,2026-08-05 00:41:48,2706
B00005193,U000338,C00081,favorite,2026-08-03 07:45:48,794
B00005194,U000558,C00100,finish,2026-08-25 20:25:48,842
B00005195,U000525,C00092,favorite,2026-09-01 05:43:48,482
B00005196,U000795,C00033,buy,2026-08-25 19:20:48,2895
B00005197,U000929,C00060,favorite,2026-08-14 15:47:48,2781
B00005198,U000613,C00094,finish,2026-09-01 12:13:48,1079
B00005199,U000086,C00088,start_learning,2026-08-29 04:31:48,664
B00005200,U000738,C00089,view,2026-08-12 22:57:48,583
B00005201,U000546,C00034,view,2026-08-27 00:49:48,3508
B00005202,U000200,C00050,finish,2026-08-14 21:12:48,1173
B00005203,U000004,C00036,favorite,2026-08-19 22:41:48,1973
B00005204,U000117,C00080,view,2026-08-26 15:15:48,1779
B00005205,U000864,C00008,buy,2026-08-26 20:11:48,1550
B00005206,U000297,C00091,start_learning,2026-08-06 23:22:48,2478
B00005207,U000075,C00099,favorite,2026-08-23 02:59:48,1384
B00005208,U000556,C00026,start_learning,2026-08-11 11:44:48,673
B00005209,U000223,C00067,favorite,2026-08-11 13:37:48,3087
B00005210,U000222,C00081,view,2026-08-16 20:10:48,2689
B00005211,U000562,C00061,finish,2026-08-26 13:28:48,3485
B00005212,U000547,C00043,favorite,2026-08-24 02:54:48,1257
B00005213,U000516,C00080,finish,2026-08-26 22:20:48,1755
B00005214,U000248,C00059,start_learning,2026-08-31 15:30:48,890
B00005215,U000791,C00029,view,2026-08-26 07:20:48,360
B00005216,U000204,C00073,favorite,2026-08-08 10:06:48,2362
B00005217,U000562,C00029,start_learning,2026-08-12 10:56:48,1613
B00005218,U000922,C00005,favorite,2026-08-14 15:10:48,251
B00005219,U000809,C00095,buy,2026-08-21 19:57:48,3305
B00005220,U000359,C00048,start_learning,2026-08-06 23:08:48,3227
B00005221,U000989,C00087,buy,2026-08-10 22:51:48,12
B00005222,U000047,C00035,start_learning,2026-08-26 07:30:48,1631
B00005223,U000239,C00082,view,2026-08-25 19:36:48,3600
B00005224,U000750,C00070,favorite,2026-08-04 14:08:48,697
B00005225,U000166,C00038,view,2026-08-16 14:20:48,1332
B00005226,U000308,C00092,buy,2026-08-11 19:58:48,370
B00005227,U000753,C00054,finish,2026-08-09 08:09:48,1583
B00005228,U000556,C00023,buy,2026-08-30 04:33:48,2650
B00005229,U000789,C00058,view,2026-08-22 02:48:48,2020
B00005230,U000746,C00079,start_learning,2026-08-11 07:59:48,8
B00005231,U000361,C00027,favorite,2026-08-16 09:35:48,2368
B00005232,U000618,C00097,buy,2026-08-06 05:46:48,821
B00005233,U000623,C00023,finish,2026-09-01 14:11:48,732
B00005234,U000881,C00071,view,2026-08-12 17:36:48,2483
B00005235,U000028,C00053,buy,2026-08-12 01:01:48,2198
B00005236,U000474,C00057,start_learning,2026-08-25 14:53:48,1334
B00005237,U000519,C00096,view,2026-08-10 07:21:48,2768
B00005238,U000501,C00002,finish,2026-08-24 00:39:48,2971
B00005239,U000326,C00077,view,2026-08-10 21:04:48,3421
B00005240,U000283,C00057,favorite,2026-08-10 08:04:48,2852
B00005241,U000512,C00026,finish,2026-08-30 11:47:48,3254
B00005242,U000134,C00075,view,2026-08-29 14:50:48,2893
B00005243,U000015,C00042,buy,2026-08-04 01:58:48,163
B00005244,U000405,C00021,buy,2026-08-14 08:50:48,995
B00005245,U000858,C00099,finish,2026-08-17 14:47:48,3166
B00005246,U000598,C00071,finish,2026-08-05 02:29:48,694
B00005247,U000742,C00008,finish,2026-08-29 10:04:48,3202
B00005248,U000355,C00016,start_learning,2026-08-31 15:33:48,1945
B00005249,U000548,C00045,view,2026-08-06 09:17:48,3595
B00005250,U000058,C00057,favorite,2026-08-07 14:05:48,1203
B00005251,U000329,C00095,buy,2026-08-13 05:27:48,1605
B00005252,U000320,C00074,view,2026-08-28 22:02:48,853
B00005253,U000758,C00073,finish,2026-08-12 05:21:48,2780
B00005254,U000232,C00085,finish,2026-08-06 21:01:48,1175
B00005255,U000259,C00002,buy,2026-08-14 19:15:48,875
B00005256,U000995,C00063,buy,2026-08-31 16:02:48,565
B00005257,U000315,C00015,start_learning,2026-08-19 11:26:48,69
B00005258,U000624,C00050,favorite,2026-08-12 04:46:48,382
B00005259,U000819,C00059,start_learning,2026-08-09 00:11:48,953
B00005260,U000331,C00088,view,2026-08-13 05:57:48,774
B00005261,U000682,C00050,favorite,2026-08-20 19:30:48,516
B00005262,U000574,C00081,start_learning,2026-08-23 11:22:48,3131
B00005263,U000039,C00049,buy,2026-08-18 03:35:48,3582
B00005264,U000143,C00049,start_learning,2026-08-27 19:39:48,599
B00005265,U000882,C00077,finish,2026-08-18 15:25:48,232
B00005266,U000006,C00004,finish,2026-08-14 05:59:48,2682
B00005267,U000180,C00084,finish,2026-08-03 16:46:48,1371
B00005268,U000877,C00100,start_learning,2026-08-18 23:02:48,2019
B00005269,U000660,C00060,favorite,2026-08-12 02:33:48,1241
B00005270,U000825,C00093,view,2026-08-16 15:13:48,2811
B00005271,U000876,C00091,buy,2026-08-15 01:46:48,141
B00005272,U000168,C00084,start_learning,2026-08-26 19:28:48,1881
B00005273,U000212,C00005,finish,2026-08-14 13:38:48,1614
B00005274,U000711,C00100,start_learning,2026-08-19 13:45:48,3146
B00005275,U000527,C00034,favorite,2026-08-26 15:57:48,2304
B00005276,U000017,C00012,favorite,2026-09-01 05:15:48,793
B00005277,U000407,C00036,buy,2026-08-30 19:39:48,379
B00005278,U000802,C00064,buy,2026-08-13 03:39:48,1136
B00005279,U000470,C00052,finish,2026-08-28 09:36:48,3476
B00005280,U000365,C00095,finish,2026-08-31 02:22:48,1383
B00005281,U000665,C00051,favorite,2026-08-30 06:42:48,3580
B00005282,U000886,C00026,favorite,2026-08-23 10:51:48,2209
B00005283,U000317,C00019,buy,2026-08-21 05:28:48,620
B00005284,U000786,C00090,view,2026-08-03 12:03:48,533
B00005285,U000515,C00097,start_learning,2026-08-17 00:36:48,2224
B00005286,U000475,C00043,favorite,2026-08-16 15:18:48,1627
B00005287,U000227,C00002,view,2026-08-30 05:19:48,3500
B00005288,U000142,C00068,start_learning,2026-08-29 00:25:48,2647
B00005289,U000642,C00067,buy,2026-08-31 16:26:48,181
B00005290,U000040,C00031,start_learning,2026-08-19 19:05:48,1285
B00005291,U000699,C00074,view,2026-08-21 16:45:48,536
B00005292,U000788,C00056,finish,2026-08-29 18:32:48,1863
B00005293,U000499,C00054,buy,2026-08-25 23:17:48,600
B00005294,U000395,C00057,finish,2026-08-31 06:39:48,2117
B00005295,U000494,C00028,favorite,2026-08-08 04:42:48,479
B00005296,U000836,C00031,start_learning,2026-08-16 10:13:48,579
B00005297,U000116,C00032,buy,2026-08-09 14:07:48,1853
B00005298,U000188,C00026,view,2026-08-05 20:59:48,3289
B00005299,U000754,C00086,finish,2026-08-25 18:12:48,2753
B00005300,U000650,C00086,view,2026-08-21 22:59:48,1811
B00005301,U000642,C00088,finish,2026-09-01 09:07:48,1825
B00005302,U000002,C00021,buy,2026-08-09 00:48:48,1654
B00005303,U000202,C00074,start_learning,2026-08-23 09:25:48,1439
B00005304,U000648,C00006,favorite,2026-08-04 09:10:48,1583
B00005305,U000263,C00044,buy,2026-08-14 12:04:48,1768
B00005306,U000598,C00045,favorite,2026-08-13 10:46:48,2207
B00005307,U000628,C00044,view,2026-08-07 08:16:48,3388
B00005308,U000978,C00019,finish,2026-08-25 03:34:48,826
B00005309,U000245,C00022,buy,2026-08-06 01:25:48,297
B00005310,U000554,C00030,finish,2026-08-18 13:05:48,3058
B00005311,U000053,C00038,view,2026-08-18 08:26:48,752
B00005312,U000432,C00019,start_learning,2026-08-09 04:12:48,1903
B00005313,U000586,C00055,start_learning,2026-08-05 07:30:48,1018
B00005314,U000827,C00080,finish,2026-08-10 11:15:48,2005
B00005315,U000070,C00019,view,2026-08-14 08:04:48,3317
B00005316,U000778,C00082,favorite,2026-08-12 11:30:48,2318
B00005317,U000109,C00020,buy,2026-08-15 20:47:48,152
B00005318,U000387,C00048,favorite,2026-08-12 03:22:48,2813
B00005319,U000651,C00054,view,2026-08-30 05:40:48,634
B00005320,U000518,C00080,start_learning,2026-08-16 10:35:48,3234
B00005321,U000066,C00060,buy,2026-08-29 00:29:48,2937
B00005322,U000522,C00059,buy,2026-08-20 13:03:48,1781
B00005323,U000266,C00074,start_learning,2026-08-20 19:17:48,1938
B00005324,U000393,C00088,finish,2026-08-11 11:54:48,3438
B00005325,U000428,C00032,buy,2026-08-17 16:47:48,2979
B00005326,U000645,C00082,finish,2026-08-13 07:01:48,2560
B00005327,U000726,C00055,view,2026-08-06 21:32:48,1063
B00005328,U000568,C00100,favorite,2026-08-17 05:57:48,1675
B00005329,U000301,C00008,view,2026-08-11 21:03:48,96
B00005330,U000126,C00062,view,2026-08-17 11:18:48,1687
B00005331,U000539,C00058,buy,2026-08-26 16:14:48,354
B00005332,U000614,C00006,favorite,2026-08-07 05:41:48,2264
B00005333,U000136,C00011,buy,2026-08-06 12:08:48,2262
B00005334,U000086,C00057,favorite,2026-08-23 07:21:48,1264
B00005335,U000529,C00029,buy,2026-08-17 09:44:48,1380
B00005336,U000506,C00060,start_learning,2026-08-11 19:28:48,1328
B00005337,U000222,C00070,buy,2026-08-09 02:01:48,3567
B00005338,U000160,C00055,view,2026-08-25 12:41:48,1129
B00005339,U000228,C00028,start_learning,2026-08-19 13:24:48,650
B00005340,U000045,C00065,start_learning,2026-08-22 17:50:48,1301
B00005341,U000290,C00071,buy,2026-08-23 05:54:48,2033
B00005342,U000846,C00083,view,2026-08-19 07:08:48,3067
B00005343,U000175,C00079,buy,2026-08-10 08:58:48,2042
B00005344,U000808,C00008,view,2026-08-22 01:13:48,2293
B00005345,U000650,C00023,finish,2026-08-15 10:55:48,1794
B00005346,U000648,C00017,finish,2026-08-22 08:52:48,581
B00005347,U000777,C00017,start_learning,2026-08-28 12:00:48,1996
B00005348,U000570,C00081,start_learning,2026-08-15 11:41:48,3576
B00005349,U000484,C00028,start_learning,2026-08-07 10:26:48,3183
B00005350,U000314,C00022,start_learning,2026-08-31 18:37:48,543
B00005351,U000353,C00060,start_learning,2026-08-17 17:28:48,842
B00005352,U000335,C00048,finish,2026-08-13 19:54:48,882
B00005353,U000555,C00087,buy,2026-08-04 19:13:48,1475
B00005354,U000987,C00065,buy,2026-08-09 03:26:48,835
B00005355,U000786,C00003,finish,2026-08-02 23:45:48,1823
B00005356,U000297,C00009,favorite,2026-08-16 09:30:48,341
B00005357,U000945,C00068,buy,2026-08-08 03:34:48,2722
B00005358,U000704,C00063,buy,2026-08-02 19:44:48,258
B00005359,U000562,C00093,buy,2026-08-15 23:42:48,474
B00005360,U000720,C00052,buy,2026-08-21 07:33:48,3055
B00005361,U000933,C00072,favorite,2026-08-07 04:36:48,1468
B00005362,U000866,C00020,start_learning,2026-08-14 05:33:48,2708
B00005363,U000864,C00027,favorite,2026-08-31 09:07:48,1766
B00005364,U000841,C00080,finish,2026-08-05 23:20:48,1294
B00005365,U000083,C00022,favorite,2026-08-07 10:06:48,640
B00005366,U000699,C00043,start_learning,2026-08-11 22:57:48,515
B00005367,U000704,C00020,start_learning,2026-08-13 21:57:48,698
B00005368,U000469,C00090,start_learning,2026-08-11 02:19:48,2425
B00005369,U000557,C00097,buy,2026-08-03 19:17:48,266
B00005370,U000525,C00100,start_learning,2026-08-22 20:08:48,3317
B00005371,U000455,C00080,buy,2026-08-18 18:19:48,734
B00005372,U000178,C00063,finish,2026-08-10 13:22:48,801
B00005373,U000304,C00014,favorite,2026-08-20 14:29:48,182
B00005374,U000373,C00094,favorite,2026-08-10 11:02:48,2040
B00005375,U000979,C00070,favorite,2026-08-03 05:20:48,2239
B00005376,U000112,C00099,buy,2026-08-17 05:20:48,307
B00005377,U000112,C00037,buy,2026-08-23 01:36:48,1129
B00005378,U001000,C00012,view,2026-08-13 19:24:48,1280
B00005379,U000939,C00057,favorite,2026-08-13 19:02:48,2715
B00005380,U000050,C00026,buy,2026-08-11 01:07:48,3580
B00005381,U000862,C00018,buy,2026-08-19 00:25:48,1946
B00005382,U000717,C00009,finish,2026-08-13 03:43:48,604
B00005383,U000178,C00099,finish,2026-08-08 09:00:48,600
B00005384,U000824,C00020,buy,2026-08-18 20:17:48,559
B00005385,U000318,C00018,finish,2026-08-23 06:31:48,1288
B00005386,U000187,C00035,finish,2026-08-04 18:05:48,1492
B00005387,U000122,C00098,view,2026-08-31 00:52:48,264
B00005388,U000718,C00033,start_learning,2026-08-06 23:49:48,3222
B00005389,U000179,C00067,start_learning,2026-08-04 07:05:48,2368
B00005390,U000789,C00017,favorite,2026-08-10 00:05:48,2348
B00005391,U000840,C00056,buy,2026-08-06 13:15:48,1175
B00005392,U000791,C00059,view,2026-08-11 18:45:48,1482
B00005393,U000795,C00086,view,2026-08-19 17:49:48,1413
B00005394,U000465,C00076,buy,2026-08-05 19:20:48,2849
B00005395,U000598,C00021,buy,2026-08-21 07:55:48,679
B00005396,U000419,C00047,view,2026-08-16 23:58:48,3438
B00005397,U000625,C00046,favorite,2026-08-30 08:23:48,1816
B00005398,U000334,C00025,start_learning,2026-08-20 21:06:48,2113
B00005399,U000218,C00080,favorite,2026-08-08 05:52:48,681
B00005400,U000501,C00046,view,2026-08-10 06:07:48,3184
B00005401,U000162,C00053,favorite,2026-08-11 17:09:48,1094
B00005402,U000751,C00093,finish,2026-08-04 06:09:48,180
B00005403,U000449,C00038,favorite,2026-09-01 08:21:48,3468
B00005404,U000151,C00039,start_learning,2026-08-16 17:24:48,176
B00005405,U000497,C00063,start_learning,2026-08-26 02:33:48,1216
B00005406,U000017,C00095,favorite,2026-08-06 17:38:48,1230
B00005407,U000269,C00001,finish,2026-08-26 01:17:48,1059
B00005408,U000542,C00086,start_learning,2026-09-01 12:09:48,689
B00005409,U000114,C00061,finish,2026-08-03 13:28:48,2809
B00005410,U000368,C00058,buy,2026-08-19 23:58:48,1061
B00005411,U000635,C00087,favorite,2026-08-06 18:12:48,79
B00005412,U000830,C00092,view,2026-08-22 19:36:48,767
B00005413,U000170,C00037,start_learning,2026-08-28 21:55:48,2168
B00005414,U000210,C00030,finish,2026-08-16 07:14:48,1367
B00005415,U000171,C00046,view,2026-08-31 10:49:48,2040
B00005416,U000585,C00035,start_learning,2026-08-27 17:37:48,2553
B00005417,U000706,C00040,buy,2026-08-09 11:25:48,1503
B00005418,U000214,C00057,buy,2026-08-26 22:45:48,582
B00005419,U000826,C00053,finish,2026-08-14 16:08:48,2322
B00005420,U000764,C00087,buy,2026-08-14 08:42:48,941
B00005421,U000199,C00083,view,2026-08-03 06:03:48,48
B00005422,U000252,C00038,start_learning,2026-08-09 02:04:48,3221
B00005423,U000866,C00079,finish,2026-08-19 22:11:48,919
B00005424,U000527,C00052,buy,2026-08-03 23:44:48,747
B00005425,U000223,C00067,view,2026-08-03 16:27:48,2540
B00005426,U000955,C00095,favorite,2026-08-19 03:54:48,2685
B00005427,U000879,C00005,start_learning,2026-08-24 19:22:48,1776
B00005428,U000682,C00033,favorite,2026-08-30 04:17:48,781
B00005429,U000710,C00066,view,2026-08-04 06:41:48,274
B00005430,U000177,C00007,buy,2026-09-01 05:31:48,1131
B00005431,U000371,C00091,start_learning,2026-08-10 23:15:48,3464
B00005432,U000183,C00006,start_learning,2026-08-15 16:55:48,1528
B00005433,U000986,C00030,finish,2026-08-15 18:38:48,265
B00005434,U000705,C00008,buy,2026-08-18 04:43:48,3278
B00005435,U000591,C00098,finish,2026-08-19 11:34:48,2034
B00005436,U000233,C00027,finish,2026-08-10 16:31:48,843
B00005437,U000517,C00015,buy,2026-08-02 20:25:48,2948
B00005438,U000819,C00009,view,2026-08-15 22:11:48,885
B00005439,U000987,C00014,view,2026-08-25 04:32:48,557
B00005440,U000767,C00058,start_learning,2026-08-05 04:31:48,1619
B00005441,U000963,C00030,finish,2026-08-10 14:58:48,1877
B00005442,U000496,C00055,buy,2026-08-26 03:09:48,912
B00005443,U000494,C00043,view,2026-08-14 00:07:48,2198
B00005444,U000330,C00098,finish,2026-08-16 23:35:48,3381
B00005445,U000272,C00059,buy,2026-08-23 16:54:48,1429
B00005446,U000682,C00026,view,2026-08-03 05:08:48,1934
B00005447,U000336,C00049,view,2026-08-06 08:44:48,3002
B00005448,U000621,C00001,view,2026-08-08 14:01:48,3213
B00005449,U000107,C00093,finish,2026-08-11 19:02:48,2995
B00005450,U000100,C00075,buy,2026-08-19 21:16:48,762
B00005451,U000235,C00054,finish,2026-08-24 20:45:48,2117
B00005452,U000716,C00009,start_learning,2026-08-24 14:56:48,2243
B00005453,U000003,C00017,buy,2026-08-26 20:49:48,445
B00005454,U000643,C00043,finish,2026-08-12 03:56:48,0
B00005455,U000964,C00059,view,2026-08-27 12:37:48,3400
B00005456,U000194,C00021,finish,2026-08-03 14:53:48,516
B00005457,U000657,C00076,start_learning,2026-08-16 10:07:48,1873
B00005458,U000346,C00013,favorite,2026-08-17 01:34:48,1476
B00005459,U000429,C00070,view,2026-08-27 17:53:48,1715
B00005460,U000147,C00020,finish,2026-08-06 09:23:48,2314
B00005461,U000045,C00085,start_learning,2026-08-04 05:06:48,2208
B00005462,U000476,C00074,buy,2026-08-07 18:04:48,2228
B00005463,U000960,C00065,start_learning,2026-08-30 18:24:48,3014
B00005464,U000746,C00069,start_learning,2026-08-22 13:36:48,784
B00005465,U000638,C00091,favorite,2026-08-14 11:57:48,858
B00005466,U000450,C00007,start_learning,2026-08-22 05:49:48,1400
B00005467,U000946,C00087,start_learning,2026-09-01 07:36:48,3032
B00005468,U000485,C00038,view,2026-08-28 17:03:48,2725
B00005469,U000022,C00007,finish,2026-08-06 14:03:48,779
B00005470,U000712,C00024,finish,2026-08-21 01:14:48,2734
B00005471,U000945,C00005,start_learning,2026-08-05 05:47:48,182
B00005472,U000383,C00041,buy,2026-08-06 21:21:48,2590
B00005473,U000014,C00097,start_learning,2026-08-11 19:21:48,3517
B00005474,U000792,C00069,finish,2026-08-25 00:22:48,1042
B00005475,U000745,C00042,finish,2026-08-09 03:52:48,1436
B00005476,U000741,C00068,start_learning,2026-08-18 18:52:48,249
B00005477,U000525,C00004,start_learning,2026-08-04 19:17:48,412
B00005478,U000403,C00098,start_learning,2026-08-31 05:06:48,2026
B00005479,U000011,C00014,finish,2026-08-25 02:21:48,595
B00005480,U000303,C00075,finish,2026-09-01 02:49:48,913
B00005481,U000492,C00096,favorite,2026-08-16 23:29:48,1674
B00005482,U000102,C00001,start_learning,2026-08-30 06:51:48,1475
B00005483,U000192,C00041,favorite,2026-08-18 12:32:48,919
B00005484,U000391,C00014,buy,2026-08-04 21:20:48,1373
B00005485,U000362,C00026,favorite,2026-08-21 07:35:48,1828
B00005486,U000081,C00059,view,2026-08-18 05:58:48,2814
B00005487,U000953,C00039,view,2026-08-19 12:30:48,1510
B00005488,U000256,C00100,view,2026-08-22 13:34:48,2166
B00005489,U000693,C00031,favorite,2026-08-18 20:17:48,1691
B00005490,U000660,C00072,view,2026-08-30 04:28:48,2610
B00005491,U000079,C00019,view,2026-08-02 18:06:48,545
B00005492,U000080,C00082,buy,2026-08-25 16:50:48,190
B00005493,U000577,C00034,start_learning,2026-08-25 00:20:48,1444
B00005494,U000326,C00093,start_learning,2026-08-11 22:17:48,667
B00005495,U000088,C00079,finish,2026-08-25 21:01:48,8
B00005496,U000930,C00009,view,2026-08-03 06:58:48,3553
B00005497,U000617,C00087,view,2026-08-03 15:50:48,888
B00005498,U000975,C00065,view,2026-08-07 18:15:48,36
B00005499,U000700,C00080,buy,2026-08-11 08:07:48,1055
B00005500,U000459,C00020,view,2026-08-19 07:55:48,1891
B00005501,U000061,C00090,buy,2026-08-10 12:53:48,3164
B00005502,U000373,C00098,finish,2026-08-09 13:20:48,370
B00005503,U000723,C00009,buy,2026-08-12 09:46:48,2297
B00005504,U000311,C00038,view,2026-08-06 04:19:48,15
B00005505,U000909,C00058,finish,2026-08-16 14:18:48,1291
B00005506,U000956,C00034,view,2026-08-20 14:58:48,433
B00005507,U000338,C00013,view,2026-08-10 23:22:48,2718
B00005508,U000565,C00055,view,2026-08-27 15:53:48,1273
B00005509,U000821,C00054,view,2026-08-28 21:36:48,459
B00005510,U000918,C00073,start_learning,2026-08-23 04:01:48,660
B00005511,U000670,C00046,favorite,2026-08-24 01:13:48,1409
B00005512,U000143,C00012,buy,2026-08-06 01:01:48,2141
B00005513,U000384,C00082,start_learning,2026-08-27 18:02:48,3074
B00005514,U000663,C00026,start_learning,2026-08-24 12:51:48,3390
B00005515,U000856,C00010,finish,2026-08-15 17:32:48,3196
B00005516,U000716,C00025,finish,2026-08-21 02:25:48,1593
B00005517,U000994,C00024,buy,2026-08-05 23:34:48,2788
B00005518,U000617,C00063,view,2026-08-22 16:12:48,2102
B00005519,U000805,C00054,favorite,2026-09-01 00:29:48,3585
B00005520,U000375,C00013,view,2026-08-14 13:30:48,706
B00005521,U000748,C00031,buy,2026-08-21 09:09:48,898
B00005522,U000292,C00090,buy,2026-08-19 11:56:48,2699
B00005523,U000791,C00037,start_learning,2026-08-29 11:10:48,809
B00005524,U000729,C00063,favorite,2026-08-04 09:23:48,307
B00005525,U000456,C00009,start_learning,2026-08-24 00:51:48,1585
B00005526,U000029,C00032,favorite,2026-08-29 03:50:48,2085
B00005527,U000296,C00094,favorite,2026-08-22 23:40:48,3250
B00005528,U000156,C00010,view,2026-08-10 21:37:48,145
B00005529,U000832,C00037,favorite,2026-08-30 01:02:48,1902
B00005530,U000277,C00084,view,2026-08-12 02:35:48,767
B00005531,U000612,C00060,favorite,2026-08-04 23:23:48,2305
B00005532,U000866,C00091,buy,2026-08-30 15:28:48,580
B00005533,U000140,C00030,buy,2026-08-31 17:51:48,3136
B00005534,U000684,C00036,view,2026-08-25 01:21:48,2438
B00005535,U000868,C00027,start_learning,2026-08-29 22:43:48,3269
B00005536,U000645,C00081,finish,2026-08-19 10:26:48,3491
B00005537,U000169,C00096,buy,2026-08-23 06:11:48,2885
B00005538,U000139,C00053,finish,2026-08-11 15:49:48,425
B00005539,U000099,C00048,start_learning,2026-08-03 02:02:48,3558
B00005540,U000731,C00056,view,2026-08-15 18:37:48,89
B00005541,U000731,C00066,buy,2026-08-17 02:49:48,3116
B00005542,U000730,C00004,buy,2026-08-28 10:56:48,1742
B00005543,U000142,C00011,buy,2026-08-21 20:49:48,2880
B00005544,U000086,C00020,start_learning,2026-08-24 16:28:48,2790
B00005545,U000523,C00072,favorite,2026-08-19 13:35:48,146
B00005546,U000609,C00030,finish,2026-08-21 21:02:48,525
B00005547,U000801,C00010,finish,2026-08-20 03:43:48,1845
B00005548,U000630,C00009,start_learning,2026-08-25 13:27:48,2015
B00005549,U000593,C00008,buy,2026-08-17 11:04:48,2578
B00005550,U000470,C00057,buy,2026-08-27 07:32:48,2959
B00005551,U000032,C00052,buy,2026-08-05 21:55:48,3265
B00005552,U000502,C00043,view,2026-08-27 02:21:48,707
B00005553,U000863,C00050,finish,2026-08-20 07:48:48,3116
B00005554,U000160,C00086,view,2026-08-20 22:05:48,3284
B00005555,U000684,C00086,finish,2026-08-26 08:11:48,3139
B00005556,U000780,C00100,view,2026-08-25 04:28:48,2586
B00005557,U000699,C00044,buy,2026-08-18 11:57:48,1606
B00005558,U000411,C00001,view,2026-08-14 17:44:48,1490
B00005559,U000492,C00046,favorite,2026-08-06 04:13:48,1341
B00005560,U000659,C00002,view,2026-08-23 11:39:48,3581
B00005561,U000395,C00050,buy,2026-08-04 04:37:48,2607
B00005562,U000577,C00081,finish,2026-08-15 14:48:48,591
B00005563,U000243,C00010,buy,2026-08-21 12:15:48,178
B00005564,U000837,C00087,start_learning,2026-08-12 11:15:48,1
B00005565,U000366,C00073,buy,2026-08-03 09:37:48,1340
B00005566,U000344,C00033,buy,2026-08-21 01:28:48,870
B00005567,U000838,C00076,buy,2026-08-06 07:42:48,649
B00005568,U000700,C00035,favorite,2026-08-11 19:12:48,1101
B00005569,U000766,C00050,finish,2026-08-04 20:23:48,1666
B00005570,U000199,C00082,finish,2026-08-29 12:49:48,704
B00005571,U000171,C00024,start_learning,2026-08-08 05:09:48,1191
B00005572,U000549,C00018,favorite,2026-08-03 18:47:48,1401
B00005573,U000996,C00044,buy,2026-08-13 12:38:48,543
B00005574,U000363,C00010,favorite,2026-08-26 02:13:48,490
B00005575,U000634,C00058,view,2026-08-19 02:14:48,1119
B00005576,U000983,C00098,buy,2026-08-22 06:21:48,1213
B00005577,U000081,C00031,buy,2026-08-18 23:36:48,169
B00005578,U000645,C00038,buy,2026-08-26 00:13:48,3304
B00005579,U000999,C00029,favorite,2026-08-10 02:07:48,2245
B00005580,U000607,C00073,favorite,2026-08-22 13:31:48,457
B00005581,U000384,C00100,start_learning,2026-08-22 17:10:48,2189
B00005582,U000676,C00083,finish,2026-08-24 11:35:48,1214
B00005583,U000074,C00010,buy,2026-08-25 10:33:48,2432
B00005584,U000797,C00053,start_learning,2026-08-03 06:59:48,3245
B00005585,U000578,C00091,favorite,2026-08-11 01:53:48,2503
B00005586,U000083,C00069,view,2026-08-17 01:10:48,446
B00005587,U000672,C00070,view,2026-08-16 14:05:48,3080
B00005588,U000382,C00044,buy,2026-08-07 02:52:48,1671
B00005589,U000195,C00068,view,2026-08-10 19:10:48,656
B00005590,U000502,C00035,finish,2026-08-03 06:32:48,1918
B00005591,U000632,C00039,start_learning,2026-08-24 13:17:48,2866
B00005592,U000971,C00026,finish,2026-09-01 07:34:48,3017
B00005593,U000496,C00085,finish,2026-08-12 08:52:48,3131
B00005594,U000619,C00012,buy,2026-08-19 10:45:48,1509
B00005595,U000336,C00018,view,2026-08-11 10:38:48,2726
B00005596,U000533,C00027,favorite,2026-08-10 12:33:48,178
B00005597,U000340,C00014,favorite,2026-08-31 19:14:48,1631
B00005598,U000186,C00068,view,2026-08-23 22:42:48,589
B00005599,U000742,C00057,buy,2026-08-17 16:43:48,1167
B00005600,U000637,C00015,favorite,2026-09-01 06:21:48,1816
B00005601,U000366,C00065,finish,2026-08-05 12:31:48,1259
B00005602,U000928,C00043,buy,2026-08-31 05:50:48,3277
B00005603,U000554,C00011,favorite,2026-08-15 02:04:48,1170
B00005604,U000053,C00033,start_learning,2026-08-31 01:38:48,3063
B00005605,U000803,C00044,favorite,2026-08-07 02:16:48,1954
B00005606,U000722,C00089,finish,2026-08-17 03:55:48,2690
B00005607,U000278,C00024,buy,2026-08-31 13:57:48,2444
B00005608,U000370,C00023,buy,2026-08-23 11:32:48,113
B00005609,U000827,C00036,finish,2026-08-24 22:08:48,32
B00005610,U000269,C00052,buy,2026-08-27 01:58:48,3355
B00005611,U000096,C00074,view,2026-08-03 16:33:48,1680
B00005612,U000133,C00008,finish,2026-08-11 23:50:48,921
B00005613,U000115,C00072,favorite,2026-08-07 17:40:48,1600
B00005614,U000727,C00079,favorite,2026-08-28 07:31:48,487
B00005615,U000645,C00072,finish,2026-08-13 03:54:48,1723
B00005616,U000701,C00072,favorite,2026-08-22 16:10:48,763
B00005617,U000101,C00043,favorite,2026-08-02 15:25:48,724
B00005618,U000243,C00096,start_learning,2026-08-30 15:52:48,146
B00005619,U000859,C00098,start_learning,2026-08-26 22:10:48,849
B00005620,U000733,C00033,finish,2026-08-07 15:46:48,1275
B00005621,U000557,C00069,favorite,2026-08-29 12:13:48,247
B00005622,U000508,C00019,finish,2026-08-19 21:28:48,14
B00005623,U000798,C00093,favorite,2026-08-18 18:34:48,990
B00005624,U000404,C00085,finish,2026-08-14 17:37:48,545
B00005625,U000147,C00025,favorite,2026-08-20 16:34:48,685
B00005626,U000857,C00048,start_learning,2026-08-25 04:15:48,3202
B00005627,U000952,C00050,finish,2026-08-21 12:06:48,1080
B00005628,U000283,C00083,favorite,2026-08-16 18:37:48,2933
B00005629,U000500,C00031,finish,2026-08-14 04:01:48,2719
B00005630,U000214,C00018,favorite,2026-08-02 19:12:48,2791
B00005631,U000686,C00007,finish,2026-08-29 10:16:48,186
B00005632,U000696,C00030,finish,2026-08-21 15:59:48,3266
B00005633,U000426,C00096,start_learning,2026-08-21 14:48:48,2046
B00005634,U000993,C00069,favorite,2026-08-13 20:23:48,1874
B00005635,U000268,C00034,view,2026-08-05 17:25:48,3363
B00005636,U000407,C00021,finish,2026-08-08 06:29:48,66
B00005637,U000433,C00072,favorite,2026-08-11 15:56:48,3074
B00005638,U000264,C00020,finish,2026-08-12 01:47:48,3274
B00005639,U000199,C00044,finish,2026-08-12 13:45:48,2703
B00005640,U000206,C00050,start_learning,2026-08-08 10:06:48,933
B00005641,U000249,C00043,start_learning,2026-08-28 19:31:48,2802
B00005642,U000072,C00035,favorite,2026-08-29 17:01:48,955
B00005643,U000895,C00052,finish,2026-08-28 16:08:48,56
B00005644,U000153,C00090,buy,2026-08-17 06:57:48,1092
B00005645,U000491,C00074,buy,2026-08-02 15:12:48,124
B00005646,U000277,C00063,buy,2026-08-15 07:16:48,2736
B00005647,U000460,C00012,buy,2026-08-22 23:51:48,621
B00005648,U000123,C00089,favorite,2026-08-06 07:05:48,2369
B00005649,U000965,C00063,finish,2026-08-03 08:46:48,406
B00005650,U000246,C00082,view,2026-08-10 14:22:48,742
B00005651,U000160,C00100,finish,2026-08-06 08:19:48,442
B00005652,U000549,C00094,start_learning,2026-08-14 16:40:48,2710
B00005653,U000361,C00040,favorite,2026-08-09 21:36:48,1510
B00005654,U000079,C00083,buy,2026-08-31 20:41:48,1773
B00005655,U000927,C00060,buy,2026-08-17 04:45:48,2968
B00005656,U000309,C00058,start_learning,2026-08-13 15:44:48,3401
B00005657,U000662,C00095,start_learning,2026-08-08 03:01:48,1272
B00005658,U000440,C00096,finish,2026-08-04 23:47:48,740
B00005659,U000712,C00010,start_learning,2026-08-28 03:28:48,3414
B00005660,U000096,C00077,buy,2026-08-10 19:15:48,298
B00005661,U000580,C00030,buy,2026-08-21 06:05:48,1399
B00005662,U000652,C00085,favorite,2026-08-28 11:33:48,1437
B00005663,U000162,C00022,buy,2026-08-30 08:31:48,614
B00005664,U000227,C00043,finish,2026-08-17 21:06:48,1559
B00005665,U000647,C00083,favorite,2026-08-18 20:26:48,2890
B00005666,U000480,C00009,favorite,2026-08-21 17:22:48,632
B00005667,U000973,C00051,view,2026-08-29 00:55:48,3364
B00005668,U000114,C00028,finish,2026-08-23 23:48:48,48
B00005669,U000684,C00040,favorite,2026-08-22 05:06:48,631
B00005670,U000723,C00013,view,2026-08-11 11:52:48,621
B00005671,U000515,C00034,start_learning,2026-08-26 23:47:48,1679
B00005672,U000198,C00032,buy,2026-08-22 23:42:48,1129
B00005673,U000412,C00036,favorite,2026-08-06 01:02:48,462
B00005674,U000156,C00055,buy,2026-08-03 05:58:48,3306
B00005675,U000993,C00002,favorite,2026-09-01 14:40:48,986
B00005676,U000019,C00082,finish,2026-08-26 15:49:48,1509
B00005677,U000481,C00004,view,2026-08-07 06:13:48,203
B00005678,U000060,C00050,finish,2026-08-09 05:45:48,186
B00005679,U000589,C00023,buy,2026-08-15 22:16:48,2992
B00005680,U000415,C00063,buy,2026-09-01 08:00:48,1974
B00005681,U000287,C00013,buy,2026-08-17 01:46:48,395
B00005682,U000950,C00026,start_learning,2026-08-10 05:35:48,2198
B00005683,U000105,C00029,finish,2026-08-19 19:24:48,732
B00005684,U000484,C00069,buy,2026-08-16 00:35:48,153
B00005685,U000451,C00046,view,2026-08-23 15:40:48,2281
B00005686,U000555,C00026,buy,2026-08-26 07:18:48,615
B00005687,U000403,C00096,favorite,2026-08-31 22:39:48,2957
B00005688,U000653,C00009,favorite,2026-08-09 11:32:48,516
B00005689,U000092,C00008,view,2026-08-23 17:35:48,2065
B00005690,U000696,C00089,finish,2026-08-04 11:43:48,730
B00005691,U000871,C00006,finish,2026-08-13 13:00:48,3369
B00005692,U000956,C00039,start_learning,2026-08-24 23:34:48,1251
B00005693,U000633,C00035,start_learning,2026-08-04 13:01:48,2361
B00005694,U000493,C00029,start_learning,2026-08-07 15:42:48,2930
B00005695,U000494,C00003,buy,2026-08-06 02:49:48,2658
B00005696,U000097,C00025,view,2026-08-15 22:09:48,2497
B00005697,U000055,C00040,favorite,2026-08-27 06:31:48,2288
B00005698,U000174,C00035,buy,2026-08-31 16:32:48,141
B00005699,U000224,C00052,view,2026-08-03 06:25:48,3473
B00005700,U000519,C00039,finish,2026-08-15 18:01:48,2737
B00005701,U000931,C00020,favorite,2026-08-22 16:36:48,285
B00005702,U000518,C00035,start_learning,2026-08-10 23:45:48,2929
B00005703,U000785,C00074,buy,2026-08-12 08:28:48,1978
B00005704,U000734,C00045,start_learning,2026-08-05 22:33:48,1977
B00005705,U000336,C00045,start_learning,2026-08-26 15:44:48,130
B00005706,U000041,C00059,view,2026-08-05 11:11:48,1045
B00005707,U000445,C00058,view,2026-08-04 03:41:48,1792
B00005708,U000684,C00053,favorite,2026-08-31 06:45:48,1467
B00005709,U000544,C00090,view,2026-08-29 02:53:48,2616
B00005710,U000491,C00004,finish,2026-08-19 18:19:48,2101
B00005711,U000080,C00058,buy,2026-09-01 11:44:48,192
B00005712,U000759,C00013,view,2026-08-27 06:42:48,3421
B00005713,U000458,C00028,finish,2026-08-08 13:33:48,2784
B00005714,U000933,C00058,favorite,2026-08-11 06:32:48,1922
B00005715,U000097,C00035,finish,2026-08-21 06:16:48,3265
B00005716,U000894,C00059,favorite,2026-08-20 15:22:48,3474
B00005717,U000436,C00004,buy,2026-08-19 13:14:48,777
B00005718,U000065,C00027,view,2026-08-29 14:34:48,1607
B00005719,U000740,C00066,buy,2026-08-18 02:12:48,926
B00005720,U000323,C00053,start_learning,2026-08-15 19:06:48,3338
B00005721,U000202,C00076,favorite,2026-08-24 22:38:48,1851
B00005722,U000742,C00080,buy,2026-08-18 03:22:48,167
B00005723,U000066,C00016,finish,2026-08-17 12:17:48,2026
B00005724,U000247,C00081,buy,2026-08-10 15:54:48,1714
B00005725,U000096,C00010,start_learning,2026-08-15 09:02:48,2284
B00005726,U000440,C00097,favorite,2026-08-18 15:36:48,2646
B00005727,U000952,C00064,start_learning,2026-08-07 03:02:48,1851
B00005728,U000938,C00048,finish,2026-08-07 01:32:48,333
B00005729,U000148,C00057,start_learning,2026-08-03 15:00:48,2273
B00005730,U000951,C00065,finish,2026-08-12 09:58:48,326
B00005731,U000366,C00033,finish,2026-08-12 11:25:48,3103
B00005732,U000601,C00041,buy,2026-08-27 04:21:48,2270
B00005733,U000362,C00025,view,2026-08-15 12:59:48,1788
B00005734,U000787,C00093,finish,2026-08-15 04:30:48,2747
B00005735,U000574,C00041,favorite,2026-08-05 18:33:48,3145
B00005736,U000057,C00020,finish,2026-08-04 04:24:48,824
B00005737,U000045,C00035,buy,2026-08-08 02:40:48,312
B00005738,U000518,C00004,finish,2026-08-17 07:47:48,334
B00005739,U000263,C00012,buy,2026-08-19 19:38:48,2836
B00005740,U000411,C00038,finish,2026-08-02 20:39:48,1717
B00005741,U000512,C00043,start_learning,2026-08-12 12:35:48,1643
B00005742,U000807,C00073,start_learning,2026-08-03 19:59:48,2706
B00005743,U000751,C00044,view,2026-08-15 05:49:48,2813
B00005744,U000843,C00009,start_learning,2026-08-08 11:25:48,1384
B00005745,U000923,C00082,finish,2026-09-01 01:40:48,2302
B00005746,U000867,C00026,start_learning,2026-08-22 02:27:48,2136
B00005747,U000143,C00058,finish,2026-08-21 09:36:48,592
B00005748,U000486,C00013,finish,2026-08-30 21:30:48,2109
B00005749,U000230,C00014,finish,2026-08-27 23:07:48,479
B00005750,U000938,C00071,buy,2026-08-25 17:35:48,2032
B00005751,U000721,C00062,favorite,2026-08-10 15:36:48,1213
B00005752,U000975,C00037,view,2026-08-16 09:42:48,1166
B00005753,U000180,C00011,buy,2026-08-06 19:06:48,1592
B00005754,U000077,C00075,favorite,2026-08-04 05:19:48,732
B00005755,U000154,C00079,favorite,2026-08-18 04:11:48,124
B00005756,U000742,C00097,finish,2026-08-21 23:11:48,1802
B00005757,U000495,C00011,start_learning,2026-08-09 01:49:48,601
B00005758,U000059,C00095,view,2026-08-14 00:58:48,2243
B00005759,U000013,C00041,finish,2026-08-25 10:35:48,2996
B00005760,U000138,C00007,favorite,2026-08-13 03:54:48,2148
B00005761,U000313,C00061,start_learning,2026-08-25 01:59:48,2199
B00005762,U000332,C00083,buy,2026-08-13 22:37:48,2717
B00005763,U000315,C00014,finish,2026-08-16 02:18:48,1045
B00005764,U000225,C00010,buy,2026-08-30 08:25:48,984
B00005765,U000048,C00044,start_learning,2026-08-04 16:07:48,1556
B00005766,U000491,C00059,start_learning,2026-08-24 00:40:48,537
B00005767,U000630,C00013,start_learning,2026-08-11 10:47:48,3231
B00005768,U000386,C00039,buy,2026-08-26 09:07:48,1956
B00005769,U000826,C00040,start_learning,2026-08-27 08:35:48,2643
B00005770,U000643,C00053,favorite,2026-08-21 05:25:48,1521
B00005771,U000217,C00023,finish,2026-08-25 09:41:48,3495
B00005772,U000705,C00071,view,2026-08-14 08:59:48,1013
B00005773,U000394,C00025,start_learning,2026-08-21 16:27:48,1020
B00005774,U000131,C00095,buy,2026-08-16 23:57:48,1809
B00005775,U000723,C00015,buy,2026-08-25 17:12:48,1634
B00005776,U000957,C00094,view,2026-08-17 16:04:48,355
B00005777,U000780,C00056,start_learning,2026-08-25 09:39:48,2514
B00005778,U000393,C00084,favorite,2026-08-17 21:14:48,1811
B00005779,U000498,C00004,favorite,2026-08-28 05:53:48,3407
B00005780,U000183,C00076,buy,2026-08-05 16:13:48,2593
B00005781,U000464,C00052,finish,2026-08-09 06:56:48,915
B00005782,U000183,C00074,finish,2026-08-14 13:07:48,370
B00005783,U000091,C00036,buy,2026-08-12 04:52:48,864
B00005784,U000235,C00056,finish,2026-08-27 04:59:48,3061
B00005785,U000425,C00042,buy,2026-08-28 22:16:48,2306
B00005786,U000635,C00055,view,2026-08-12 12:59:48,3019
B00005787,U000024,C00008,start_learning,2026-08-13 12:47:48,2264
B00005788,U000839,C00081,start_learning,2026-08-14 23:08:48,3142
B00005789,U000220,C00030,buy,2026-08-10 21:00:48,651
B00005790,U000692,C00044,start_learning,2026-08-14 14:44:48,288
B00005791,U000141,C00070,view,2026-08-30 12:09:48,287
B00005792,U000487,C00066,buy,2026-08-12 01:16:48,2895
B00005793,U000973,C00049,buy,2026-08-16 11:28:48,1847
B00005794,U000137,C00073,finish,2026-08-08 00:07:48,1031
B00005795,U000688,C00085,view,2026-08-21 18:04:48,413
B00005796,U000100,C00084,view,2026-08-27 01:20:48,252
B00005797,U000094,C00050,view,2026-08-29 17:54:48,2792
B00005798,U000397,C00036,favorite,2026-08-29 05:26:48,2815
B00005799,U000741,C00007,buy,2026-08-20 06:32:48,1877
B00005800,U000539,C00089,start_learning,2026-08-08 16:27:48,491
B00005801,U000199,C00052,finish,2026-09-01 01:47:48,736
B00005802,U000472,C00082,finish,2026-08-05 05:09:48,2425
B00005803,U000552,C00090,finish,2026-08-31 10:35:48,440
B00005804,U000582,C00011,favorite,2026-08-28 00:10:48,2926
B00005805,U000610,C00086,start_learning,2026-08-20 22:36:48,892
B00005806,U000153,C00002,start_learning,2026-08-13 02:50:48,2493
B00005807,U000300,C00097,favorite,2026-08-23 04:05:48,269
B00005808,U000769,C00054,favorite,2026-08-26 19:01:48,3264
B00005809,U000790,C00022,favorite,2026-08-23 20:00:48,2987
B00005810,U000356,C00040,view,2026-08-22 07:03:48,2692
B00005811,U000643,C00013,start_learning,2026-08-03 17:49:48,1125
B00005812,U000454,C00085,start_learning,2026-08-27 03:34:48,847
B00005813,U000161,C00067,finish,2026-08-27 18:29:48,665
B00005814,U000660,C00048,view,2026-08-28 13:23:48,1020
B00005815,U000413,C00061,start_learning,2026-08-16 09:03:48,2915
B00005816,U000099,C00008,start_learning,2026-08-05 03:52:48,2774
B00005817,U000386,C00038,favorite,2026-08-10 04:32:48,409
B00005818,U000833,C00096,view,2026-08-25 12:58:48,2168
B00005819,U000172,C00027,start_learning,2026-08-31 20:45:48,2360
B00005820,U000608,C00069,favorite,2026-08-07 09:57:48,3417
B00005821,U000371,C00087,finish,2026-08-22 10:40:48,2042
B00005822,U000021,C00057,finish,2026-08-24 17:01:48,3478
B00005823,U000108,C00077,finish,2026-08-27 13:22:48,2995
B00005824,U000997,C00065,favorite,2026-08-03 22:16:48,644
B00005825,U000018,C00033,buy,2026-09-01 14:16:48,2556
B00005826,U000480,C00025,favorite,2026-08-27 23:21:48,3586
B00005827,U000703,C00073,favorite,2026-08-21 16:21:48,2084
B00005828,U000496,C00009,buy,2026-08-07 00:48:48,883
B00005829,U000914,C00035,view,2026-08-16 00:31:48,2214
B00005830,U000231,C00008,start_learning,2026-08-07 23:12:48,2262
B00005831,U000809,C00001,finish,2026-08-12 21:21:48,366
B00005832,U000716,C00077,finish,2026-08-13 20:59:48,2276
B00005833,U000070,C00070,start_learning,2026-08-25 16:47:48,1614
B00005834,U000313,C00052,finish,2026-08-29 14:52:48,102
B00005835,U000899,C00034,view,2026-08-18 20:32:48,231
B00005836,U000784,C00030,start_learning,2026-08-19 11:54:48,992
B00005837,U000960,C00099,finish,2026-08-11 01:37:48,233
B00005838,U000567,C00088,start_learning,2026-08-15 13:33:48,3451
B00005839,U000226,C00043,finish,2026-08-15 02:25:48,437
B00005840,U000513,C00066,favorite,2026-08-03 13:10:48,1015
B00005841,U000586,C00019,finish,2026-08-25 01:48:48,3390
B00005842,U000362,C00046,buy,2026-08-06 04:26:48,2853
B00005843,U000180,C00009,favorite,2026-08-16 03:35:48,1012
B00005844,U000254,C00023,buy,2026-08-04 20:23:48,352
B00005845,U000207,C00085,finish,2026-09-01 14:50:48,881
B00005846,U000613,C00012,start_learning,2026-08-25 05:45:48,2097
B00005847,U000853,C00040,finish,2026-08-23 07:54:48,775
B00005848,U000816,C00066,finish,2026-08-06 20:49:48,2707
B00005849,U000574,C00025,buy,2026-08-04 10:27:48,2236
B00005850,U000100,C00039,start_learning,2026-08-20 12:49:48,1859
B00005851,U000110,C00032,view,2026-08-23 13:01:48,1463
B00005852,U000116,C00038,finish,2026-08-21 03:03:48,1627
B00005853,U000880,C00013,buy,2026-08-31 19:51:48,1810
B00005854,U000340,C00032,buy,2026-08-22 19:45:48,1
B00005855,U000334,C00041,finish,2026-08-26 16:08:48,2050
B00005856,U000042,C00008,finish,2026-08-15 07:49:48,3568
B00005857,U000513,C00029,start_learning,2026-08-17 08:05:48,1927
B00005858,U000532,C00032,start_learning,2026-08-12 12:50:48,1307
B00005859,U000795,C00070,favorite,2026-08-05 00:44:48,293
B00005860,U000636,C00019,favorite,2026-08-03 21:10:48,3436
B00005861,U000080,C00053,finish,2026-08-23 04:22:48,2878
B00005862,U000864,C00038,finish,2026-08-31 22:55:48,1419
B00005863,U000618,C00070,finish,2026-08-10 05:26:48,2543
B00005864,U000017,C00096,favorite,2026-08-27 03:41:48,2769
B00005865,U000071,C00061,start_learning,2026-09-01 01:44:48,1052
B00005866,U000345,C00047,start_learning,2026-08-22 00:49:48,2509
B00005867,U000656,C00086,view,2026-08-29 04:26:48,2386
B00005868,U000028,C00080,finish,2026-08-17 13:47:48,2744
B00005869,U000421,C00054,buy,2026-08-14 13:09:48,1459
B00005870,U000923,C00005,view,2026-08-12 15:49:48,3386
B00005871,U000302,C00022,favorite,2026-08-26 22:41:48,896
B00005872,U000035,C00064,finish,2026-08-23 00:25:48,2504
B00005873,U000119,C00040,start_learning,2026-08-25 23:27:48,1520
B00005874,U000447,C00077,buy,2026-08-06 11:43:48,238
B00005875,U000242,C00098,favorite,2026-08-28 21:39:48,1267
B00005876,U000946,C00024,buy,2026-08-22 01:13:48,947
B00005877,U000368,C00007,buy,2026-08-15 20:39:48,513
B00005878,U000607,C00024,view,2026-08-10 06:16:48,1110
B00005879,U000228,C00042,start_learning,2026-08-08 19:21:48,1678
B00005880,U000551,C00036,favorite,2026-08-31 11:04:48,1871
B00005881,U000949,C00100,start_learning,2026-08-06 08:46:48,999
B00005882,U000391,C00045,view,2026-08-07 02:18:48,901
B00005883,U000056,C00012,finish,2026-08-27 13:12:48,1601
B00005884,U000059,C00085,finish,2026-08-24 06:24:48,963
B00005885,U000495,C00029,buy,2026-08-28 00:32:48,1349
B00005886,U000115,C00058,finish,2026-08-03 07:40:48,3444
B00005887,U000542,C00025,favorite,2026-08-22 10:59:48,472
B00005888,U000586,C00073,view,2026-08-11 04:23:48,1661
B00005889,U000256,C00084,start_learning,2026-08-20 11:49:48,1593
B00005890,U000354,C00033,start_learning,2026-08-17 07:20:48,684
B00005891,U000247,C00025,buy,2026-08-03 04:27:48,960
B00005892,U000588,C00036,finish,2026-08-29 02:23:48,805
B00005893,U000518,C00052,favorite,2026-08-29 14:55:48,492
B00005894,U000646,C00040,finish,2026-08-29 12:27:48,751
B00005895,U000648,C00057,view,2026-08-27 07:17:48,3507
B00005896,U000818,C00001,favorite,2026-08-24 15:36:48,554
B00005897,U000959,C00031,start_learning,2026-08-18 04:07:48,716
B00005898,U000240,C00002,view,2026-08-07 00:13:48,2480
B00005899,U000488,C00085,finish,2026-08-16 08:43:48,3258
B00005900,U000878,C00031,finish,2026-08-29 15:00:48,2397
B00005901,U000339,C00099,finish,2026-08-05 04:50:48,1794
B00005902,U000676,C00041,view,2026-08-24 23:22:48,755
B00005903,U000410,C00044,view,2026-08-28 13:11:48,2910
B00005904,U000620,C00052,buy,2026-08-06 21:05:48,965
B00005905,U000994,C00030,view,2026-08-03 16:25:48,3325
B00005906,U000379,C00027,start_learning,2026-08-10 03:28:48,690
B00005907,U000217,C00028,buy,2026-08-08 05:15:48,3494
B00005908,U000861,C00073,start_learning,2026-08-06 15:14:48,2771
B00005909,U000451,C00037,finish,2026-08-27 05:17:48,2144
B00005910,U000845,C00056,start_learning,2026-09-01 14:39:48,18
B00005911,U000159,C00035,finish,2026-08-06 23:01:48,1688
B00005912,U000038,C00041,view,2026-08-30 03:05:48,1075
B00005913,U000308,C00097,buy,2026-08-30 11:06:48,1028
B00005914,U000614,C00068,view,2026-08-30 10:11:48,911
B00005915,U000975,C00093,start_learning,2026-08-05 22:27:48,764
B00005916,U000352,C00075,buy,2026-08-28 11:40:48,2191
B00005917,U000771,C00052,start_learning,2026-08-18 02:49:48,1475
B00005918,U000357,C00011,start_learning,2026-08-14 02:16:48,2196
B00005919,U000106,C00032,buy,2026-09-01 07:08:48,102
B00005920,U000021,C00055,finish,2026-08-21 08:10:48,1150
B00005921,U000928,C00034,view,2026-08-25 08:08:48,556
B00005922,U000703,C00001,view,2026-08-21 15:45:48,506
B00005923,U000684,C00032,favorite,2026-08-29 10:51:48,84
B00005924,U000717,C00027,finish,2026-08-12 23:50:48,1252
B00005925,U000646,C00006,buy,2026-08-04 23:47:48,2070
B00005926,U000145,C00067,finish,2026-08-13 22:40:48,181
B00005927,U000798,C00029,finish,2026-08-31 17:27:48,119
B00005928,U000100,C00024,view,2026-08-13 13:57:48,1965
B00005929,U000386,C00060,buy,2026-08-26 03:51:48,2010
B00005930,U000606,C00015,favorite,2026-08-25 22:22:48,3229
B00005931,U000311,C00097,buy,2026-08-25 16:28:48,2702
B00005932,U000152,C00037,view,2026-08-16 17:48:48,804
B00005933,U000419,C00025,view,2026-08-31 16:13:48,1549
B00005934,U000504,C00036,finish,2026-08-08 23:42:48,2124
B00005935,U000536,C00056,favorite,2026-08-30 23:16:48,2409
B00005936,U000170,C00060,view,2026-08-08 05:54:48,3002
B00005937,U000019,C00015,finish,2026-08-22 08:37:48,723
B00005938,U000627,C00046,buy,2026-08-08 18:27:48,165
B00005939,U000005,C00072,view,2026-08-05 15:45:48,2205
B00005940,U000421,C00033,view,2026-08-22 20:46:48,2199
B00005941,U000102,C00026,start_learning,2026-08-03 20:56:48,2748
B00005942,U000180,C00060,start_learning,2026-08-31 13:13:48,1218
B00005943,U000926,C00003,buy,2026-08-18 00:03:48,1497
B00005944,U000950,C00017,buy,2026-08-23 23:19:48,3244
B00005945,U000413,C00033,finish,2026-08-14 14:05:48,1649
B00005946,U000793,C00009,start_learning,2026-08-10 11:08:48,22
B00005947,U000594,C00093,favorite,2026-08-08 23:29:48,2425
B00005948,U000503,C00044,buy,2026-08-04 07:02:48,247
B00005949,U000995,C00064,view,2026-08-30 00:41:48,226
B00005950,U000747,C00062,buy,2026-08-25 15:10:48,460
B00005951,U000419,C00018,start_learning,2026-08-28 23:04:48,3128
B00005952,U000510,C00026,view,2026-08-09 06:30:48,501
B00005953,U000291,C00014,favorite,2026-08-09 07:24:48,1929
B00005954,U000855,C00053,favorite,2026-08-17 12:46:48,739
B00005955,U000451,C00061,finish,2026-08-18 09:10:48,227
B00005956,U000616,C00099,view,2026-08-02 21:19:48,1807
B00005957,U000314,C00048,view,2026-08-23 17:51:48,2989
B00005958,U000706,C00077,finish,2026-08-04 00:30:48,2066
B00005959,U000476,C00051,favorite,2026-08-27 16:37:48,1450
B00005960,U000048,C00069,favorite,2026-08-13 06:43:48,2450
B00005961,U000803,C00097,favorite,2026-08-12 21:17:48,2485
B00005962,U000632,C00061,finish,2026-08-23 03:19:48,3388
B00005963,U000698,C00039,favorite,2026-08-31 02:39:48,729
B00005964,U000828,C00014,view,2026-08-13 04:23:48,1480
B00005965,U000126,C00097,start_learning,2026-08-15 18:14:48,3359
B00005966,U000751,C00048,favorite,2026-08-22 11:04:48,839
B00005967,U000945,C00060,view,2026-08-25 00:13:48,2
B00005968,U000740,C00039,start_learning,2026-08-26 02:13:48,1873
B00005969,U000841,C00069,favorite,2026-08-03 23:34:48,3081
B00005970,U000580,C00036,start_learning,2026-08-23 12:33:48,406
B00005971,U000919,C00063,favorite,2026-08-27 15:43:48,647
B00005972,U000296,C00021,view,2026-08-16 01:02:48,1173
B00005973,U000444,C00067,favorite,2026-08-16 07:34:48,657
B00005974,U000053,C00053,finish,2026-08-02 18:58:48,1274
B00005975,U000441,C00076,view,2026-08-17 01:35:48,1337
B00005976,U000528,C00021,view,2026-08-28 09:10:48,2512
B00005977,U000852,C00071,favorite,2026-08-30 20:42:48,3072
B00005978,U000445,C00023,favorite,2026-08-09 23:07:48,2566
B00005979,U000730,C00039,favorite,2026-08-25 17:23:48,3105
B00005980,U000767,C00090,start_learning,2026-09-01 09:51:48,3322
B00005981,U000761,C00082,buy,2026-08-28 05:11:48,1037
B00005982,U000388,C00033,favorite,2026-08-10 21:55:48,1555
B00005983,U000232,C00020,start_learning,2026-08-05 19:57:48,2547
B00005984,U000522,C00093,buy,2026-08-28 14:44:48,755
B00005985,U000946,C00010,favorite,2026-08-23 23:11:48,1006
B00005986,U000498,C00074,favorite,2026-08-07 18:17:48,1231
B00005987,U000367,C00067,finish,2026-08-09 08:39:48,2888
B00005988,U000513,C00053,favorite,2026-08-22 18:46:48,2143
B00005989,U000950,C00018,buy,2026-08-30 03:25:48,155
B00005990,U000738,C00029,start_learning,2026-08-04 03:09:48,156
B00005991,U000437,C00020,view,2026-08-05 11:12:48,1020
B00005992,U000631,C00073,start_learning,2026-08-17 12:21:48,1646
B00005993,U000856,C00023,favorite,2026-08-08 19:58:48,2660
B00005994,U000914,C00085,favorite,2026-08-05 09:09:48,2656
B00005995,U000911,C00070,favorite,2026-08-13 03:34:48,3053
B00005996,U000005,C00088,start_learning,2026-08-15 02:37:48,2527
B00005997,U000833,C00071,buy,2026-08-08 03:45:48,69
B00005998,U000909,C00051,view,2026-08-30 12:08:48,2701
B00005999,U000300,C00008,finish,2026-08-23 09:53:48,1721
B00006000,U000834,C00046,finish,2026-08-08 00:17:48,2644
B00006001,U000328,C00064,view,2026-08-02 17:11:48,2055
B00006002,U000104,C00006,buy,2026-08-30 00:55:48,1366
B00006003,U000223,C00040,finish,2026-08-22 22:38:48,1050
B00006004,U000914,C00037,start_learning,2026-08-05 10:09:48,806
B00006005,U000117,C00088,favorite,2026-08-25 11:21:48,3333
B00006006,U000818,C00057,start_learning,2026-08-11 16:01:48,3269
B00006007,U000805,C00011,favorite,2026-08-25 17:30:48,1314
B00006008,U000711,C00031,view,2026-08-12 15:59:48,738
B00006009,U000887,C00028,finish,2026-08-13 10:13:48,621
B00006010,U000965,C00085,finish,2026-08-07 10:03:48,771
B00006011,U000714,C00018,start_learning,2026-08-09 19:39:48,1919
B00006012,U000729,C00028,finish,2026-08-27 21:58:48,782
B00006013,U000479,C00003,start_learning,2026-08-22 19:29:48,2122
B00006014,U000837,C00027,buy,2026-09-01 11:08:48,306
B00006015,U000164,C00008,favorite,2026-08-11 07:14:48,3377
B00006016,U000303,C00097,finish,2026-08-24 09:10:48,817
B00006017,U000851,C00059,buy,2026-08-10 18:14:48,3106
B00006018,U000458,C00063,view,2026-08-12 00:06:48,761
B00006019,U000547,C00008,view,2026-08-25 21:59:48,3186
B00006020,U000955,C00030,finish,2026-08-15 10:01:48,1964
B00006021,U000019,C00018,buy,2026-08-29 12:34:48,92
B00006022,U000413,C00090,buy,2026-08-25 02:59:48,3127
B00006023,U000675,C00018,start_learning,2026-08-03 18:01:48,1936
B00006024,U000154,C00008,view,2026-08-17 06:25:48,2803
B00006025,U000176,C00060,view,2026-08-14 15:12:48,3021
B00006026,U000572,C00060,view,2026-08-14 03:49:48,1482
B00006027,U000383,C00080,finish,2026-08-09 23:26:48,544
B00006028,U000669,C00007,buy,2026-08-27 22:43:48,2987
B00006029,U000795,C00004,buy,2026-08-21 18:37:48,3550
B00006030,U000356,C00081,favorite,2026-08-02 23:21:48,1654
B00006031,U000796,C00006,view,2026-08-02 23:49:48,2941
B00006032,U000631,C00007,view,2026-08-27 19:57:48,3409
B00006033,U000785,C00082,buy,2026-08-20 20:07:48,2583
B00006034,U000464,C00063,buy,2026-08-04 09:41:48,1784
B00006035,U000807,C00072,finish,2026-08-07 15:56:48,407
B00006036,U000039,C00038,buy,2026-08-13 12:05:48,11
B00006037,U000470,C00047,buy,2026-08-03 09:56:48,2303
B00006038,U000505,C00048,start_learning,2026-08-08 16:10:48,2903
B00006039,U000218,C00086,start_learning,2026-08-14 06:41:48,30
B00006040,U000988,C00036,favorite,2026-08-11 16:49:48,3269
B00006041,U000379,C00050,view,2026-09-01 00:18:48,226
B00006042,U000543,C00055,start_learning,2026-08-04 21:04:48,324
B00006043,U000603,C00070,start_learning,2026-08-08 14:29:48,1250
B00006044,U000568,C00094,start_learning,2026-08-24 17:36:48,1398
B00006045,U000928,C00077,view,2026-08-24 08:02:48,2295
B00006046,U000208,C00060,favorite,2026-08-20 23:29:48,2767
B00006047,U000464,C00031,buy,2026-08-28 14:55:48,3537
B00006048,U000488,C00078,start_learning,2026-08-08 20:26:48,713
B00006049,U000204,C00069,start_learning,2026-08-03 07:41:48,1620
B00006050,U000131,C00051,finish,2026-08-19 21:04:48,121
B00006051,U000259,C00094,view,2026-08-11 20:00:48,3518
B00006052,U000054,C00100,finish,2026-08-10 23:43:48,3136
B00006053,U000426,C00063,finish,2026-08-22 13:04:48,501
B00006054,U000546,C00046,start_learning,2026-08-07 06:14:48,602
B00006055,U000785,C00086,start_learning,2026-08-23 00:19:48,289
B00006056,U000003,C00010,start_learning,2026-08-11 19:09:48,719
B00006057,U000116,C00072,start_learning,2026-08-12 02:41:48,2425
B00006058,U000837,C00013,finish,2026-08-22 14:23:48,2012
B00006059,U000019,C00053,start_learning,2026-08-21 13:59:48,1482
B00006060,U000198,C00063,buy,2026-08-04 17:02:48,1505
B00006061,U000642,C00018,buy,2026-08-12 17:04:48,1500
B00006062,U000449,C00099,view,2026-08-20 21:08:48,3516
B00006063,U000232,C00040,view,2026-08-22 17:58:48,1293
B00006064,U000166,C00040,buy,2026-08-17 18:24:48,3503
B00006065,U000001,C00061,favorite,2026-08-18 15:35:48,1890
B00006066,U000572,C00069,view,2026-08-04 03:16:48,3465
B00006067,U000628,C00001,buy,2026-08-16 05:40:48,1389
B00006068,U000929,C00063,buy,2026-08-28 16:58:48,1622
B00006069,U000134,C00006,favorite,2026-08-12 19:13:48,3287
B00006070,U000496,C00076,finish,2026-08-11 08:27:48,1939
B00006071,U000231,C00076,buy,2026-08-04 03:57:48,1947
B00006072,U000176,C00093,favorite,2026-08-21 05:09:48,481
B00006073,U000278,C00026,favorite,2026-08-28 19:04:48,2379
B00006074,U000897,C00048,favorite,2026-08-19 02:32:48,1663
B00006075,U000082,C00098,finish,2026-08-18 05:03:48,1283
B00006076,U000853,C00093,favorite,2026-08-10 14:08:48,1495
B00006077,U000447,C00020,view,2026-08-27 02:09:48,2009
B00006078,U000917,C00097,favorite,2026-08-15 23:36:48,2570
B00006079,U000235,C00071,start_learning,2026-08-15 15:14:48,3150
B00006080,U000523,C00079,start_learning,2026-08-17 05:01:48,1010
B00006081,U000732,C00095,buy,2026-08-11 14:30:48,1631
B00006082,U000096,C00064,view,2026-08-14 07:56:48,1686
B00006083,U000811,C00086,start_learning,2026-08-09 11:43:48,3338
B00006084,U000138,C00074,buy,2026-08-09 15:03:48,1721
B00006085,U000740,C00061,favorite,2026-08-05 11:31:48,2733
B00006086,U000964,C00049,finish,2026-08-26 10:15:48,598
B00006087,U000099,C00053,view,2026-08-03 23:49:48,15
B00006088,U000638,C00017,finish,2026-08-24 12:32:48,2460
B00006089,U000940,C00002,buy,2026-08-15 17:51:48,1369
B00006090,U000029,C00001,view,2026-08-16 08:45:48,2070
B00006091,U000691,C00067,buy,2026-08-19 21:08:48,2215
B00006092,U000045,C00052,start_learning,2026-08-12 18:19:48,3379
B00006093,U000793,C00026,buy,2026-08-28 06:11:48,300
B00006094,U000935,C00013,favorite,2026-08-15 18:52:48,3321
B00006095,U000305,C00049,view,2026-08-25 10:26:48,228
B00006096,U000974,C00066,view,2026-08-22 06:29:48,676
B00006097,U000423,C00062,favorite,2026-08-28 05:39:48,3174
B00006098,U000766,C00055,finish,2026-08-08 17:44:48,2533
B00006099,U000524,C00064,view,2026-08-20 04:37:48,1988
B00006100,U000525,C00033,favorite,2026-08-23 13:28:48,1775
B00006101,U000542,C00009,finish,2026-08-05 06:47:48,1513
B00006102,U000804,C00029,start_learning,2026-08-26 21:55:48,265
B00006103,U000215,C00036,view,2026-08-05 18:01:48,2355
B00006104,U000448,C00048,favorite,2026-08-22 11:49:48,2823
B00006105,U000199,C00003,view,2026-08-10 02:17:48,2304
B00006106,U000321,C00073,view,2026-08-04 09:26:48,957
B00006107,U000493,C00035,favorite,2026-09-01 02:54:48,1633
B00006108,U000255,C00057,buy,2026-08-13 01:26:48,2380
B00006109,U000017,C00001,buy,2026-08-09 13:50:48,2607
B00006110,U000508,C00078,favorite,2026-08-17 14:22:48,2158
B00006111,U000619,C00013,start_learning,2026-08-12 03:41:48,2555
B00006112,U000764,C00033,favorite,2026-08-04 01:03:48,722
B00006113,U000150,C00079,buy,2026-08-22 12:27:48,1850
B00006114,U000372,C00072,finish,2026-08-15 18:55:48,1711
B00006115,U000504,C00042,buy,2026-09-01 10:26:48,2271
B00006116,U000012,C00084,favorite,2026-08-27 01:55:48,1176
B00006117,U000516,C00047,favorite,2026-08-11 19:09:48,507
B00006118,U000249,C00064,start_learning,2026-08-08 09:20:48,1398
B00006119,U000130,C00003,start_learning,2026-08-20 03:38:48,132
B00006120,U000813,C00040,view,2026-08-28 19:22:48,2829
B00006121,U000592,C00074,finish,2026-08-23 04:16:48,542
B00006122,U000910,C00074,buy,2026-08-29 18:19:48,785
B00006123,U000796,C00049,buy,2026-08-10 21:58:48,896
B00006124,U000632,C00092,buy,2026-08-05 09:57:48,440
B00006125,U000632,C00045,buy,2026-08-18 07:45:48,3064
B00006126,U000576,C00067,favorite,2026-08-21 14:50:48,3420
B00006127,U000480,C00004,favorite,2026-09-01 04:27:48,2790
B00006128,U000756,C00041,finish,2026-08-23 00:39:48,874
B00006129,U000416,C00011,start_learning,2026-08-02 22:25:48,3448
B00006130,U000189,C00091,favorite,2026-08-30 23:43:48,2757
B00006131,U000077,C00077,favorite,2026-08-31 04:51:48,354
B00006132,U000953,C00063,buy,2026-08-22 14:52:48,904
B00006133,U000791,C00050,buy,2026-08-26 03:43:48,1272
B00006134,U000261,C00090,buy,2026-08-04 14:41:48,1494
B00006135,U000103,C00070,buy,2026-08-10 08:10:48,1592
B00006136,U000420,C00077,start_learning,2026-08-27 09:07:48,1879
B00006137,U000347,C00027,favorite,2026-08-22 14:26:48,785
B00006138,U000721,C00043,buy,2026-08-18 19:10:48,1967
B00006139,U000503,C00016,buy,2026-08-27 19:35:48,388
B00006140,U000057,C00052,finish,2026-08-29 22:15:48,3184
B00006141,U000741,C00056,favorite,2026-08-19 15:38:48,3318
B00006142,U000893,C00009,favorite,2026-08-17 20:10:48,1418
B00006143,U000783,C00068,buy,2026-08-09 06:42:48,2747
B00006144,U000618,C00026,buy,2026-08-26 01:24:48,3456
B00006145,U000352,C00014,favorite,2026-08-22 14:17:48,641
B00006146,U000727,C00010,buy,2026-08-21 20:02:48,1782
B00006147,U000159,C00006,start_learning,2026-08-13 10:39:48,3116
B00006148,U000910,C00004,view,2026-08-07 04:20:48,1228
B00006149,U000651,C00034,view,2026-08-04 05:52:48,118
B00006150,U000109,C00044,favorite,2026-09-01 06:32:48,1950
B00006151,U000775,C00082,finish,2026-08-31 19:05:48,495
B00006152,U000055,C00072,finish,2026-08-26 15:12:48,413
B00006153,U000786,C00028,start_learning,2026-08-21 15:18:48,1426
B00006154,U000811,C00061,start_learning,2026-08-24 04:41:48,326
B00006155,U000707,C00093,view,2026-08-06 11:38:48,2456
B00006156,U000446,C00033,buy,2026-08-22 20:35:48,1505
B00006157,U000341,C00100,start_learning,2026-08-18 16:29:48,1965
B00006158,U000016,C00070,buy,2026-08-16 23:43:48,3234
B00006159,U000494,C00002,start_learning,2026-08-19 02:14:48,1688
B00006160,U000571,C00052,favorite,2026-08-31 10:12:48,3592
B00006161,U000563,C00031,start_learning,2026-08-12 15:00:48,2040
B00006162,U000049,C00006,buy,2026-08-27 23:00:48,1365
B00006163,U000230,C00059,buy,2026-08-29 19:03:48,1684
B00006164,U000164,C00082,buy,2026-08-22 08:22:48,863
B00006165,U000367,C00093,buy,2026-08-09 16:32:48,3144
B00006166,U000579,C00025,finish,2026-08-18 23:03:48,2104
B00006167,U000123,C00086,buy,2026-08-18 12:15:48,995
B00006168,U000255,C00053,buy,2026-08-07 12:11:48,3148
B00006169,U000642,C00033,buy,2026-08-19 10:49:48,1901
B00006170,U000881,C00024,start_learning,2026-08-25 14:47:48,1097
B00006171,U000587,C00047,favorite,2026-08-21 22:09:48,1263
B00006172,U000221,C00057,buy,2026-08-12 06:21:48,581
B00006173,U000347,C00079,favorite,2026-08-11 22:37:48,2465
B00006174,U000386,C00035,finish,2026-08-03 20:52:48,2362
B00006175,U000628,C00072,finish,2026-08-03 17:42:48,2254
B00006176,U000893,C00048,favorite,2026-08-14 16:17:48,2632
B00006177,U000750,C00053,start_learning,2026-08-30 18:53:48,621
B00006178,U000048,C00098,start_learning,2026-08-10 22:10:48,59
B00006179,U000907,C00014,buy,2026-08-29 23:15:48,1745
B00006180,U000933,C00049,favorite,2026-08-11 16:58:48,3403
B00006181,U000449,C00079,view,2026-08-04 18:39:48,2451
B00006182,U000089,C00006,finish,2026-08-07 19:35:48,1330
B00006183,U000323,C00082,view,2026-08-31 15:14:48,3164
B00006184,U000272,C00037,view,2026-08-30 12:22:48,2939
B00006185,U000771,C00100,favorite,2026-08-18 01:32:48,300
B00006186,U000298,C00067,favorite,2026-08-17 22:31:48,974
B00006187,U000530,C00084,start_learning,2026-08-24 03:09:48,2093
B00006188,U000358,C00062,view,2026-08-10 14:21:48,1667
B00006189,U000268,C00048,start_learning,2026-08-30 16:46:48,804
B00006190,U000996,C00039,view,2026-08-17 05:20:48,508
B00006191,U000175,C00062,favorite,2026-08-16 11:00:48,239
B00006192,U000208,C00069,start_learning,2026-08-13 21:45:48,1671
B00006193,U000848,C00060,favorite,2026-08-19 16:17:48,2916
B00006194,U000580,C00025,favorite,2026-08-18 09:14:48,1062
B00006195,U000049,C00097,view,2026-08-16 20:32:48,302
B00006196,U000925,C00064,start_learning,2026-08-22 19:54:48,2956
B00006197,U000822,C00096,buy,2026-08-26 10:05:48,1954
B00006198,U000775,C00086,favorite,2026-08-23 21:41:48,3490
B00006199,U000445,C00056,favorite,2026-08-21 11:57:48,1373
B00006200,U000630,C00095,buy,2026-08-03 22:54:48,950
B00006201,U000319,C00084,view,2026-08-13 14:24:48,1643
B00006202,U000297,C00062,start_learning,2026-08-27 18:05:48,377
B00006203,U000568,C00024,finish,2026-08-28 08:17:48,2785
B00006204,U000388,C00095,start_learning,2026-08-25 18:55:48,388
B00006205,U000871,C00097,view,2026-08-20 13:22:48,2833
B00006206,U000565,C00019,view,2026-08-24 22:41:48,1184
B00006207,U000515,C00097,favorite,2026-08-26 05:21:48,3392
B00006208,U000194,C00039,view,2026-08-11 19:50:48,94
B00006209,U000146,C00016,buy,2026-09-01 14:16:48,3490
B00006210,U000541,C00028,view,2026-08-10 04:46:48,1128
B00006211,U000793,C00094,finish,2026-08-08 14:04:48,797
B00006212,U000665,C00005,start_learning,2026-08-14 17:02:48,501
B00006213,U000684,C00037,favorite,2026-08-05 10:15:48,165
B00006214,U000801,C00021,favorite,2026-08-30 22:43:48,604
B00006215,U000098,C00004,favorite,2026-08-24 10:01:48,619
B00006216,U000932,C00020,view,2026-08-13 17:26:48,517
B00006217,U000271,C00025,favorite,2026-08-19 21:30:48,2763
B00006218,U000048,C00060,favorite,2026-08-16 15:36:48,1987
B00006219,U000726,C00033,start_learning,2026-08-17 15:04:48,2085
B00006220,U000499,C00003,buy,2026-08-11 23:14:48,2637
B00006221,U000090,C00046,view,2026-08-28 01:43:48,70
B00006222,U000360,C00077,view,2026-08-21 16:28:48,2940
B00006223,U000542,C00043,finish,2026-08-19 06:35:48,737
B00006224,U000887,C00007,buy,2026-08-27 21:04:48,1146
B00006225,U000832,C00072,start_learning,2026-08-04 04:41:48,165
B00006226,U000514,C00077,view,2026-08-29 14:21:48,1647
B00006227,U000092,C00050,view,2026-08-05 15:03:48,399
B00006228,U000973,C00038,view,2026-08-14 09:00:48,1646
B00006229,U000577,C00043,favorite,2026-08-04 19:53:48,398
B00006230,U000784,C00029,view,2026-08-17 13:13:48,2846
B00006231,U000901,C00052,finish,2026-08-27 05:55:48,577
B00006232,U000635,C00022,favorite,2026-08-07 20:26:48,630
B00006233,U000511,C00039,buy,2026-08-07 10:27:48,1011
B00006234,U000227,C00036,start_learning,2026-08-29 00:28:48,2821
B00006235,U000171,C00060,view,2026-08-27 00:12:48,2492
B00006236,U000154,C00052,start_learning,2026-08-06 00:46:48,950
B00006237,U000073,C00033,buy,2026-08-05 07:20:48,848
B00006238,U000257,C00036,favorite,2026-08-28 11:15:48,2483
B00006239,U000803,C00022,favorite,2026-08-04 09:25:48,268
B00006240,U000027,C00092,start_learning,2026-08-29 10:54:48,3043
B00006241,U000322,C00004,buy,2026-08-30 02:56:48,1440
B00006242,U000487,C00094,buy,2026-08-08 07:54:48,2953
B00006243,U000974,C00089,view,2026-08-15 19:03:48,1426
B00006244,U000776,C00051,favorite,2026-08-18 20:31:48,2229
B00006245,U000094,C00048,finish,2026-08-13 21:09:48,215
B00006246,U000205,C00077,favorite,2026-08-28 12:37:48,958
B00006247,U000183,C00040,finish,2026-08-17 13:20:48,1894
B00006248,U000918,C00070,view,2026-08-30 19:39:48,837
B00006249,U000961,C00070,view,2026-08-27 09:56:48,3240
B00006250,U000188,C00072,finish,2026-08-26 19:14:48,2655
B00006251,U000497,C00028,favorite,2026-08-18 21:31:48,2912
B00006252,U000392,C00081,finish,2026-08-29 00:37:48,1045
B00006253,U000579,C00004,finish,2026-08-05 01:07:48,2655
B00006254,U000521,C00028,buy,2026-08-07 22:56:48,648
B00006255,U000965,C00041,view,2026-08-19 11:39:48,805
B00006256,U000793,C00033,buy,2026-08-15 13:37:48,2090
B00006257,U000812,C00096,start_learning,2026-08-03 02:07:48,2345
B00006258,U000647,C00086,view,2026-08-07 05:08:48,2017
B00006259,U000994,C00025,start_learning,2026-08-31 10:03:48,1429
B00006260,U000098,C00053,view,2026-08-28 12:57:48,2516
B00006261,U000590,C00081,start_learning,2026-08-27 11:01:48,1351
B00006262,U000831,C00041,finish,2026-08-23 11:55:48,1926
B00006263,U000057,C00086,start_learning,2026-08-25 05:31:48,1470
B00006264,U000717,C00069,finish,2026-08-11 07:35:48,1425
B00006265,U000466,C00045,view,2026-08-28 08:44:48,3036
B00006266,U000588,C00049,start_learning,2026-08-20 19:16:48,2843
B00006267,U000951,C00085,buy,2026-08-27 18:02:48,3066
B00006268,U000202,C00054,favorite,2026-08-02 17:49:48,1776
B00006269,U000115,C00016,buy,2026-08-22 06:45:48,422
B00006270,U000355,C00043,buy,2026-08-07 06:20:48,2780
B00006271,U000566,C00022,favorite,2026-08-23 06:25:48,3214
B00006272,U000441,C00083,finish,2026-08-23 03:42:48,2245
B00006273,U000649,C00049,start_learning,2026-08-15 03:53:48,2977
B00006274,U000128,C00021,start_learning,2026-08-09 22:08:48,1742
B00006275,U000211,C00093,start_learning,2026-08-19 12:56:48,1575
B00006276,U000302,C00055,buy,2026-08-23 10:39:48,1960
B00006277,U000296,C00065,start_learning,2026-08-31 05:40:48,3167
B00006278,U000768,C00038,buy,2026-08-23 11:51:48,2517
B00006279,U000146,C00061,favorite,2026-08-06 03:50:48,3242
B00006280,U000980,C00025,finish,2026-08-14 17:58:48,60
B00006281,U000829,C00065,favorite,2026-08-27 03:56:48,38
B00006282,U000661,C00034,start_learning,2026-08-24 20:41:48,1577
B00006283,U000643,C00068,favorite,2026-08-08 00:20:48,1765
B00006284,U000870,C00060,favorite,2026-08-31 01:34:48,740
B00006285,U000424,C00092,favorite,2026-09-01 11:44:48,2995
B00006286,U000593,C00032,view,2026-08-25 10:42:48,1942
B00006287,U000241,C00100,view,2026-08-19 14:39:48,372
B00006288,U000340,C00021,finish,2026-08-07 15:27:48,3194
B00006289,U000018,C00098,favorite,2026-08-24 12:25:48,3550
B00006290,U000815,C00069,start_learning,2026-08-25 09:43:48,3359
B00006291,U000877,C00094,start_learning,2026-08-04 13:46:48,971
B00006292,U000923,C00053,finish,2026-08-23 13:04:48,3176
B00006293,U000754,C00020,start_learning,2026-08-27 04:02:48,2740
B00006294,U000374,C00065,start_learning,2026-08-22 20:19:48,1880
B00006295,U000696,C00096,favorite,2026-08-28 02:48:48,1740
B00006296,U000151,C00072,view,2026-08-29 05:32:48,2943
B00006297,U000621,C00034,buy,2026-08-19 19:55:48,69
B00006298,U000512,C00041,buy,2026-08-16 00:14:48,1046
B00006299,U000978,C00038,start_learning,2026-08-30 21:04:48,3425
B00006300,U000311,C00043,favorite,2026-08-23 02:39:48,377
B00006301,U000090,C00032,finish,2026-08-25 05:29:48,914
B00006302,U000451,C00093,favorite,2026-08-21 16:41:48,1349
B00006303,U000578,C00084,finish,2026-08-28 09:36:48,1773
B00006304,U000122,C00067,finish,2026-08-19 16:58:48,2651
B00006305,U000607,C00082,view,2026-08-15 05:17:48,108
B00006306,U000288,C00002,buy,2026-08-12 13:40:48,24
B00006307,U000402,C00073,buy,2026-08-27 18:48:48,2614
B00006308,U000772,C00066,favorite,2026-08-30 14:08:48,1286
B00006309,U000220,C00099,favorite,2026-08-24 01:13:48,3578
B00006310,U000244,C00003,favorite,2026-08-21 03:57:48,3287
B00006311,U000963,C00094,favorite,2026-08-19 20:05:48,883
B00006312,U000435,C00072,view,2026-08-09 15:37:48,409
B00006313,U000141,C00063,view,2026-08-06 17:14:48,2892
B00006314,U000323,C00047,buy,2026-08-16 21:08:48,101
B00006315,U000772,C00062,start_learning,2026-08-16 23:24:48,863
B00006316,U000816,C00068,finish,2026-08-26 21:19:48,521
B00006317,U000967,C00004,start_learning,2026-08-07 13:38:48,1277
B00006318,U000599,C00030,buy,2026-08-26 14:22:48,2179
B00006319,U000823,C00042,start_learning,2026-08-28 10:57:48,1201
B00006320,U000533,C00020,finish,2026-08-25 22:13:48,1007
B00006321,U000434,C00075,favorite,2026-08-28 09:37:48,1469
B00006322,U000481,C00086,start_learning,2026-08-05 12:28:48,3219
B00006323,U000244,C00040,start_learning,2026-08-31 12:16:48,682
B00006324,U000530,C00057,favorite,2026-08-26 13:41:48,1657
B00006325,U000312,C00033,start_learning,2026-08-06 06:19:48,1269
B00006326,U000295,C00036,buy,2026-08-16 14:22:48,2751
B00006327,U000887,C00091,start_learning,2026-08-23 12:40:48,2192
B00006328,U000729,C00057,start_learning,2026-08-21 00:31:48,1411
B00006329,U000672,C00034,buy,2026-08-05 13:30:48,887
B00006330,U000206,C00014,buy,2026-08-26 23:26:48,1380
B00006331,U000231,C00063,finish,2026-08-05 18:03:48,3445
B00006332,U000223,C00098,buy,2026-08-26 20:10:48,156
B00006333,U000492,C00094,buy,2026-08-14 01:25:48,1997
B00006334,U000949,C00034,finish,2026-08-27 00:43:48,681
B00006335,U000568,C00086,favorite,2026-08-25 14:02:48,313
B00006336,U000990,C00030,finish,2026-08-31 11:26:48,3230
B00006337,U000061,C00072,view,2026-08-07 16:21:48,2491
B00006338,U000325,C00016,buy,2026-08-17 03:56:48,419
B00006339,U000206,C00058,view,2026-08-14 19:56:48,2989
B00006340,U000205,C00020,finish,2026-08-09 11:54:48,2845
B00006341,U000299,C00094,view,2026-08-14 22:04:48,1761
B00006342,U000046,C00034,view,2026-08-06 12:30:48,1467
B00006343,U000916,C00074,buy,2026-08-26 18:52:48,836
B00006344,U000588,C00068,view,2026-08-07 01:12:48,1805
B00006345,U000830,C00053,favorite,2026-08-05 21:43:48,1285
B00006346,U000194,C00064,view,2026-08-29 21:11:48,1197
B00006347,U000545,C00028,start_learning,2026-08-30 13:57:48,357
B00006348,U000186,C00069,favorite,2026-08-05 19:29:48,2065
B00006349,U000366,C00039,view,2026-08-18 08:57:48,3273
B00006350,U000808,C00056,view,2026-08-24 17:20:48,3002
B00006351,U000974,C00051,finish,2026-08-27 23:48:48,2326
B00006352,U000974,C00094,favorite,2026-08-25 04:03:48,2515
B00006353,U000730,C00046,buy,2026-08-08 22:58:48,1327
B00006354,U000717,C00036,buy,2026-08-28 05:30:48,2034
B00006355,U000028,C00062,start_learning,2026-09-01 09:05:48,1918
B00006356,U000814,C00012,buy,2026-08-05 14:05:48,310
B00006357,U000422,C00024,favorite,2026-08-03 22:13:48,64
B00006358,U000061,C00067,finish,2026-08-06 01:34:48,2785
B00006359,U000699,C00044,view,2026-08-31 08:16:48,1271
B00006360,U000540,C00073,favorite,2026-08-24 15:15:48,16
B00006361,U000191,C00078,start_learning,2026-08-11 10:58:48,3042
B00006362,U000021,C00025,start_learning,2026-08-24 10:09:48,2116
B00006363,U000323,C00059,favorite,2026-08-11 21:15:48,1242
B00006364,U000270,C00029,start_learning,2026-08-02 20:29:48,262
B00006365,U000369,C00016,finish,2026-08-18 20:56:48,2055
B00006366,U000805,C00050,view,2026-08-12 08:42:48,723
B00006367,U000271,C00042,favorite,2026-08-10 16:06:48,1812
B00006368,U000614,C00080,view,2026-08-29 12:06:48,952
B00006369,U000743,C00038,favorite,2026-08-05 06:52:48,546
B00006370,U000623,C00054,view,2026-08-18 07:37:48,1202
B00006371,U000742,C00092,view,2026-08-27 23:03:48,558
B00006372,U000219,C00094,buy,2026-08-16 18:07:48,3358
B00006373,U000118,C00062,start_learning,2026-08-05 21:02:48,2989
B00006374,U000086,C00029,finish,2026-08-11 18:30:48,2302
B00006375,U000947,C00094,start_learning,2026-08-30 03:27:48,2638
B00006376,U000158,C00056,favorite,2026-08-10 20:25:48,1520
B00006377,U000109,C00088,view,2026-08-20 21:25:48,1721
B00006378,U000853,C00081,view,2026-08-03 01:37:48,3114
B00006379,U000234,C00030,view,2026-08-20 10:50:48,497
B00006380,U000067,C00097,finish,2026-08-07 02:42:48,2090
B00006381,U000856,C00093,view,2026-08-06 02:42:48,269
B00006382,U000020,C00039,buy,2026-08-23 22:41:48,1588
B00006383,U000377,C00074,favorite,2026-08-27 23:22:48,2022
B00006384,U000275,C00041,start_learning,2026-08-16 09:48:48,1968
B00006385,U000756,C00098,buy,2026-08-28 15:41:48,3569
B00006386,U000413,C00096,view,2026-08-29 16:03:48,2436
B00006387,U000184,C00068,finish,2026-08-12 03:58:48,1948
B00006388,U000950,C00086,favorite,2026-08-13 01:28:48,3191
B00006389,U000986,C00042,favorite,2026-08-12 01:14:48,1712
B00006390,U000974,C00069,finish,2026-08-27 05:24:48,729
B00006391,U000686,C00022,view,2026-08-03 20:03:48,2741
B00006392,U000510,C00046,favorite,2026-08-13 14:01:48,1237
B00006393,U000388,C00036,buy,2026-08-12 00:37:48,33
B00006394,U000814,C00013,buy,2026-08-19 04:21:48,3399
B00006395,U000973,C00042,buy,2026-08-03 08:55:48,513
B00006396,U000568,C00077,buy,2026-08-22 11:02:48,1191
B00006397,U000610,C00044,start_learning,2026-08-27 21:42:48,1612
B00006398,U000911,C00054,finish,2026-08-11 12:29:48,2231
B00006399,U000825,C00013,finish,2026-08-20 08:44:48,2542
B00006400,U000234,C00037,finish,2026-08-21 00:41:48,750
B00006401,U000999,C00061,favorite,2026-08-22 11:06:48,1268
B00006402,U000954,C00090,finish,2026-08-21 00:58:48,2494
B00006403,U000361,C00080,start_learning,2026-08-23 19:32:48,1850
B00006404,U000419,C00024,start_learning,2026-08-11 22:04:48,929
B00006405,U000738,C00091,finish,2026-08-12 05:29:48,2669
B00006406,U000835,C00098,favorite,2026-08-21 19:57:48,723
B00006407,U000905,C00072,view,2026-08-10 02:54:48,1293
B00006408,U000293,C00009,favorite,2026-08-11 02:29:48,1073
B00006409,U000136,C00074,view,2026-08-18 22:00:48,10
B00006410,U000849,C00058,view,2026-08-17 19:56:48,2711
B00006411,U000142,C00065,view,2026-08-13 23:10:48,3228
B00006412,U000381,C00094,buy,2026-08-16 23:27:48,2165
B00006413,U000643,C00036,buy,2026-08-22 01:51:48,2727
B00006414,U000854,C00065,start_learning,2026-08-04 10:05:48,2895
B00006415,U000772,C00041,buy,2026-08-25 16:53:48,2224
B00006416,U000444,C00054,start_learning,2026-08-13 13:12:48,3468
B00006417,U000830,C00078,start_learning,2026-08-19 17:39:48,1200
B00006418,U000258,C00100,favorite,2026-08-13 08:23:48,39
B00006419,U000187,C00003,view,2026-08-13 05:01:48,2002
B00006420,U000718,C00096,buy,2026-08-31 19:23:48,3174
B00006421,U000215,C00068,buy,2026-08-10 17:12:48,1549
B00006422,U000011,C00070,favorite,2026-08-30 16:38:48,1747
B00006423,U000866,C00054,favorite,2026-08-31 16:03:48,2132
B00006424,U000352,C00086,view,2026-08-14 00:12:48,1296
B00006425,U000199,C00074,favorite,2026-08-17 16:09:48,1484
B00006426,U000829,C00054,buy,2026-08-13 09:09:48,2929
B00006427,U000948,C00019,start_learning,2026-08-25 16:42:48,63
B00006428,U000456,C00100,finish,2026-08-21 19:40:48,35
B00006429,U000737,C00002,buy,2026-08-17 09:31:48,432
B00006430,U000726,C00018,view,2026-08-29 16:05:48,2734
B00006431,U000924,C00014,view,2026-08-13 19:45:48,1123
B00006432,U000172,C00063,finish,2026-08-06 10:57:48,1952
B00006433,U000723,C00040,favorite,2026-08-06 00:28:48,2102
B00006434,U000413,C00008,start_learning,2026-08-13 23:11:48,945
B00006435,U000261,C00009,buy,2026-08-08 09:21:48,3569
B00006436,U000895,C00078,start_learning,2026-08-29 03:52:48,1637
B00006437,U000767,C00031,start_learning,2026-08-31 12:38:48,587
B00006438,U000644,C00092,favorite,2026-08-29 21:48:48,3216
B00006439,U000534,C00078,finish,2026-08-04 12:16:48,1087
B00006440,U000430,C00011,finish,2026-08-28 03:05:48,103
B00006441,U000592,C00093,view,2026-08-31 00:52:48,3530
B00006442,U000255,C00087,view,2026-08-17 15:37:48,581
B00006443,U000084,C00051,buy,2026-08-23 20:12:48,1241
B00006444,U000472,C00077,view,2026-08-29 04:15:48,2321
B00006445,U000331,C00050,start_learning,2026-08-23 08:30:48,574
B00006446,U000298,C00042,view,2026-08-06 20:12:48,1256
B00006447,U000313,C00067,start_learning,2026-08-14 07:50:48,1150
B00006448,U000394,C00081,start_learning,2026-08-03 11:59:48,2911
B00006449,U000479,C00094,buy,2026-08-16 02:01:48,2075
B00006450,U000696,C00022,favorite,2026-08-22 00:06:48,2547
B00006451,U000888,C00020,favorite,2026-08-31 12:49:48,2832
B00006452,U000251,C00051,buy,2026-08-21 01:58:48,1779
B00006453,U000372,C00004,start_learning,2026-08-10 15:43:48,1543
B00006454,U000106,C00070,view,2026-08-12 07:42:48,981
B00006455,U000370,C00091,finish,2026-08-15 03:52:48,66
B00006456,U000619,C00046,view,2026-08-24 09:11:48,864
B00006457,U000480,C00029,view,2026-08-27 18:38:48,1305
B00006458,U000127,C00093,favorite,2026-08-04 01:55:48,3079
B00006459,U000342,C00025,view,2026-08-18 21:54:48,2442
B00006460,U000083,C00039,buy,2026-08-28 09:54:48,779
B00006461,U000588,C00067,view,2026-08-31 06:59:48,2124
B00006462,U000014,C00062,favorite,2026-08-08 06:50:48,859
B00006463,U000965,C00079,buy,2026-08-22 18:48:48,1909
B00006464,U000677,C00045,start_learning,2026-08-26 13:27:48,1760
B00006465,U000113,C00038,start_learning,2026-08-03 01:58:48,490
B00006466,U000419,C00030,view,2026-08-05 20:10:48,3119
B00006467,U000488,C00066,favorite,2026-08-09 15:42:48,96
B00006468,U000772,C00099,finish,2026-08-03 08:50:48,823
B00006469,U000234,C00061,favorite,2026-08-25 07:47:48,3101
B00006470,U000379,C00037,view,2026-08-05 22:54:48,3065
B00006471,U000155,C00087,finish,2026-08-20 19:58:48,2165
B00006472,U000879,C00086,favorite,2026-08-20 23:41:48,3476
B00006473,U000224,C00055,view,2026-08-12 10:59:48,3
B00006474,U000342,C00024,finish,2026-08-29 09:56:48,2652
B00006475,U000449,C00067,start_learning,2026-08-14 07:38:48,432
B00006476,U000671,C00031,finish,2026-08-24 22:08:48,3091
B00006477,U000758,C00017,view,2026-08-31 08:01:48,827
B00006478,U000994,C00037,buy,2026-08-12 20:36:48,1982
B00006479,U000763,C00042,buy,2026-08-26 20:13:48,2623
B00006480,U000432,C00076,finish,2026-08-02 17:16:48,2701
B00006481,U000292,C00072,buy,2026-08-30 16:01:48,228
B00006482,U000702,C00009,favorite,2026-08-25 15:08:48,2738
B00006483,U000525,C00024,finish,2026-08-03 18:20:48,2073
B00006484,U000382,C00055,favorite,2026-08-13 07:18:48,2949
B00006485,U000040,C00030,finish,2026-08-03 07:52:48,2897
B00006486,U000307,C00083,view,2026-08-23 04:12:48,1685
B00006487,U000833,C00024,view,2026-08-30 23:40:48,2516
B00006488,U000954,C00084,favorite,2026-08-26 16:27:48,986
B00006489,U000084,C00022,buy,2026-08-14 04:02:48,2348
B00006490,U000011,C00025,buy,2026-08-19 18:02:48,1667
B00006491,U000688,C00024,favorite,2026-08-03 10:30:48,1905
B00006492,U000110,C00092,finish,2026-08-26 08:49:48,1284
B00006493,U000808,C00088,favorite,2026-08-19 04:10:48,1640
B00006494,U000226,C00055,start_learning,2026-08-09 00:38:48,3125
B00006495,U000938,C00044,view,2026-08-29 00:54:48,542
B00006496,U000832,C00095,buy,2026-08-28 16:52:48,364
B00006497,U000750,C00063,buy,2026-08-25 05:45:48,1621
B00006498,U000946,C00057,buy,2026-08-07 07:10:48,1833
B00006499,U000657,C00002,view,2026-08-27 23:25:48,858
B00006500,U000513,C00007,start_learning,2026-08-06 10:42:48,2750
B00006501,U000506,C00074,view,2026-08-26 09:02:48,16
B00006502,U000160,C00002,favorite,2026-08-14 07:15:48,2481
B00006503,U000642,C00006,buy,2026-08-28 09:25:48,2269
B00006504,U000576,C00053,buy,2026-08-20 09:22:48,2870
B00006505,U000461,C00017,view,2026-08-30 03:47:48,1095
B00006506,U000100,C00086,buy,2026-08-06 06:29:48,1245
B00006507,U000243,C00038,buy,2026-08-29 17:39:48,839
B00006508,U000494,C00044,view,2026-08-12 19:51:48,270
B00006509,U000412,C00083,buy,2026-08-04 02:35:48,714
B00006510,U000304,C00062,buy,2026-08-03 05:59:48,1004
B00006511,U000314,C00043,start_learning,2026-08-22 03:40:48,2112
B00006512,U000067,C00018,finish,2026-08-22 22:00:48,730
B00006513,U000384,C00019,favorite,2026-08-18 15:34:48,1123
B00006514,U000214,C00015,buy,2026-08-27 21:21:48,3265
B00006515,U000051,C00062,start_learning,2026-08-25 08:08:48,173
B00006516,U000981,C00048,view,2026-08-31 23:17:48,2675
B00006517,U000849,C00008,favorite,2026-08-31 09:01:48,1901
B00006518,U000386,C00059,start_learning,2026-08-11 18:12:48,2901
B00006519,U000143,C00034,favorite,2026-08-12 18:14:48,775
B00006520,U000128,C00038,buy,2026-08-21 05:32:48,2744
B00006521,U000334,C00069,start_learning,2026-08-21 09:13:48,1724
B00006522,U000610,C00012,finish,2026-08-10 04:00:48,885
B00006523,U000261,C00027,finish,2026-08-13 18:43:48,985
B00006524,U000591,C00045,favorite,2026-08-02 23:34:48,1306
B00006525,U000813,C00002,favorite,2026-08-14 23:17:48,2969
B00006526,U000839,C00055,favorite,2026-08-21 01:05:48,369
B00006527,U000311,C00025,view,2026-08-07 08:59:48,2428
B00006528,U000218,C00026,start_learning,2026-08-04 05:24:48,2032
B00006529,U000285,C00044,view,2026-08-18 18:23:48,1211
B00006530,U000963,C00028,view,2026-08-12 19:35:48,245
B00006531,U000871,C00031,view,2026-08-31 02:07:48,2822
B00006532,U000865,C00056,buy,2026-08-27 08:21:48,549
B00006533,U000503,C00025,start_learning,2026-08-28 18:38:48,3565
B00006534,U000697,C00091,finish,2026-08-11 18:31:48,14
B00006535,U000548,C00070,buy,2026-08-11 11:21:48,272
B00006536,U000139,C00003,buy,2026-08-15 02:35:48,3591
B00006537,U000489,C00090,start_learning,2026-08-10 12:27:48,2664
B00006538,U000194,C00065,buy,2026-08-07 05:52:48,1411
B00006539,U000162,C00045,favorite,2026-08-23 23:15:48,3113
B00006540,U000720,C00026,buy,2026-08-04 03:31:48,281
B00006541,U000598,C00012,view,2026-08-22 03:58:48,2478
B00006542,U000837,C00043,buy,2026-08-04 05:56:48,767
B00006543,U000245,C00097,buy,2026-08-13 17:36:48,176
B00006544,U000213,C00022,favorite,2026-08-25 14:55:48,896
B00006545,U000987,C00070,finish,2026-08-24 06:54:48,2058
B00006546,U000161,C00088,finish,2026-08-23 17:10:48,113
B00006547,U000414,C00052,favorite,2026-08-28 13:17:48,819
B00006548,U000012,C00016,buy,2026-08-25 08:56:48,2667
B00006549,U000686,C00017,favorite,2026-08-26 23:33:48,1723
B00006550,U000887,C00088,view,2026-08-18 14:36:48,3132
B00006551,U000837,C00035,start_learning,2026-08-05 17:07:48,3322
B00006552,U000985,C00055,view,2026-08-31 18:01:48,1462
B00006553,U000628,C00067,buy,2026-08-06 02:52:48,1063
B00006554,U000030,C00025,buy,2026-08-06 08:15:48,997
B00006555,U000804,C00005,view,2026-08-05 19:30:48,1258
B00006556,U000061,C00046,favorite,2026-08-28 08:15:48,1529
B00006557,U000036,C00046,start_learning,2026-08-17 19:32:48,1378
B00006558,U000650,C00021,start_learning,2026-08-10 10:39:48,2945
B00006559,U000315,C00096,favorite,2026-08-31 05:10:48,516
B00006560,U000793,C00008,buy,2026-08-13 02:08:48,1763
B00006561,U000157,C00094,favorite,2026-08-08 03:08:48,2115
B00006562,U000169,C00072,finish,2026-08-03 15:18:48,2710
B00006563,U000492,C00003,buy,2026-08-26 07:23:48,463
B00006564,U000135,C00052,buy,2026-08-27 15:00:48,1709
B00006565,U000965,C00097,finish,2026-08-22 01:04:48,867
B00006566,U000812,C00006,buy,2026-08-05 05:37:48,3005
B00006567,U000653,C00079,finish,2026-08-10 09:02:48,3095
B00006568,U000441,C00036,finish,2026-08-10 13:20:48,1047
B00006569,U000616,C00060,finish,2026-08-26 19:50:48,1985
B00006570,U000010,C00030,favorite,2026-08-29 02:14:48,399
B00006571,U000863,C00053,favorite,2026-08-27 18:36:48,2087
B00006572,U000560,C00064,view,2026-08-03 23:39:48,2552
B00006573,U000815,C00065,finish,2026-08-03 06:24:48,828
B00006574,U000215,C00062,buy,2026-08-12 15:30:48,2180
B00006575,U000666,C00003,finish,2026-08-07 06:55:48,1284
B00006576,U000596,C00014,start_learning,2026-08-11 10:01:48,1421
B00006577,U000028,C00003,favorite,2026-08-09 05:42:48,2249
B00006578,U000486,C00053,view,2026-08-29 22:41:48,1674
B00006579,U000856,C00034,start_learning,2026-08-20 22:42:48,3341
B00006580,U000352,C00058,finish,2026-08-27 20:54:48,2269
B00006581,U000519,C00006,start_learning,2026-08-16 09:21:48,95
B00006582,U000258,C00046,start_learning,2026-08-23 11:49:48,449
B00006583,U000477,C00037,buy,2026-08-30 04:05:48,2839
B00006584,U000846,C00090,buy,2026-08-28 10:53:48,1200
B00006585,U000762,C00036,finish,2026-08-06 21:57:48,609
B00006586,U000439,C00015,finish,2026-08-17 04:51:48,215
B00006587,U000149,C00037,favorite,2026-08-26 22:09:48,2194
B00006588,U000604,C00065,buy,2026-08-12 01:23:48,2736
B00006589,U000997,C00010,finish,2026-08-24 12:30:48,766
B00006590,U000064,C00051,favorite,2026-08-06 18:05:48,582
B00006591,U000707,C00056,start_learning,2026-08-12 03:16:48,2611
B00006592,U000538,C00055,finish,2026-08-04 18:18:48,2751
B00006593,U000715,C00050,view,2026-08-06 10:37:48,10
B00006594,U000661,C00092,start_learning,2026-08-14 21:44:48,1180
B00006595,U000258,C00072,finish,2026-08-29 21:57:48,1608
B00006596,U000394,C00034,favorite,2026-08-19 02:42:48,186
B00006597,U000615,C00056,start_learning,2026-08-31 03:45:48,1884
B00006598,U000173,C00089,buy,2026-08-07 04:54:48,535
B00006599,U000102,C00075,view,2026-08-28 20:45:48,1530
B00006600,U000207,C00065,view,2026-08-23 11:47:48,3403
B00006601,U000786,C00011,start_learning,2026-08-30 19:33:48,467
B00006602,U000386,C00014,start_learning,2026-08-07 14:30:48,982
B00006603,U000676,C00077,start_learning,2026-08-19 22:41:48,2094
B00006604,U000812,C00063,finish,2026-08-06 03:32:48,2231
B00006605,U000532,C00070,start_learning,2026-08-12 03:47:48,2136
B00006606,U000935,C00086,view,2026-08-20 23:50:48,2606
B00006607,U000437,C00078,view,2026-08-10 23:18:48,831
B00006608,U000941,C00095,start_learning,2026-08-16 04:37:48,3532
B00006609,U000713,C00068,view,2026-08-16 23:09:48,1404
B00006610,U000633,C00043,start_learning,2026-08-20 05:49:48,1071
B00006611,U000138,C00069,favorite,2026-09-01 14:19:48,461
B00006612,U000217,C00043,start_learning,2026-08-23 07:26:48,774
B00006613,U000464,C00038,view,2026-08-31 08:51:48,1913
B00006614,U000401,C00030,finish,2026-08-23 20:03:48,1056
B00006615,U000852,C00064,favorite,2026-08-30 16:50:48,827
B00006616,U000813,C00009,finish,2026-08-16 02:08:48,902
B00006617,U000423,C00007,view,2026-08-13 11:45:48,1169
B00006618,U000484,C00067,start_learning,2026-08-15 21:08:48,2368
B00006619,U000625,C00064,start_learning,2026-08-03 14:43:48,1229
B00006620,U000999,C00057,favorite,2026-08-04 04:32:48,2555
B00006621,U000170,C00047,favorite,2026-08-05 04:57:48,3011
B00006622,U000427,C00048,favorite,2026-08-24 10:58:48,1285
B00006623,U000684,C00031,buy,2026-08-14 11:37:48,1941
B00006624,U000517,C00056,favorite,2026-08-23 16:40:48,1712
B00006625,U000187,C00061,buy,2026-08-22 05:26:48,1154
B00006626,U000588,C00068,start_learning,2026-08-03 21:43:48,1608
B00006627,U000041,C00036,buy,2026-08-08 08:38:48,3527
B00006628,U000053,C00055,buy,2026-08-14 08:00:48,632
B00006629,U000640,C00022,favorite,2026-08-23 23:20:48,2076
B00006630,U000457,C00051,start_learning,2026-08-17 17:42:48,2621
B00006631,U000784,C00084,buy,2026-08-04 10:49:48,3003
B00006632,U000059,C00034,favorite,2026-08-16 19:21:48,2881
B00006633,U000376,C00013,favorite,2026-08-21 09:35:48,2192
B00006634,U000094,C00069,favorite,2026-08-13 05:16:48,1831
B00006635,U000265,C00053,buy,2026-08-31 22:44:48,3178
B00006636,U000561,C00099,buy,2026-08-09 14:28:48,2589
B00006637,U000111,C00054,buy,2026-08-25 17:54:48,2234
B00006638,U000601,C00053,view,2026-08-13 04:22:48,2796
B00006639,U000367,C00056,finish,2026-08-11 22:04:48,367
B00006640,U000294,C00060,finish,2026-08-28 14:31:48,2631
B00006641,U000329,C00018,finish,2026-08-27 18:44:48,788
B00006642,U000119,C00023,finish,2026-08-29 02:49:48,2832
B00006643,U000591,C00022,view,2026-08-19 08:58:48,1801
B00006644,U000156,C00099,buy,2026-08-05 23:12:48,968
B00006645,U000083,C00098,finish,2026-08-15 23:09:48,1097
B00006646,U000028,C00036,favorite,2026-08-25 09:56:48,2093
B00006647,U000011,C00078,start_learning,2026-08-13 18:07:48,1371
B00006648,U000820,C00072,view,2026-08-28 19:27:48,2364
B00006649,U000115,C00072,finish,2026-08-26 18:19:48,3469
B00006650,U000853,C00088,view,2026-08-31 18:40:48,3349
B00006651,U000546,C00056,start_learning,2026-08-16 15:32:48,2447
B00006652,U000312,C00090,buy,2026-08-21 00:19:48,2850
B00006653,U000394,C00035,finish,2026-08-21 01:20:48,463
B00006654,U000478,C00084,view,2026-08-16 03:23:48,251
B00006655,U000515,C00081,view,2026-08-17 23:51:48,1520
B00006656,U000229,C00014,start_learning,2026-08-25 15:10:48,201
B00006657,U000828,C00062,view,2026-08-08 01:23:48,838
B00006658,U000508,C00090,finish,2026-08-10 09:26:48,3564
B00006659,U000616,C00021,start_learning,2026-08-06 04:00:48,2165
B00006660,U000731,C00080,finish,2026-08-08 05:46:48,2389
B00006661,U000497,C00060,view,2026-08-24 18:45:48,2578
B00006662,U000892,C00012,view,2026-08-15 02:12:48,2819
B00006663,U000560,C00090,buy,2026-08-15 02:05:48,96
B00006664,U000434,C00003,start_learning,2026-08-21 20:43:48,30
B00006665,U000763,C00020,favorite,2026-08-29 14:48:48,2296
B00006666,U000531,C00013,start_learning,2026-08-30 02:39:48,3456
B00006667,U000619,C00002,view,2026-08-26 06:07:48,2907
B00006668,U000416,C00099,buy,2026-08-23 19:47:48,2688
B00006669,U000392,C00071,view,2026-08-23 00:40:48,179
B00006670,U000567,C00037,start_learning,2026-08-27 00:09:48,629
B00006671,U000487,C00015,start_learning,2026-08-18 11:31:48,1712
B00006672,U000717,C00012,finish,2026-08-05 18:00:48,1743
B00006673,U000787,C00003,favorite,2026-08-21 00:41:48,1351
B00006674,U000782,C00067,favorite,2026-08-16 09:01:48,840
B00006675,U000258,C00066,buy,2026-08-20 07:43:48,2757
B00006676,U000116,C00039,finish,2026-08-28 05:58:48,2634
B00006677,U000245,C00010,favorite,2026-08-20 14:46:48,2428
B00006678,U000244,C00076,finish,2026-08-25 13:06:48,2271
B00006679,U000291,C00059,start_learning,2026-08-11 08:43:48,3307
B00006680,U000917,C00067,buy,2026-08-13 23:45:48,2011
B00006681,U000884,C00038,buy,2026-08-08 15:37:48,855
B00006682,U000031,C00022,view,2026-08-30 00:38:48,1384
B00006683,U000821,C00046,start_learning,2026-08-11 03:45:48,3211
B00006684,U000585,C00096,view,2026-08-10 03:40:48,782
B00006685,U000613,C00035,finish,2026-08-02 20:52:48,3303
B00006686,U000786,C00047,start_learning,2026-08-30 23:26:48,3233
B00006687,U000773,C00032,start_learning,2026-08-20 14:01:48,3123
B00006688,U000615,C00088,favorite,2026-08-11 23:58:48,2159
B00006689,U000126,C00007,buy,2026-09-01 00:02:48,2476
B00006690,U000473,C00005,view,2026-08-22 08:20:48,493
B00006691,U000234,C00009,finish,2026-08-30 22:33:48,2662
B00006692,U000610,C00074,view,2026-08-06 04:16:48,130
B00006693,U000154,C00006,finish,2026-08-10 10:25:48,3374
B00006694,U000792,C00049,finish,2026-08-28 16:42:48,2780
B00006695,U000160,C00003,start_learning,2026-08-17 12:52:48,1494
B00006696,U000017,C00027,buy,2026-08-23 22:51:48,2419
B00006697,U000959,C00042,favorite,2026-08-29 11:30:48,1376
B00006698,U000730,C00085,favorite,2026-08-04 14:19:48,3587
B00006699,U000356,C00032,favorite,2026-08-05 11:40:48,2763
B00006700,U000265,C00055,favorite,2026-08-27 02:56:48,352
B00006701,U000858,C00008,start_learning,2026-08-19 21:38:48,305
B00006702,U000089,C00059,favorite,2026-08-13 18:56:48,2269
B00006703,U000801,C00081,start_learning,2026-08-24 09:38:48,175
B00006704,U000931,C00024,buy,2026-08-23 14:12:48,2030
B00006705,U000119,C00015,finish,2026-08-29 07:05:48,361
B00006706,U000653,C00097,finish,2026-08-06 10:58:48,2456
B00006707,U000993,C00071,view,2026-08-18 13:51:48,2286
B00006708,U000824,C00059,view,2026-08-26 21:38:48,1286
B00006709,U000745,C00078,favorite,2026-08-12 03:08:48,2718
B00006710,U000637,C00046,buy,2026-08-26 07:00:48,9
B00006711,U000130,C00075,start_learning,2026-08-30 03:55:48,173
B00006712,U000816,C00079,view,2026-08-25 13:38:48,2374
B00006713,U000146,C00091,start_learning,2026-08-26 16:25:48,3449
B00006714,U000605,C00082,favorite,2026-08-03 04:59:48,1530
B00006715,U000575,C00033,favorite,2026-08-03 11:59:48,2682
B00006716,U000423,C00009,finish,2026-08-21 07:06:48,1454
B00006717,U000643,C00060,finish,2026-08-14 10:24:48,938
B00006718,U000146,C00090,view,2026-08-22 06:41:48,2757
B00006719,U000333,C00051,buy,2026-08-09 04:45:48,852
B00006720,U000186,C00079,buy,2026-08-22 17:19:48,88
B00006721,U000544,C00082,view,2026-08-07 18:34:48,1510
B00006722,U000560,C00013,start_learning,2026-08-08 14:40:48,847
B00006723,U000528,C00011,finish,2026-08-28 09:11:48,1458
B00006724,U000824,C00082,favorite,2026-08-05 11:22:48,1171
B00006725,U000608,C00070,favorite,2026-08-27 20:39:48,871
B00006726,U000262,C00096,buy,2026-08-08 09:48:48,2502
B00006727,U000036,C00039,start_learning,2026-08-22 06:28:48,3076
B00006728,U000525,C00076,favorite,2026-08-24 17:54:48,3286
B00006729,U000938,C00004,favorite,2026-08-15 06:31:48,389
B00006730,U000674,C00066,favorite,2026-08-09 19:03:48,1146
B00006731,U000666,C00038,view,2026-08-04 19:17:48,272
B00006732,U000837,C00033,view,2026-08-11 07:58:48,30
B00006733,U000210,C00093,buy,2026-08-31 13:35:48,1141
B00006734,U000081,C00004,finish,2026-08-21 15:38:48,2808
B00006735,U000632,C00001,favorite,2026-08-23 10:08:48,181
B00006736,U000675,C00049,favorite,2026-08-29 19:02:48,3136
B00006737,U000243,C00063,finish,2026-08-06 11:54:48,2413
B00006738,U000569,C00014,start_learning,2026-08-24 13:08:48,2857
B00006739,U000965,C00032,view,2026-08-12 04:50:48,1412
B00006740,U000217,C00033,buy,2026-08-21 13:51:48,2659
B00006741,U000422,C00017,view,2026-08-02 18:16:48,2421
B00006742,U000081,C00056,start_learning,2026-08-15 00:43:48,280
B00006743,U000095,C00058,finish,2026-08-24 10:47:48,77
B00006744,U000207,C00008,finish,2026-08-08 19:12:48,3530
B00006745,U000226,C00044,buy,2026-08-13 12:11:48,2662
B00006746,U000827,C00077,favorite,2026-08-30 10:31:48,1560
B00006747,U000697,C00026,favorite,2026-08-30 06:28:48,3475
B00006748,U000759,C00084,buy,2026-08-20 23:06:48,2588
B00006749,U000660,C00065,favorite,2026-08-05 15:50:48,2656
B00006750,U000815,C00049,favorite,2026-08-31 00:23:48,1220
B00006751,U000852,C00003,finish,2026-08-08 14:48:48,1417
B00006752,U000487,C00016,favorite,2026-08-31 06:49:48,2595
B00006753,U000205,C00040,start_learning,2026-08-20 18:39:48,71
B00006754,U000508,C00069,start_learning,2026-08-27 12:35:48,3544
B00006755,U000436,C00041,start_learning,2026-09-01 12:10:48,2060
B00006756,U000412,C00038,view,2026-08-31 08:03:48,3259
B00006757,U000416,C00087,finish,2026-08-31 02:20:48,3410
B00006758,U000189,C00009,finish,2026-08-03 21:41:48,1345
B00006759,U000415,C00088,finish,2026-08-30 16:07:48,564
B00006760,U000445,C00045,finish,2026-08-05 01:07:48,2730
B00006761,U000855,C00042,favorite,2026-08-29 23:04:48,2787
B00006762,U000454,C00010,favorite,2026-08-20 06:12:48,97
B00006763,U000315,C00030,view,2026-08-17 16:17:48,3361
B00006764,U000649,C00082,start_learning,2026-08-25 22:12:48,308
B00006765,U000023,C00012,favorite,2026-08-23 14:51:48,963
B00006766,U000476,C00053,view,2026-08-07 20:16:48,282
B00006767,U000798,C00004,view,2026-08-14 01:56:48,131
B00006768,U000768,C00056,start_learning,2026-08-19 00:56:48,2421
B00006769,U000713,C00010,favorite,2026-08-08 15:46:48,2425
B00006770,U000789,C00065,start_learning,2026-08-11 08:27:48,783
B00006771,U000594,C00096,buy,2026-08-05 03:17:48,623
B00006772,U000735,C00051,view,2026-08-30 08:58:48,547
B00006773,U000001,C00034,start_learning,2026-08-22 02:58:48,958
B00006774,U000989,C00072,favorite,2026-08-11 21:27:48,3406
B00006775,U000665,C00035,favorite,2026-08-18 19:41:48,1061
B00006776,U000863,C00071,buy,2026-08-10 02:22:48,954
B00006777,U000499,C00007,finish,2026-08-06 11:25:48,3089
B00006778,U000777,C00002,finish,2026-08-26 15:06:48,1784
B00006779,U000824,C00076,finish,2026-08-13 06:14:48,150
B00006780,U000178,C00064,start_learning,2026-08-29 04:58:48,25
B00006781,U000689,C00090,favorite,2026-08-24 22:03:48,1821
B00006782,U000331,C00018,finish,2026-08-25 13:09:48,3274
B00006783,U000763,C00034,finish,2026-08-06 12:00:48,482
B00006784,U000363,C00082,buy,2026-08-24 10:48:48,545
B00006785,U000497,C00074,finish,2026-08-10 02:28:48,2521
B00006786,U000698,C00098,finish,2026-08-13 14:24:48,2343
B00006787,U000195,C00088,start_learning,2026-08-06 10:13:48,833
B00006788,U000517,C00006,finish,2026-08-12 16:00:48,2153
B00006789,U000530,C00076,start_learning,2026-08-22 14:54:48,1066
B00006790,U000270,C00024,view,2026-08-19 11:13:48,1415
B00006791,U000288,C00049,buy,2026-08-03 05:03:48,3163
B00006792,U000082,C00075,favorite,2026-08-12 23:42:48,1323
B00006793,U000135,C00078,buy,2026-08-04 07:34:48,1543
B00006794,U000046,C00044,favorite,2026-08-03 05:26:48,3450
B00006795,U000802,C00073,finish,2026-08-17 05:08:48,2298
B00006796,U000162,C00049,start_learning,2026-08-21 02:01:48,2773
B00006797,U000053,C00095,buy,2026-08-17 21:22:48,2899
B00006798,U000441,C00070,buy,2026-08-15 07:27:48,1783
B00006799,U000727,C00069,finish,2026-08-07 00:25:48,2016
B00006800,U000781,C00088,buy,2026-08-18 20:12:48,3088
B00006801,U000882,C00075,finish,2026-08-13 13:48:48,1235
B00006802,U000223,C00071,finish,2026-08-04 06:49:48,1478
B00006803,U000237,C00017,finish,2026-08-05 11:13:48,3012
B00006804,U000293,C00008,buy,2026-08-08 17:07:48,3391
B00006805,U000125,C00035,start_learning,2026-08-11 17:19:48,1462
B00006806,U000861,C00056,buy,2026-08-13 20:48:48,3305
B00006807,U000662,C00084,buy,2026-08-04 11:15:48,1290
B00006808,U000300,C00005,start_learning,2026-08-30 20:54:48,2388
B00006809,U000656,C00095,buy,2026-08-12 13:23:48,800
B00006810,U000071,C00076,start_learning,2026-08-27 15:44:48,2750
B00006811,U000589,C00019,favorite,2026-08-20 20:00:48,2877
B00006812,U000005,C00082,start_learning,2026-08-31 17:35:48,3547
B00006813,U000850,C00057,view,2026-08-15 20:12:48,767
B00006814,U000914,C00077,view,2026-08-31 00:36:48,2657
B00006815,U000155,C00031,view,2026-08-29 06:23:48,2601
B00006816,U000825,C00066,buy,2026-08-23 17:22:48,3134
B00006817,U000108,C00044,buy,2026-08-14 11:49:48,1415
B00006818,U000587,C00056,favorite,2026-08-11 05:28:48,1346
B00006819,U000867,C00098,buy,2026-08-30 06:32:48,2158
B00006820,U000397,C00082,finish,2026-08-28 11:09:48,3421
B00006821,U000969,C00014,favorite,2026-08-24 09:00:48,764
B00006822,U000245,C00087,buy,2026-08-02 23:18:48,641
B00006823,U000061,C00014,finish,2026-08-04 15:33:48,178
B00006824,U000989,C00087,favorite,2026-08-23 04:10:48,380
B00006825,U000361,C00009,favorite,2026-08-09 18:53:48,2903
B00006826,U000159,C00071,view,2026-08-10 17:32:48,3451
B00006827,U000085,C00061,view,2026-08-25 07:56:48,271
B00006828,U000864,C00046,finish,2026-08-11 21:51:48,3154
B00006829,U000323,C00071,view,2026-08-12 11:45:48,1751
B00006830,U000662,C00009,finish,2026-08-29 23:42:48,944
B00006831,U000682,C00067,start_learning,2026-08-14 03:43:48,2199
B00006832,U000465,C00023,favorite,2026-08-20 18:28:48,2078
B00006833,U000547,C00081,finish,2026-08-09 13:31:48,1348
B00006834,U000658,C00075,view,2026-08-09 07:30:48,1528
B00006835,U000574,C00084,favorite,2026-08-14 14:59:48,87
B00006836,U000016,C00087,view,2026-08-25 20:48:48,2030
B00006837,U000067,C00083,favorite,2026-09-01 11:00:48,115
B00006838,U000527,C00020,buy,2026-08-16 02:08:48,2889
B00006839,U000920,C00084,favorite,2026-08-05 07:34:48,3333
B00006840,U000738,C00049,buy,2026-08-21 04:28:48,2603
B00006841,U000200,C00017,start_learning,2026-08-05 01:06:48,1205
B00006842,U000482,C00075,buy,2026-08-14 15:13:48,3500
B00006843,U000106,C00054,favorite,2026-08-26 06:16:48,2746
B00006844,U000436,C00007,favorite,2026-08-27 09:45:48,2863
B00006845,U000218,C00010,view,2026-08-11 07:57:48,1688
B00006846,U000838,C00035,finish,2026-08-03 01:36:48,3121
B00006847,U000371,C00071,start_learning,2026-08-09 21:59:48,782
B00006848,U000428,C00052,view,2026-08-07 02:43:48,3346
B00006849,U000026,C00089,finish,2026-08-24 19:09:48,2320
B00006850,U000826,C00082,start_learning,2026-08-28 10:51:48,2003
B00006851,U000984,C00038,finish,2026-08-13 15:40:48,1599
B00006852,U000190,C00021,start_learning,2026-08-09 05:12:48,2747
B00006853,U000164,C00063,start_learning,2026-08-21 07:05:48,2021
B00006854,U000089,C00072,buy,2026-08-09 22:13:48,2803
B00006855,U000756,C00021,buy,2026-08-30 08:24:48,3513
B00006856,U000985,C00072,finish,2026-08-21 17:02:48,76
B00006857,U000472,C00038,start_learning,2026-08-10 12:14:48,1574
B00006858,U000124,C00064,start_learning,2026-08-18 15:55:48,2403
B00006859,U000553,C00089,buy,2026-09-01 02:40:48,764
B00006860,U000736,C00083,favorite,2026-08-30 10:49:48,2574
B00006861,U000179,C00041,favorite,2026-08-14 09:42:48,705
B00006862,U000980,C00003,finish,2026-08-12 20:41:48,1094
B00006863,U000034,C00027,start_learning,2026-08-18 16:14:48,893
B00006864,U000032,C00056,favorite,2026-08-17 05:12:48,487
B00006865,U000612,C00007,finish,2026-08-16 20:07:48,1555
B00006866,U000507,C00028,view,2026-08-07 06:15:48,3311
B00006867,U000364,C00096,finish,2026-08-31 19:58:48,1169
B00006868,U000373,C00064,finish,2026-08-13 07:27:48,2190
B00006869,U000064,C00032,view,2026-08-15 10:56:48,2496
B00006870,U000603,C00065,start_learning,2026-08-19 17:55:48,2835
B00006871,U000319,C00061,favorite,2026-08-13 08:18:48,2163
B00006872,U000769,C00038,buy,2026-08-03 22:37:48,1471
B00006873,U000582,C00094,finish,2026-08-24 11:04:48,1282
B00006874,U000393,C00013,start_learning,2026-08-28 08:27:48,858
B00006875,U000535,C00015,start_learning,2026-08-24 01:39:48,3532
B00006876,U000550,C00080,favorite,2026-08-20 09:11:48,2414
B00006877,U000744,C00040,view,2026-08-05 00:04:48,2872
B00006878,U000813,C00037,buy,2026-08-21 14:10:48,538
B00006879,U000314,C00074,start_learning,2026-08-02 22:34:48,752
B00006880,U000490,C00055,favorite,2026-08-15 22:04:48,3249
B00006881,U000687,C00012,finish,2026-08-19 06:12:48,1356
B00006882,U000614,C00042,finish,2026-08-21 13:33:48,1915
B00006883,U000602,C00032,favorite,2026-08-24 00:38:48,2303
B00006884,U000004,C00051,favorite,2026-08-21 20:19:48,811
B00006885,U000812,C00005,favorite,2026-08-04 09:25:48,3234
B00006886,U000744,C00099,view,2026-08-24 19:43:48,1982
B00006887,U000301,C00028,favorite,2026-08-05 12:43:48,2260
B00006888,U000807,C00059,start_learning,2026-08-20 13:29:48,2182
B00006889,U000199,C00077,view,2026-08-11 19:52:48,1444
B00006890,U000409,C00066,favorite,2026-08-26 10:51:48,2864
B00006891,U000239,C00027,buy,2026-08-03 23:28:48,87
B00006892,U000945,C00037,favorite,2026-08-31 00:50:48,1372
B00006893,U000062,C00039,finish,2026-08-06 20:59:48,285
B00006894,U000898,C00093,buy,2026-08-08 15:17:48,1898
B00006895,U000680,C00068,favorite,2026-09-01 11:16:48,2664
B00006896,U000565,C00093,favorite,2026-08-19 04:40:48,3342
B00006897,U000151,C00042,start_learning,2026-08-15 15:54:48,245
B00006898,U000543,C00033,start_learning,2026-09-01 06:00:48,2851
B00006899,U000352,C00058,favorite,2026-08-10 22:54:48,2730
B00006900,U000366,C00098,start_learning,2026-08-04 16:13:48,766
B00006901,U000323,C00088,start_learning,2026-08-17 06:02:48,95
B00006902,U000638,C00054,view,2026-08-04 07:19:48,2529
B00006903,U000142,C00089,favorite,2026-08-23 09:39:48,1948
B00006904,U000839,C00020,finish,2026-08-25 23:36:48,1814
B00006905,U000038,C00051,buy,2026-08-03 12:18:48,1865
B00006906,U000918,C00043,view,2026-08-05 16:09:48,1803
B00006907,U000707,C00079,buy,2026-08-04 03:15:48,2193
B00006908,U000679,C00061,favorite,2026-08-15 20:32:48,1795
B00006909,U000341,C00056,buy,2026-08-18 17:24:48,645
B00006910,U000422,C00052,favorite,2026-08-11 13:34:48,1160
B00006911,U000097,C00060,view,2026-08-13 00:03:48,489
B00006912,U000097,C00075,finish,2026-08-29 00:18:48,2369
B00006913,U000571,C00067,buy,2026-08-25 19:46:48,3417
B00006914,U000404,C00074,view,2026-08-23 17:59:48,154
B00006915,U000256,C00095,finish,2026-08-05 21:40:48,935
B00006916,U000072,C00024,start_learning,2026-08-16 01:24:48,2095
B00006917,U000916,C00073,buy,2026-08-15 14:24:48,176
B00006918,U000005,C00095,start_learning,2026-08-10 03:21:48,776
B00006919,U000929,C00090,view,2026-08-19 09:46:48,3422
B00006920,U000938,C00037,finish,2026-08-15 07:05:48,2752
B00006921,U000008,C00055,buy,2026-08-10 01:30:48,220
B00006922,U000827,C00043,favorite,2026-08-08 12:07:48,2209
B00006923,U000475,C00039,start_learning,2026-08-20 08:46:48,36
B00006924,U000269,C00022,start_learning,2026-08-06 11:12:48,105
B00006925,U000098,C00084,finish,2026-08-28 03:37:48,2047
B00006926,U000850,C00065,start_learning,2026-08-29 16:33:48,1060
B00006927,U000363,C00096,favorite,2026-08-13 02:52:48,663
B00006928,U000329,C00074,start_learning,2026-08-15 12:26:48,1378
B00006929,U000125,C00063,start_learning,2026-08-05 16:20:48,1891
B00006930,U000074,C00030,start_learning,2026-08-14 11:10:48,3518
B00006931,U000356,C00019,start_learning,2026-08-11 04:22:48,2390
B00006932,U000794,C00024,buy,2026-08-14 20:59:48,1941
B00006933,U000532,C00037,favorite,2026-08-26 11:49:48,2570
B00006934,U000780,C00025,finish,2026-08-04 08:38:48,1179
B00006935,U000987,C00085,start_learning,2026-08-18 01:54:48,364
B00006936,U000118,C00005,view,2026-08-17 09:40:48,1446
B00006937,U000611,C00014,favorite,2026-08-19 07:47:48,658
B00006938,U000590,C00008,buy,2026-08-19 09:39:48,3457
B00006939,U000783,C00032,buy,2026-08-11 15:54:48,2953
B00006940,U000309,C00067,favorite,2026-08-18 05:22:48,582
B00006941,U000979,C00010,start_learning,2026-08-22 09:54:48,1491
B00006942,U000249,C00002,finish,2026-08-27 05:02:48,843
B00006943,U000607,C00078,view,2026-08-03 20:08:48,2389
B00006944,U000002,C00018,finish,2026-08-23 01:54:48,2303
B00006945,U000972,C00023,start_learning,2026-08-10 19:43:48,1967
B00006946,U000303,C00021,start_learning,2026-08-07 08:17:48,2272
B00006947,U000155,C00050,start_learning,2026-08-17 07:00:48,797
B00006948,U000763,C00061,start_learning,2026-08-17 21:27:48,1705
B00006949,U000032,C00042,start_learning,2026-08-12 22:25:48,1321
B00006950,U000101,C00028,view,2026-08-14 21:10:48,2979
B00006951,U000472,C00016,start_learning,2026-08-20 19:12:48,1962
B00006952,U000898,C00036,start_learning,2026-08-31 11:29:48,2985
B00006953,U000050,C00022,finish,2026-08-25 02:27:48,1195
B00006954,U000463,C00075,buy,2026-08-12 04:17:48,3290
B00006955,U000551,C00014,finish,2026-08-07 07:12:48,941
B00006956,U000033,C00089,buy,2026-08-13 13:03:48,600
B00006957,U000464,C00085,view,2026-08-28 22:26:48,768
B00006958,U000518,C00064,finish,2026-08-31 07:56:48,93
B00006959,U000711,C00083,view,2026-08-16 05:07:48,2865
B00006960,U000344,C00027,finish,2026-08-07 09:36:48,555
B00006961,U000308,C00031,favorite,2026-08-16 19:06:48,1716
B00006962,U000997,C00070,favorite,2026-08-29 14:50:48,2876
B00006963,U000336,C00058,favorite,2026-08-03 08:23:48,3439
B00006964,U000016,C00007,start_learning,2026-09-01 07:36:48,1391
B00006965,U000004,C00074,buy,2026-08-16 04:42:48,1666
B00006966,U000885,C00087,start_learning,2026-08-28 21:55:48,1762
B00006967,U000549,C00023,finish,2026-08-21 08:20:48,755
B00006968,U000490,C00034,buy,2026-08-12 12:40:48,3075
B00006969,U000585,C00019,view,2026-08-16 05:25:48,693
B00006970,U000296,C00003,favorite,2026-08-22 08:59:48,1775
B00006971,U000430,C00069,finish,2026-08-05 15:34:48,1208
B00006972,U000862,C00010,view,2026-08-31 00:36:48,781
B00006973,U000968,C00087,favorite,2026-08-13 13:25:48,502
B00006974,U000362,C00063,favorite,2026-08-06 21:06:48,2002
B00006975,U000358,C00010,finish,2026-08-07 18:30:48,664
B00006976,U000688,C00074,favorite,2026-08-26 05:58:48,167
B00006977,U000880,C00021,view,2026-08-22 22:20:48,2429
B00006978,U000245,C00089,buy,2026-08-03 08:44:48,3599
B00006979,U000592,C00032,view,2026-08-28 12:10:48,2548
B00006980,U000824,C00059,view,2026-08-11 14:23:48,565
B00006981,U000477,C00016,view,2026-08-13 01:33:48,1592
B00006982,U000266,C00050,start_learning,2026-08-05 21:54:48,430
B00006983,U000071,C00059,start_learning,2026-08-25 05:20:48,2264
B00006984,U000957,C00029,finish,2026-08-27 19:17:48,723
B00006985,U000231,C00058,finish,2026-08-30 14:10:48,2991
B00006986,U000516,C00021,finish,2026-08-21 11:38:48,2771
B00006987,U000560,C00087,start_learning,2026-08-13 11:57:48,3313
B00006988,U000523,C00051,finish,2026-08-03 06:21:48,3050
B00006989,U000134,C00092,favorite,2026-08-28 19:50:48,2054
B00006990,U000969,C00018,start_learning,2026-08-26 18:35:48,50
B00006991,U000338,C00062,favorite,2026-08-10 07:58:48,3505
B00006992,U000059,C00033,favorite,2026-08-24 04:40:48,1080
B00006993,U000594,C00069,finish,2026-08-06 01:56:48,889
B00006994,U000921,C00099,start_learning,2026-08-04 18:21:48,3185
B00006995,U000075,C00029,buy,2026-08-14 09:22:48,1739
B00006996,U000703,C00062,finish,2026-08-27 21:44:48,327
B00006997,U000003,C00084,favorite,2026-08-07 17:26:48,511
B00006998,U000036,C00059,finish,2026-08-23 05:49:48,407
B00006999,U000217,C00007,favorite,2026-08-29 04:22:48,3442
B00007000,U000349,C00016,buy,2026-08-03 03:03:48,2115
B00007001,U000868,C00006,buy,2026-08-20 21:03:48,230
B00007002,U000900,C00010,favorite,2026-08-07 19:14:48,1736
B00007003,U000233,C00040,view,2026-08-17 21:23:48,522
B00007004,U000450,C00019,buy,2026-08-25 09:28:48,1367
B00007005,U000274,C00006,buy,2026-08-24 14:50:48,2410
B00007006,U000341,C00039,finish,2026-08-22 05:09:48,645
B00007007,U000743,C00022,finish,2026-08-04 07:40:48,1520
B00007008,U000355,C00066,finish,2026-08-29 07:31:48,1934
B00007009,U000086,C00020,buy,2026-08-14 01:16:48,2931
B00007010,U000769,C00006,start_learning,2026-08-02 21:21:48,2837
B00007011,U000389,C00075,finish,2026-08-12 10:37:48,1089
B00007012,U000891,C00045,start_learning,2026-08-23 12:15:48,3595
B00007013,U000713,C00012,buy,2026-08-07 09:44:48,2257
B00007014,U000705,C00017,finish,2026-08-03 16:26:48,2762
B00007015,U000689,C00063,favorite,2026-08-31 17:30:48,651
B00007016,U000934,C00071,start_learning,2026-08-09 22:31:48,626
B00007017,U000370,C00097,start_learning,2026-08-26 23:08:48,3454
B00007018,U000757,C00091,favorite,2026-08-25 22:40:48,2357
B00007019,U000450,C00088,view,2026-08-30 18:00:48,3153
B00007020,U000539,C00008,finish,2026-08-10 11:08:48,3132
B00007021,U000559,C00024,view,2026-08-11 17:27:48,3429
B00007022,U000282,C00075,finish,2026-08-08 14:08:48,1331
B00007023,U000623,C00089,buy,2026-08-16 06:25:48,1564
B00007024,U000318,C00081,view,2026-08-23 17:55:48,2704
B00007025,U000699,C00048,favorite,2026-08-10 19:03:48,1623
B00007026,U000788,C00041,buy,2026-08-12 13:08:48,1213
B00007027,U000311,C00009,favorite,2026-08-29 02:19:48,3310
B00007028,U000439,C00017,favorite,2026-08-27 23:07:48,3188
B00007029,U000278,C00084,buy,2026-08-29 10:22:48,2015
B00007030,U000369,C00052,view,2026-08-15 20:44:48,345
B00007031,U000944,C00038,finish,2026-08-26 21:23:48,102
B00007032,U000920,C00078,finish,2026-08-16 16:32:48,842
B00007033,U000636,C00014,view,2026-08-25 14:06:48,3053
B00007034,U000915,C00066,favorite,2026-08-31 10:55:48,3395
B00007035,U000768,C00100,buy,2026-08-20 05:57:48,3438
B00007036,U000519,C00051,buy,2026-08-16 01:02:48,2236
B00007037,U000566,C00062,view,2026-08-24 09:48:48,1077
B00007038,U000008,C00085,finish,2026-08-09 05:33:48,1257
B00007039,U000873,C00073,start_learning,2026-08-07 05:29:48,996
B00007040,U000965,C00008,favorite,2026-08-19 23:00:48,375
B00007041,U000091,C00036,finish,2026-08-14 23:09:48,1674
B00007042,U000439,C00032,start_learning,2026-08-09 03:45:48,1649
B00007043,U000097,C00009,favorite,2026-08-20 11:33:48,1062
B00007044,U000002,C00049,buy,2026-08-16 21:22:48,3496
B00007045,U000367,C00083,buy,2026-08-23 04:59:48,372
B00007046,U000122,C00094,favorite,2026-09-01 10:05:48,899
B00007047,U000733,C00037,start_learning,2026-08-28 03:07:48,532
B00007048,U000492,C00037,start_learning,2026-08-30 04:22:48,3440
B00007049,U000209,C00097,start_learning,2026-08-23 14:42:48,3024
B00007050,U000917,C00068,start_learning,2026-08-16 00:54:48,3373
B00007051,U000585,C00060,finish,2026-08-11 14:37:48,843
B00007052,U000923,C00048,view,2026-08-06 07:30:48,817
B00007053,U000043,C00022,view,2026-08-04 22:35:48,877
B00007054,U000531,C00050,view,2026-08-21 08:03:48,754
B00007055,U000129,C00036,finish,2026-08-10 21:36:48,1
B00007056,U000090,C00029,finish,2026-08-30 11:00:48,3565
B00007057,U000361,C00056,start_learning,2026-08-27 02:54:48,2694
B00007058,U000442,C00090,finish,2026-08-12 09:01:48,1964
B00007059,U000720,C00053,finish,2026-08-16 15:58:48,3034
B00007060,U000012,C00019,start_learning,2026-08-03 20:03:48,1707
B00007061,U000097,C00040,finish,2026-08-08 20:02:48,1676
B00007062,U000434,C00032,buy,2026-08-03 00:15:48,3350
B00007063,U000591,C00075,buy,2026-08-05 04:08:48,177
B00007064,U000920,C00023,finish,2026-08-06 19:34:48,2483
B00007065,U000973,C00085,buy,2026-08-21 20:20:48,6
B00007066,U000866,C00059,buy,2026-08-24 08:29:48,3160
B00007067,U000259,C00033,favorite,2026-08-15 21:22:48,952
B00007068,U000540,C00037,favorite,2026-08-15 18:18:48,3517
B00007069,U000566,C00047,buy,2026-08-18 22:34:48,2863
B00007070,U000920,C00074,buy,2026-08-31 02:25:48,2947
B00007071,U000828,C00005,view,2026-08-31 03:49:48,1252
B00007072,U000773,C00031,view,2026-08-06 01:17:48,83
B00007073,U000521,C00090,favorite,2026-08-06 10:09:48,3131
B00007074,U000016,C00001,favorite,2026-08-29 14:25:48,2126
B00007075,U000931,C00054,favorite,2026-08-20 06:38:48,1369
B00007076,U000671,C00038,view,2026-08-07 17:42:48,1832
B00007077,U000582,C00047,finish,2026-08-02 23:55:48,1045
B00007078,U000958,C00028,start_learning,2026-08-06 04:53:48,211
B00007079,U000279,C00049,start_learning,2026-09-01 05:33:48,2058
B00007080,U000827,C00098,start_learning,2026-08-25 00:53:48,1179
B00007081,U000650,C00026,favorite,2026-09-01 07:19:48,261
B00007082,U000298,C00085,finish,2026-08-06 09:58:48,2784
B00007083,U000290,C00013,buy,2026-08-17 04:28:48,897
B00007084,U000450,C00046,view,2026-08-11 04:35:48,2977
B00007085,U000341,C00076,view,2026-08-30 04:57:48,2529
B00007086,U000883,C00097,buy,2026-08-26 00:04:48,3076
B00007087,U000925,C00017,start_learning,2026-08-04 09:59:48,3541
B00007088,U000272,C00037,finish,2026-08-15 09:35:48,560
B00007089,U000490,C00072,finish,2026-08-16 07:11:48,2124
B00007090,U000046,C00065,start_learning,2026-08-31 04:20:48,1000
B00007091,U000741,C00014,start_learning,2026-09-01 03:40:48,3228
B00007092,U000872,C00040,finish,2026-08-14 21:45:48,2976
B00007093,U000784,C00045,favorite,2026-08-07 23:16:48,2950
B00007094,U000335,C00028,favorite,2026-08-11 09:46:48,1799
B00007095,U000192,C00092,start_learning,2026-08-11 20:00:48,2978
B00007096,U000118,C00076,start_learning,2026-08-19 18:20:48,2160
B00007097,U000728,C00079,start_learning,2026-08-16 00:44:48,247
B00007098,U000439,C00008,view,2026-08-11 02:31:48,1314
B00007099,U000946,C00015,view,2026-08-21 01:54:48,609
B00007100,U000229,C00022,buy,2026-08-28 20:58:48,1789
B00007101,U000172,C00069,buy,2026-08-19 12:50:48,3536
B00007102,U000549,C00014,start_learning,2026-08-18 15:03:48,2803
B00007103,U000123,C00096,start_learning,2026-08-23 05:59:48,2750
B00007104,U000185,C00018,buy,2026-08-14 00:03:48,1783
B00007105,U000049,C00062,view,2026-08-16 04:03:48,895
B00007106,U000590,C00090,buy,2026-08-14 09:01:48,1519
B00007107,U000197,C00041,buy,2026-08-05 16:11:48,291
B00007108,U000120,C00005,finish,2026-08-15 11:37:48,2036
B00007109,U000171,C00056,finish,2026-08-23 23:15:48,1104
B00007110,U000940,C00073,view,2026-08-14 15:10:48,766
B00007111,U000153,C00028,start_learning,2026-08-16 07:55:48,211
B00007112,U000381,C00086,finish,2026-08-10 18:35:48,2671
B00007113,U000090,C00023,view,2026-08-18 15:06:48,273
B00007114,U000711,C00058,favorite,2026-08-05 01:55:48,1925
B00007115,U000895,C00020,view,2026-08-31 20:42:48,1511
B00007116,U000372,C00098,start_learning,2026-08-28 10:08:48,2562
B00007117,U000628,C00073,buy,2026-08-03 00:31:48,424
B00007118,U000690,C00022,favorite,2026-08-12 12:26:48,2261
B00007119,U000149,C00081,favorite,2026-08-23 04:37:48,2831
B00007120,U000396,C00090,finish,2026-08-18 16:50:48,1146
B00007121,U000958,C00039,buy,2026-08-30 05:42:48,748
B00007122,U000730,C00034,buy,2026-08-23 22:04:48,1325
B00007123,U000898,C00032,start_learning,2026-08-23 04:14:48,144
B00007124,U000699,C00037,start_learning,2026-08-30 10:27:48,2480
B00007125,U000639,C00018,view,2026-08-19 05:21:48,3130
B00007126,U000252,C00091,finish,2026-08-18 14:39:48,3383
B00007127,U000615,C00036,favorite,2026-08-13 13:10:48,3170
B00007128,U000790,C00010,view,2026-08-20 05:10:48,2770
B00007129,U000514,C00008,finish,2026-08-16 17:12:48,1684
B00007130,U000702,C00036,finish,2026-08-15 09:09:48,1328
B00007131,U000444,C00059,favorite,2026-08-16 09:06:48,20
B00007132,U000914,C00062,finish,2026-08-18 21:49:48,0
B00007133,U000304,C00007,view,2026-08-08 10:19:48,3404
B00007134,U000614,C00052,start_learning,2026-08-04 02:06:48,365
B00007135,U000357,C00088,start_learning,2026-08-29 02:33:48,1504
B00007136,U000899,C00053,view,2026-08-16 06:15:48,249
B00007137,U000904,C00023,start_learning,2026-08-05 20:37:48,2120
B00007138,U000254,C00010,start_learning,2026-08-29 16:31:48,1335
B00007139,U000025,C00020,buy,2026-08-07 00:58:48,2635
B00007140,U000930,C00052,view,2026-08-10 02:15:48,63
B00007141,U000057,C00089,view,2026-08-13 01:25:48,3015
B00007142,U000213,C00088,finish,2026-08-29 10:21:48,2551
B00007143,U000928,C00041,finish,2026-08-15 12:58:48,3170
B00007144,U000181,C00031,favorite,2026-08-25 07:05:48,1974
B00007145,U000921,C00066,start_learning,2026-08-04 03:05:48,763
B00007146,U000880,C00092,start_learning,2026-08-10 19:51:48,2452
B00007147,U000503,C00100,finish,2026-08-23 17:56:48,2966
B00007148,U000421,C00064,view,2026-08-22 06:03:48,1421
B00007149,U000166,C00004,start_learning,2026-08-30 01:06:48,3060
B00007150,U000284,C00021,view,2026-08-18 15:12:48,2920
B00007151,U000369,C00030,start_learning,2026-08-09 05:37:48,2404
B00007152,U000892,C00092,buy,2026-08-20 03:27:48,669
B00007153,U000888,C00036,finish,2026-08-03 14:16:48,3462
B00007154,U000006,C00076,start_learning,2026-08-04 02:33:48,3431
B00007155,U000834,C00078,finish,2026-08-31 19:58:48,2440
B00007156,U000104,C00008,view,2026-08-14 11:04:48,883
B00007157,U000771,C00072,view,2026-08-20 05:04:48,2741
B00007158,U000613,C00045,finish,2026-08-17 05:43:48,2305
B00007159,U000985,C00085,buy,2026-08-21 05:46:48,3368
B00007160,U000400,C00022,favorite,2026-08-12 03:10:48,323
B00007161,U000204,C00006,view,2026-08-03 15:42:48,3156
B00007162,U000187,C00021,buy,2026-08-16 21:00:48,374
B00007163,U000351,C00057,finish,2026-08-22 14:32:48,287
B00007164,U000684,C00100,start_learning,2026-08-19 00:04:48,2904
B00007165,U000552,C00065,start_learning,2026-08-09 20:18:48,2548
B00007166,U000543,C00043,finish,2026-08-25 12:09:48,2013
B00007167,U000171,C00043,finish,2026-08-24 03:33:48,1275
B00007168,U000209,C00079,start_learning,2026-08-14 00:31:48,1607
B00007169,U000178,C00044,start_learning,2026-08-15 22:57:48,910
B00007170,U000891,C00069,favorite,2026-08-27 18:07:48,3212
B00007171,U000500,C00068,buy,2026-08-02 19:30:48,2442
B00007172,U000040,C00097,start_learning,2026-08-30 04:00:48,1508
B00007173,U000137,C00070,finish,2026-08-25 05:19:48,3253
B00007174,U000259,C00059,favorite,2026-08-10 10:19:48,3491
B00007175,U000443,C00012,finish,2026-08-17 23:59:48,3406
B00007176,U000418,C00047,finish,2026-08-24 11:09:48,2201
B00007177,U000227,C00060,buy,2026-08-22 21:44:48,804
B00007178,U000875,C00025,view,2026-08-13 06:37:48,3468
B00007179,U000835,C00029,finish,2026-08-21 08:25:48,3578
B00007180,U000905,C00098,favorite,2026-08-08 20:47:48,422
B00007181,U000871,C00054,view,2026-08-13 14:33:48,570
B00007182,U000892,C00027,favorite,2026-08-04 11:10:48,1309
B00007183,U000875,C00057,favorite,2026-08-26 11:58:48,2535
B00007184,U000734,C00069,start_learning,2026-08-29 02:05:48,1861
B00007185,U000025,C00082,start_learning,2026-09-01 07:54:48,1212
B00007186,U000983,C00066,finish,2026-08-04 12:06:48,2994
B00007187,U000733,C00098,view,2026-08-20 11:09:48,1934
B00007188,U000431,C00003,view,2026-08-23 19:26:48,731
B00007189,U000779,C00085,view,2026-08-22 06:26:48,3031
B00007190,U000413,C00001,view,2026-08-12 19:26:48,3298
B00007191,U000915,C00059,buy,2026-08-04 10:12:48,129
B00007192,U000260,C00073,view,2026-08-31 09:48:48,148
B00007193,U000174,C00049,view,2026-08-19 04:32:48,2020
B00007194,U000295,C00068,buy,2026-08-15 01:05:48,455
B00007195,U000026,C00026,start_learning,2026-08-05 04:32:48,1276
B00007196,U000799,C00072,view,2026-08-18 01:45:48,1105
B00007197,U000543,C00016,favorite,2026-08-12 17:57:48,781
B00007198,U000138,C00028,favorite,2026-08-27 15:00:48,3532
B00007199,U000847,C00075,view,2026-08-06 09:00:48,247
B00007200,U000086,C00014,view,2026-08-06 17:44:48,2342
B00007201,U000029,C00019,start_learning,2026-08-16 18:56:48,3043
B00007202,U000803,C00069,start_learning,2026-08-25 21:11:48,2028
B00007203,U000610,C00040,finish,2026-08-14 05:32:48,1962
B00007204,U000937,C00095,favorite,2026-08-09 08:17:48,39
B00007205,U000173,C00007,favorite,2026-08-31 10:37:48,681
B00007206,U000887,C00028,finish,2026-08-08 00:12:48,2684
B00007207,U000264,C00046,view,2026-08-27 04:23:48,3536
B00007208,U000581,C00036,view,2026-08-15 10:17:48,3022
B00007209,U000670,C00015,favorite,2026-08-06 01:38:48,2134
B00007210,U000304,C00012,view,2026-08-30 19:10:48,2998
B00007211,U000584,C00057,start_learning,2026-08-30 17:00:48,236
B00007212,U000900,C00044,buy,2026-08-29 17:00:48,1263
B00007213,U000275,C00036,buy,2026-08-11 19:23:48,1539
B00007214,U000772,C00028,finish,2026-08-19 00:29:48,1068
B00007215,U000561,C00053,finish,2026-08-18 16:50:48,1579
B00007216,U000094,C00005,view,2026-08-07 22:03:48,1863
B00007217,U000022,C00062,finish,2026-08-23 21:02:48,1773
B00007218,U000174,C00004,favorite,2026-08-02 19:04:48,2829
B00007219,U000034,C00013,finish,2026-08-16 17:08:48,1216
B00007220,U000655,C00084,favorite,2026-08-08 01:39:48,1839
B00007221,U000691,C00057,buy,2026-08-21 04:23:48,124
B00007222,U000333,C00063,start_learning,2026-08-13 16:58:48,2295
B00007223,U000056,C00090,start_learning,2026-08-14 12:39:48,1947
B00007224,U000338,C00069,start_learning,2026-08-05 09:17:48,1277
B00007225,U000593,C00024,favorite,2026-08-14 21:47:48,3091
B00007226,U000616,C00100,finish,2026-08-14 02:12:48,2896
B00007227,U000372,C00039,buy,2026-08-02 16:53:48,2362
B00007228,U000566,C00067,favorite,2026-08-25 06:36:48,2432
B00007229,U000061,C00055,start_learning,2026-08-25 12:37:48,2650
B00007230,U000071,C00027,finish,2026-08-13 01:46:48,3477
B00007231,U000344,C00098,favorite,2026-08-17 01:11:48,3405
B00007232,U000720,C00065,favorite,2026-08-30 23:50:48,1006
B00007233,U000933,C00008,view,2026-08-29 22:47:48,1565
B00007234,U000576,C00009,favorite,2026-08-21 19:21:48,2482
B00007235,U000878,C00079,finish,2026-09-01 09:28:48,1503
B00007236,U000745,C00015,start_learning,2026-08-12 22:35:48,2991
B00007237,U000820,C00088,favorite,2026-09-01 10:27:48,3274
B00007238,U000556,C00084,view,2026-08-30 01:44:48,2953
B00007239,U000340,C00081,favorite,2026-08-31 12:31:48,2586
B00007240,U000799,C00010,start_learning,2026-08-30 19:14:48,109
B00007241,U000957,C00032,favorite,2026-08-04 17:15:48,2881
B00007242,U000650,C00033,favorite,2026-08-16 00:16:48,1908
B00007243,U000883,C00059,start_learning,2026-08-25 18:38:48,112
B00007244,U000341,C00002,finish,2026-08-17 02:33:48,2589
B00007245,U000029,C00083,finish,2026-08-28 07:51:48,1007
B00007246,U000903,C00061,finish,2026-08-21 06:09:48,1254
B00007247,U000898,C00010,buy,2026-08-09 19:18:48,1515
B00007248,U000374,C00035,view,2026-08-12 16:50:48,1529
B00007249,U000932,C00085,finish,2026-08-31 23:51:48,1886
B00007250,U000366,C00076,start_learning,2026-08-09 17:14:48,731
B00007251,U000424,C00072,start_learning,2026-08-04 10:21:48,1771
B00007252,U000780,C00073,view,2026-08-07 22:51:48,1845
B00007253,U000484,C00049,start_learning,2026-08-16 10:55:48,2055
B00007254,U000094,C00060,favorite,2026-08-08 07:55:48,598
B00007255,U000267,C00050,buy,2026-08-21 19:27:48,921
B00007256,U000569,C00083,start_learning,2026-08-08 12:43:48,2208
B00007257,U000586,C00079,buy,2026-08-03 16:54:48,2101
B00007258,U000343,C00052,finish,2026-08-21 20:59:48,1878
B00007259,U000675,C00089,buy,2026-08-11 01:04:48,3063
B00007260,U000950,C00095,start_learning,2026-08-21 04:47:48,1666
B00007261,U000942,C00055,finish,2026-08-23 17:54:48,618
B00007262,U000791,C00077,view,2026-08-16 18:39:48,3129
B00007263,U000416,C00002,favorite,2026-08-22 06:50:48,2494
B00007264,U000354,C00063,favorite,2026-08-05 19:21:48,80
B00007265,U000084,C00049,view,2026-08-13 06:44:48,2146
B00007266,U000644,C00048,favorite,2026-08-19 12:13:48,2239
B00007267,U000501,C00042,start_learning,2026-08-20 15:00:48,127
B00007268,U000190,C00098,view,2026-08-31 10:06:48,1904
B00007269,U000583,C00046,start_learning,2026-08-08 16:50:48,3434
B00007270,U000556,C00023,favorite,2026-08-28 22:15:48,943
B00007271,U000144,C00076,finish,2026-08-15 01:09:48,2058
B00007272,U000153,C00036,view,2026-08-13 18:42:48,2432
B00007273,U000242,C00075,view,2026-08-29 15:01:48,2250
B00007274,U000646,C00063,start_learning,2026-08-29 11:26:48,1796
B00007275,U000743,C00081,view,2026-08-06 10:04:48,983
B00007276,U000376,C00037,finish,2026-08-19 12:27:48,1040
B00007277,U000328,C00023,start_learning,2026-08-26 23:35:48,1990
B00007278,U000042,C00018,finish,2026-08-28 04:08:48,3003
B00007279,U000687,C00085,finish,2026-08-11 21:50:48,125
B00007280,U000573,C00022,view,2026-08-13 09:07:48,570
B00007281,U000592,C00051,favorite,2026-08-21 18:50:48,1886
B00007282,U000845,C00094,favorite,2026-08-16 00:52:48,788
B00007283,U000197,C00087,finish,2026-08-10 19:43:48,1226
B00007284,U000497,C00020,start_learning,2026-08-24 04:05:48,2830
B00007285,U000584,C00100,finish,2026-08-23 21:53:48,1700
B00007286,U000734,C00085,finish,2026-08-18 09:17:48,795
B00007287,U000052,C00098,buy,2026-08-22 23:12:48,3230
B00007288,U000262,C00099,view,2026-08-28 00:04:48,647
B00007289,U000350,C00015,favorite,2026-08-20 22:32:48,3391
B00007290,U000563,C00093,finish,2026-08-29 23:39:48,2467
B00007291,U000705,C00023,view,2026-08-19 12:20:48,2948
B00007292,U000324,C00092,view,2026-08-23 23:51:48,3208
B00007293,U000976,C00035,buy,2026-08-20 17:08:48,1239
B00007294,U000408,C00003,buy,2026-08-29 09:50:48,1684
B00007295,U000804,C00005,start_learning,2026-08-30 04:08:48,1648
B00007296,U000438,C00027,view,2026-08-21 12:43:48,1484
B00007297,U000929,C00100,start_learning,2026-08-22 01:05:48,2054
B00007298,U000567,C00005,start_learning,2026-08-31 03:05:48,1001
B00007299,U000027,C00062,favorite,2026-08-28 07:42:48,275
B00007300,U000556,C00094,favorite,2026-08-13 19:49:48,194
B00007301,U000270,C00083,view,2026-08-24 00:32:48,3342
B00007302,U000535,C00093,start_learning,2026-08-19 11:10:48,1030
B00007303,U000273,C00044,view,2026-09-01 12:18:48,665
B00007304,U000235,C00098,start_learning,2026-08-09 00:23:48,3385
B00007305,U000108,C00031,buy,2026-08-27 10:34:48,24
B00007306,U000287,C00051,favorite,2026-08-08 17:44:48,83
B00007307,U000204,C00074,favorite,2026-08-27 07:03:48,693
B00007308,U000643,C00039,finish,2026-08-16 20:13:48,804
B00007309,U000637,C00096,buy,2026-08-10 16:04:48,574
B00007310,U000901,C00064,buy,2026-08-27 20:20:48,1264
B00007311,U000941,C00024,favorite,2026-08-11 19:01:48,1665
B00007312,U000581,C00093,finish,2026-08-24 21:48:48,2511
B00007313,U000833,C00043,favorite,2026-08-21 04:16:48,3156
B00007314,U000235,C00095,finish,2026-08-13 05:45:48,2315
B00007315,U000192,C00090,view,2026-08-24 19:30:48,850
B00007316,U000731,C00028,buy,2026-08-30 06:09:48,3360
B00007317,U000624,C00010,buy,2026-08-12 11:48:48,591
B00007318,U000997,C00065,finish,2026-08-08 15:20:48,21
B00007319,U000141,C00078,start_learning,2026-08-14 09:34:48,3235
B00007320,U000131,C00093,start_learning,2026-08-29 20:49:48,1455
B00007321,U000400,C00083,buy,2026-08-04 06:51:48,1884
B00007322,U000703,C00051,favorite,2026-08-14 18:40:48,3452
B00007323,U000306,C00033,view,2026-08-12 03:27:48,2786
B00007324,U000722,C00077,view,2026-08-21 01:20:48,173
B00007325,U000857,C00012,favorite,2026-08-13 21:34:48,3509
B00007326,U000630,C00075,favorite,2026-08-26 00:36:48,3516
B00007327,U000806,C00020,start_learning,2026-08-26 07:10:48,460
B00007328,U000055,C00085,finish,2026-08-30 03:16:48,2517
B00007329,U000390,C00004,buy,2026-08-16 07:06:48,2639
B00007330,U000231,C00084,finish,2026-08-21 17:56:48,914
B00007331,U000845,C00039,buy,2026-08-21 07:22:48,3293
B00007332,U000400,C00091,favorite,2026-08-27 13:51:48,2358
B00007333,U000783,C00014,favorite,2026-08-24 14:13:48,1710
B00007334,U000600,C00001,buy,2026-08-27 18:59:48,2711
B00007335,U000539,C00038,favorite,2026-08-28 23:13:48,2095
B00007336,U000743,C00010,favorite,2026-08-30 12:23:48,3253
B00007337,U000961,C00079,favorite,2026-08-16 23:18:48,3539
B00007338,U000118,C00047,view,2026-09-01 13:56:48,1244
B00007339,U000507,C00006,favorite,2026-08-20 23:53:48,2163
B00007340,U000659,C00079,favorite,2026-08-11 17:07:48,1737
B00007341,U000187,C00064,finish,2026-08-09 07:13:48,518
B00007342,U000644,C00047,buy,2026-08-17 10:22:48,1237
B00007343,U000661,C00077,finish,2026-08-16 20:05:48,948
B00007344,U000058,C00086,start_learning,2026-08-19 09:49:48,1664
B00007345,U000311,C00015,buy,2026-08-11 20:17:48,515
B00007346,U000614,C00051,buy,2026-08-31 11:19:48,1348
B00007347,U000392,C00089,buy,2026-08-31 03:37:48,2707
B00007348,U000186,C00014,finish,2026-08-26 13:28:48,1215
B00007349,U000418,C00020,start_learning,2026-08-14 08:04:48,758
B00007350,U000305,C00066,view,2026-08-30 09:40:48,2463
B00007351,U000190,C00056,start_learning,2026-08-04 17:33:48,1737
B00007352,U000326,C00093,favorite,2026-08-29 12:26:48,1546
B00007353,U000671,C00043,view,2026-08-30 10:55:48,1745
B00007354,U000091,C00014,view,2026-08-28 22:39:48,1831
B00007355,U000775,C00007,finish,2026-08-06 11:03:48,1132
B00007356,U000382,C00080,start_learning,2026-08-15 12:38:48,2042
B00007357,U000245,C00065,favorite,2026-08-06 00:49:48,943
B00007358,U000532,C00064,finish,2026-08-13 03:46:48,1309
B00007359,U000499,C00038,favorite,2026-08-03 19:56:48,3105
B00007360,U000899,C00051,view,2026-08-03 07:04:48,245
B00007361,U000613,C00055,finish,2026-08-15 00:52:48,1568
B00007362,U000020,C00100,buy,2026-08-27 11:28:48,1534
B00007363,U000452,C00006,start_learning,2026-08-02 16:03:48,2284
B00007364,U000726,C00029,favorite,2026-08-13 14:23:48,521
B00007365,U000380,C00082,view,2026-09-01 11:44:48,1825
B00007366,U000055,C00017,favorite,2026-08-24 05:30:48,1664
B00007367,U000309,C00083,favorite,2026-08-26 00:07:48,1015
B00007368,U000041,C00004,view,2026-08-14 23:58:48,1643
B00007369,U000872,C00090,finish,2026-08-26 18:54:48,3150
B00007370,U000640,C00086,buy,2026-08-05 15:17:48,1854
B00007371,U000960,C00046,favorite,2026-08-26 15:20:48,3042
B00007372,U000055,C00089,finish,2026-08-22 00:44:48,714
B00007373,U000278,C00040,start_learning,2026-08-19 00:14:48,776
B00007374,U000157,C00047,favorite,2026-08-04 17:32:48,3131
B00007375,U000646,C00071,start_learning,2026-08-16 08:53:48,2749
B00007376,U000996,C00029,start_learning,2026-08-30 12:37:48,1703
B00007377,U000757,C00032,favorite,2026-08-21 01:48:48,2149
B00007378,U000077,C00050,view,2026-08-03 15:15:48,3491
B00007379,U000281,C00063,view,2026-08-18 03:52:48,3096
B00007380,U000776,C00096,start_learning,2026-08-03 18:11:48,1731
B00007381,U000357,C00075,start_learning,2026-08-31 16:02:48,2008
B00007382,U000928,C00010,view,2026-08-28 03:59:48,2109
B00007383,U000320,C00009,favorite,2026-09-01 11:38:48,2864
B00007384,U000703,C00065,start_learning,2026-08-06 08:59:48,1887
B00007385,U000457,C00043,view,2026-08-31 13:05:48,3229
B00007386,U000121,C00066,finish,2026-08-02 19:37:48,2287
B00007387,U000960,C00086,view,2026-08-27 12:51:48,1629
B00007388,U000998,C00087,finish,2026-08-14 13:37:48,3228
B00007389,U000757,C00048,view,2026-08-27 04:28:48,1639
B00007390,U000888,C00090,view,2026-08-06 23:34:48,2310
B00007391,U000863,C00073,favorite,2026-08-20 03:19:48,226
B00007392,U000390,C00086,start_learning,2026-08-19 10:39:48,1108
B00007393,U000265,C00096,favorite,2026-08-03 15:20:48,1982
B00007394,U000998,C00023,start_learning,2026-08-03 12:48:48,1732
B00007395,U000773,C00014,buy,2026-08-11 23:01:48,351
B00007396,U000513,C00047,buy,2026-08-06 11:09:48,3541
B00007397,U000783,C00032,favorite,2026-08-22 05:20:48,1909
B00007398,U000792,C00019,view,2026-08-29 20:13:48,2771
B00007399,U000463,C00021,favorite,2026-08-31 12:06:48,2324
B00007400,U000514,C00022,favorite,2026-08-05 14:37:48,596
B00007401,U000310,C00023,finish,2026-08-08 13:40:48,3168
B00007402,U000505,C00012,finish,2026-08-28 17:06:48,84
B00007403,U000162,C00041,favorite,2026-08-13 14:58:48,972
B00007404,U000677,C00046,start_learning,2026-08-25 00:57:48,2806
B00007405,U000302,C00090,start_learning,2026-08-10 00:39:48,1895
B00007406,U000378,C00033,finish,2026-08-30 10:29:48,433
B00007407,U000247,C00066,view,2026-09-01 10:02:48,3163
B00007408,U000125,C00077,favorite,2026-08-03 02:53:48,1276
B00007409,U000205,C00015,start_learning,2026-08-07 11:11:48,3569
B00007410,U000129,C00039,buy,2026-08-24 08:37:48,118
B00007411,U000727,C00034,start_learning,2026-08-29 13:00:48,3361
B00007412,U000245,C00071,finish,2026-08-11 09:58:48,1847
B00007413,U000295,C00031,favorite,2026-08-29 23:18:48,2363
B00007414,U000306,C00019,finish,2026-08-05 22:17:48,3271
B00007415,U000242,C00013,start_learning,2026-08-15 14:30:48,3577
B00007416,U000649,C00021,view,2026-08-26 12:42:48,2416
B00007417,U000343,C00046,view,2026-08-12 17:07:48,547
B00007418,U000312,C00040,favorite,2026-08-03 10:08:48,2548
B00007419,U000159,C00091,start_learning,2026-09-01 02:44:48,296
B00007420,U000861,C00099,start_learning,2026-08-13 15:22:48,786
B00007421,U000379,C00095,finish,2026-08-03 07:24:48,2174
B00007422,U000177,C00045,finish,2026-08-12 12:14:48,1986
B00007423,U000375,C00066,finish,2026-08-12 16:41:48,1807
B00007424,U000041,C00015,buy,2026-08-22 09:40:48,2948
B00007425,U000685,C00085,buy,2026-08-05 10:11:48,1180
B00007426,U000353,C00039,start_learning,2026-08-20 14:02:48,2583
B00007427,U000008,C00093,view,2026-08-31 21:12:48,2905
B00007428,U000502,C00092,buy,2026-08-12 12:17:48,2328
B00007429,U000215,C00081,favorite,2026-08-09 07:26:48,3158
B00007430,U000661,C00069,view,2026-08-26 09:55:48,203
B00007431,U000507,C00084,favorite,2026-08-15 10:20:48,483
B00007432,U000597,C00090,buy,2026-08-07 19:16:48,1194
B00007433,U000313,C00015,buy,2026-08-27 17:37:48,34
B00007434,U000726,C00032,buy,2026-08-31 07:44:48,2196
B00007435,U000111,C00078,finish,2026-08-29 02:03:48,199
B00007436,U000823,C00014,view,2026-08-22 08:02:48,3527
B00007437,U000378,C00079,buy,2026-08-18 05:53:48,1435
B00007438,U000363,C00053,start_learning,2026-08-31 18:04:48,276
B00007439,U000813,C00100,finish,2026-08-21 01:32:48,2175
B00007440,U000802,C00016,buy,2026-08-24 07:04:48,2067
B00007441,U000204,C00010,view,2026-08-04 06:43:48,3230
B00007442,U000733,C00004,buy,2026-08-24 10:42:48,3233
B00007443,U000277,C00066,finish,2026-08-18 19:07:48,2814
B00007444,U000441,C00099,favorite,2026-08-21 13:05:48,1993
B00007445,U000056,C00064,buy,2026-08-22 13:23:48,3325
B00007446,U000406,C00031,finish,2026-08-04 08:01:48,2306
B00007447,U000690,C00072,favorite,2026-08-14 15:32:48,57
B00007448,U000978,C00082,buy,2026-08-13 02:59:48,31
B00007449,U000461,C00099,view,2026-08-02 15:28:48,2379
B00007450,U000186,C00030,buy,2026-08-08 17:15:48,164
B00007451,U000550,C00073,finish,2026-08-25 17:12:48,470
B00007452,U000383,C00038,favorite,2026-08-19 01:49:48,2549
B00007453,U000362,C00063,finish,2026-08-27 06:29:48,1356
B00007454,U000694,C00076,start_learning,2026-08-13 18:51:48,2278
B00007455,U000236,C00036,favorite,2026-08-19 09:19:48,2193
B00007456,U000150,C00052,buy,2026-08-09 13:17:48,1533
B00007457,U000444,C00010,favorite,2026-08-08 09:19:48,2237
B00007458,U000214,C00013,favorite,2026-08-12 21:36:48,1187
B00007459,U000608,C00026,finish,2026-08-06 11:14:48,1620
B00007460,U000329,C00056,finish,2026-08-07 19:05:48,2153
B00007461,U000338,C00039,start_learning,2026-08-29 05:36:48,1107
B00007462,U000657,C00021,favorite,2026-08-16 02:06:48,2437
B00007463,U000336,C00073,buy,2026-08-14 11:42:48,1813
B00007464,U000962,C00057,favorite,2026-08-31 08:14:48,2145
B00007465,U000825,C00032,buy,2026-08-06 06:24:48,2750
B00007466,U000939,C00060,buy,2026-08-26 07:22:48,909
B00007467,U000940,C00078,finish,2026-08-27 09:28:48,1605
B00007468,U000891,C00006,view,2026-08-27 17:59:48,241
B00007469,U000296,C00069,view,2026-08-20 21:07:48,371
B00007470,U000031,C00095,view,2026-09-01 08:46:48,2725
B00007471,U000264,C00074,start_learning,2026-08-23 21:11:48,2311
B00007472,U000269,C00005,favorite,2026-08-31 09:57:48,2950
B00007473,U000601,C00077,view,2026-08-15 07:02:48,69
B00007474,U000777,C00023,view,2026-08-26 08:03:48,546
B00007475,U000756,C00066,view,2026-08-28 12:16:48,1708
B00007476,U000590,C00010,favorite,2026-08-28 11:47:48,312
B00007477,U000590,C00042,view,2026-08-31 07:28:48,2024
B00007478,U000685,C00073,favorite,2026-08-15 22:26:48,3192
B00007479,U000240,C00025,favorite,2026-08-08 03:11:48,88
B00007480,U000432,C00011,view,2026-08-25 02:42:48,1309
B00007481,U000304,C00034,view,2026-08-09 03:13:48,212
B00007482,U000780,C00044,start_learning,2026-08-25 17:14:48,1014
B00007483,U000566,C00046,buy,2026-08-19 01:16:48,2334
B00007484,U000290,C00011,favorite,2026-09-01 10:42:48,1426
B00007485,U000024,C00026,favorite,2026-08-21 21:40:48,1689
B00007486,U000810,C00044,finish,2026-08-26 00:02:48,1425
B00007487,U000468,C00050,finish,2026-08-28 01:54:48,2148
B00007488,U000599,C00057,view,2026-08-15 20:07:48,2527
B00007489,U000600,C00003,start_learning,2026-08-10 11:34:48,2558
B00007490,U000413,C00087,finish,2026-08-06 05:31:48,2794
B00007491,U000787,C00035,view,2026-08-04 06:50:48,3114
B00007492,U000023,C00007,start_learning,2026-08-25 21:56:48,3322
B00007493,U000012,C00043,finish,2026-08-30 23:28:48,2750
B00007494,U000358,C00043,favorite,2026-08-17 21:14:48,372
B00007495,U000002,C00014,finish,2026-08-13 10:50:48,1440
B00007496,U000186,C00057,start_learning,2026-08-05 10:52:48,182
B00007497,U000499,C00002,finish,2026-08-13 16:57:48,536
B00007498,U000856,C00030,view,2026-08-13 07:09:48,402
B00007499,U000890,C00012,buy,2026-08-09 17:41:48,475
B00007500,U000596,C00029,favorite,2026-08-28 19:16:48,2645
B00007501,U000352,C00071,view,2026-08-16 15:09:48,826
B00007502,U000677,C00084,finish,2026-08-19 02:42:48,1311
B00007503,U000155,C00004,start_learning,2026-08-18 01:39:48,80
B00007504,U000849,C00036,start_learning,2026-08-30 07:42:48,1971
B00007505,U000859,C00026,favorite,2026-08-27 16:30:48,1986
B00007506,U000359,C00004,favorite,2026-08-25 02:40:48,2346
B00007507,U000425,C00049,start_learning,2026-08-13 10:16:48,3194
B00007508,U000324,C00097,buy,2026-08-31 15:03:48,1726
B00007509,U000509,C00068,finish,2026-08-20 06:01:48,2695
B00007510,U000589,C00071,view,2026-08-04 22:13:48,3284
B00007511,U000827,C00075,start_learning,2026-08-06 07:14:48,1118
B00007512,U000843,C00044,view,2026-08-28 10:35:48,102
B00007513,U000545,C00081,finish,2026-08-13 12:29:48,1269
B00007514,U000874,C00092,buy,2026-08-23 06:56:48,2943
B00007515,U000404,C00057,view,2026-08-08 04:35:48,3360
B00007516,U000145,C00009,view,2026-08-15 13:56:48,2597
B00007517,U000111,C00074,start_learning,2026-08-07 00:30:48,493
B00007518,U000322,C00097,favorite,2026-08-24 19:49:48,3454
B00007519,U000745,C00006,buy,2026-08-26 22:13:48,2155
B00007520,U000518,C00067,view,2026-08-30 06:20:48,3571
B00007521,U000715,C00002,favorite,2026-08-27 06:53:48,996
B00007522,U000880,C00015,buy,2026-08-17 04:46:48,3264
B00007523,U000239,C00088,finish,2026-08-04 02:27:48,1867
B00007524,U000297,C00096,start_learning,2026-08-10 12:09:48,188
B00007525,U000712,C00013,finish,2026-08-17 23:22:48,3244
B00007526,U000861,C00060,start_learning,2026-08-02 23:59:48,1110
B00007527,U000970,C00003,start_learning,2026-08-23 16:54:48,1259
B00007528,U000250,C00099,start_learning,2026-08-13 08:39:48,2455
B00007529,U000155,C00028,finish,2026-08-30 07:04:48,1295
B00007530,U000153,C00057,finish,2026-08-25 06:59:48,668
B00007531,U000846,C00009,start_learning,2026-08-07 22:32:48,1732
B00007532,U000766,C00099,buy,2026-08-03 02:34:48,1326
B00007533,U000395,C00082,start_learning,2026-08-03 13:26:48,1303
B00007534,U000191,C00037,finish,2026-08-29 17:08:48,782
B00007535,U000223,C00067,finish,2026-08-14 03:16:48,1651
B00007536,U000198,C00019,start_learning,2026-08-15 12:15:48,204
B00007537,U000732,C00004,finish,2026-08-17 15:56:48,1557
B00007538,U000347,C00090,finish,2026-08-20 16:26:48,3237
B00007539,U000967,C00098,view,2026-08-18 02:37:48,287
B00007540,U000942,C00054,favorite,2026-08-16 19:07:48,1670
B00007541,U000401,C00089,buy,2026-08-24 18:07:48,947
B00007542,U000416,C00056,finish,2026-08-14 19:54:48,1856
B00007543,U000225,C00018,start_learning,2026-08-11 14:39:48,3055
B00007544,U000217,C00021,buy,2026-08-09 21:42:48,3189
B00007545,U000169,C00059,buy,2026-08-04 08:06:48,884
B00007546,U000379,C00059,favorite,2026-08-08 21:16:48,1682
B00007547,U000157,C00053,finish,2026-08-06 13:02:48,1676
B00007548,U000970,C00077,finish,2026-08-11 22:23:48,2851
B00007549,U000664,C00049,favorite,2026-08-14 05:35:48,1
B00007550,U000196,C00070,buy,2026-08-17 21:56:48,541
B00007551,U000868,C00018,view,2026-08-21 00:08:48,1260
B00007552,U000389,C00032,view,2026-08-05 02:27:48,1137
B00007553,U000269,C00071,start_learning,2026-08-20 07:48:48,1043
B00007554,U000026,C00084,buy,2026-08-14 21:43:48,1968
B00007555,U000391,C00029,buy,2026-08-20 09:38:48,538
B00007556,U000539,C00046,start_learning,2026-08-17 02:12:48,3090
B00007557,U000392,C00036,start_learning,2026-08-17 16:33:48,138
B00007558,U000052,C00006,favorite,2026-08-25 01:41:48,132
B00007559,U000689,C00004,start_learning,2026-08-16 10:43:48,1560
B00007560,U000965,C00080,buy,2026-08-02 18:30:48,3157
B00007561,U000428,C00006,finish,2026-08-22 04:13:48,1548
B00007562,U000127,C00096,favorite,2026-08-18 22:32:48,2217
B00007563,U000190,C00086,favorite,2026-08-16 10:32:48,424
B00007564,U000922,C00076,finish,2026-08-11 16:47:48,3341
B00007565,U000129,C00013,view,2026-08-30 04:55:48,2398
B00007566,U000857,C00035,finish,2026-08-22 11:01:48,400
B00007567,U000360,C00041,finish,2026-08-08 04:04:48,1261
B00007568,U000962,C00043,start_learning,2026-08-27 04:06:48,1075
B00007569,U000807,C00018,finish,2026-08-28 11:57:48,3502
B00007570,U000397,C00094,view,2026-08-15 23:00:48,1301
B00007571,U000515,C00001,view,2026-08-07 12:22:48,1743
B00007572,U000299,C00018,buy,2026-08-29 18:01:48,138
B00007573,U000972,C00030,buy,2026-08-04 13:53:48,2198
B00007574,U000264,C00010,finish,2026-08-25 11:52:48,1488
B00007575,U000183,C00042,buy,2026-08-18 00:34:48,2724
B00007576,U000101,C00066,finish,2026-08-03 03:30:48,3109
B00007577,U000384,C00022,finish,2026-08-04 08:54:48,2673
B00007578,U000385,C00021,buy,2026-08-04 00:55:48,2385
B00007579,U000806,C00024,start_learning,2026-08-24 06:21:48,3300
B00007580,U000428,C00023,buy,2026-08-15 01:24:48,2182
B00007581,U000556,C00030,favorite,2026-08-24 15:44:48,1062
B00007582,U000757,C00082,buy,2026-08-22 08:55:48,3585
B00007583,U000979,C00072,view,2026-08-06 18:58:48,395
B00007584,U000935,C00046,favorite,2026-08-15 21:27:48,3050
B00007585,U000100,C00046,view,2026-08-25 08:47:48,615
B00007586,U000038,C00057,favorite,2026-08-12 04:49:48,505
B00007587,U000529,C00077,finish,2026-08-16 06:54:48,1024
B00007588,U000048,C00090,start_learning,2026-08-30 02:28:48,2510
B00007589,U000761,C00056,view,2026-08-26 15:54:48,3497
B00007590,U000044,C00031,start_learning,2026-08-26 04:44:48,2801
B00007591,U000966,C00082,finish,2026-08-14 18:33:48,2241
B00007592,U000890,C00059,view,2026-08-25 23:33:48,3343
B00007593,U000182,C00050,finish,2026-08-13 10:36:48,430
B00007594,U000908,C00048,buy,2026-08-19 14:01:48,3369
B00007595,U000689,C00003,view,2026-08-18 20:52:48,3211
B00007596,U000129,C00065,view,2026-08-15 11:29:48,2820
B00007597,U000709,C00018,favorite,2026-08-13 10:52:48,1079
B00007598,U000183,C00035,favorite,2026-08-12 00:22:48,1984
B00007599,U000661,C00080,start_learning,2026-08-08 06:51:48,2942
B00007600,U000728,C00076,finish,2026-08-06 10:24:48,1992
B00007601,U000920,C00017,favorite,2026-08-31 19:10:48,2959
B00007602,U000565,C00097,start_learning,2026-08-26 06:01:48,2558
B00007603,U000589,C00074,view,2026-08-16 06:33:48,1494
B00007604,U000184,C00076,buy,2026-08-07 05:51:48,195
B00007605,U000204,C00036,buy,2026-08-19 05:27:48,2166
B00007606,U000012,C00014,start_learning,2026-08-05 13:22:48,129
B00007607,U000818,C00093,buy,2026-08-24 14:54:48,712
B00007608,U000545,C00091,view,2026-08-28 08:08:48,3137
B00007609,U000768,C00029,start_learning,2026-08-26 19:04:48,3363
B00007610,U000103,C00052,view,2026-08-09 16:48:48,1078
B00007611,U000128,C00045,buy,2026-08-29 09:58:48,1916
B00007612,U000827,C00080,favorite,2026-08-20 03:58:48,138
B00007613,U000296,C00080,buy,2026-08-19 14:32:48,2539
B00007614,U000892,C00090,buy,2026-08-15 19:34:48,415
B00007615,U000549,C00042,buy,2026-08-22 08:01:48,2568
B00007616,U000491,C00036,buy,2026-08-20 21:02:48,556
B00007617,U000864,C00065,finish,2026-08-24 02:18:48,3256
B00007618,U000142,C00039,start_learning,2026-08-11 12:14:48,929
B00007619,U000181,C00021,favorite,2026-08-28 23:04:48,2924
B00007620,U000325,C00100,favorite,2026-08-11 14:30:48,2099
B00007621,U000690,C00024,finish,2026-08-08 04:50:48,27
B00007622,U000337,C00095,start_learning,2026-08-20 21:37:48,1126
B00007623,U000728,C00081,start_learning,2026-08-31 11:11:48,1308
B00007624,U000012,C00065,buy,2026-08-04 06:00:48,552
B00007625,U000133,C00066,start_learning,2026-08-03 11:27:48,3048
B00007626,U000773,C00045,start_learning,2026-08-19 01:34:48,597
B00007627,U000374,C00011,view,2026-08-03 07:38:48,1146
B00007628,U000240,C00075,finish,2026-08-14 22:00:48,2870
B00007629,U000901,C00039,favorite,2026-08-09 14:37:48,900
B00007630,U000982,C00046,view,2026-08-12 08:47:48,1225
B00007631,U000755,C00034,view,2026-08-30 05:32:48,2438
B00007632,U000616,C00086,buy,2026-08-03 08:00:48,159
B00007633,U000500,C00011,favorite,2026-08-05 19:00:48,3201
B00007634,U000970,C00043,finish,2026-08-20 10:04:48,2076
B00007635,U000335,C00021,buy,2026-08-16 12:08:48,2687
B00007636,U000926,C00007,start_learning,2026-08-05 07:09:48,2916
B00007637,U000587,C00045,start_learning,2026-08-20 19:28:48,952
B00007638,U000811,C00058,buy,2026-08-19 17:28:48,996
B00007639,U000050,C00072,favorite,2026-08-28 08:15:48,947
B00007640,U000362,C00030,buy,2026-08-15 22:03:48,1770
B00007641,U000825,C00044,buy,2026-08-19 06:08:48,121
B00007642,U000813,C00017,finish,2026-08-05 03:48:48,1143
B00007643,U000763,C00016,start_learning,2026-08-05 16:52:48,1308
B00007644,U000340,C00076,buy,2026-08-18 06:37:48,2077
B00007645,U000530,C00053,start_learning,2026-08-17 21:18:48,2538
B00007646,U000596,C00002,finish,2026-08-06 07:45:48,2807
B00007647,U000931,C00075,view,2026-08-18 05:32:48,2466
B00007648,U000214,C00045,buy,2026-08-18 10:12:48,1473
B00007649,U000159,C00052,start_learning,2026-08-31 16:34:48,286
B00007650,U000648,C00028,view,2026-08-15 22:08:48,2090
B00007651,U000340,C00056,start_learning,2026-08-18 09:22:48,1397
B00007652,U000954,C00055,favorite,2026-08-26 01:21:48,555
B00007653,U000814,C00024,view,2026-08-07 18:17:48,3132
B00007654,U000954,C00084,favorite,2026-08-04 08:08:48,2778
B00007655,U000849,C00024,view,2026-08-11 09:24:48,2373
B00007656,U000634,C00007,start_learning,2026-08-06 17:55:48,2095
B00007657,U000947,C00084,favorite,2026-08-18 23:23:48,1370
B00007658,U000945,C00032,favorite,2026-08-21 11:37:48,567
B00007659,U000482,C00013,favorite,2026-08-23 09:03:48,3570
B00007660,U000302,C00092,view,2026-08-22 05:50:48,2224
B00007661,U000631,C00088,view,2026-08-12 10:50:48,3108
B00007662,U000507,C00066,view,2026-08-29 08:10:48,708
B00007663,U000653,C00048,view,2026-08-23 06:45:48,2141
B00007664,U000163,C00063,finish,2026-08-02 15:50:48,2863
B00007665,U000948,C00033,favorite,2026-08-23 22:50:48,2835
B00007666,U000715,C00100,start_learning,2026-08-25 05:44:48,1506
B00007667,U000679,C00027,finish,2026-08-19 02:26:48,1492
B00007668,U000070,C00079,start_learning,2026-08-18 13:33:48,3205
B00007669,U000751,C00001,view,2026-08-20 00:52:48,870
B00007670,U000070,C00003,finish,2026-08-04 23:15:48,2158
B00007671,U000311,C00072,finish,2026-08-23 04:52:48,1598
B00007672,U000349,C00082,finish,2026-08-25 06:17:48,1446
B00007673,U000875,C00063,view,2026-08-26 07:48:48,3158
B00007674,U000923,C00048,start_learning,2026-08-30 18:06:48,2929
B00007675,U000547,C00097,favorite,2026-08-04 12:47:48,3187
B00007676,U000847,C00023,start_learning,2026-08-09 15:47:48,2889
B00007677,U000866,C00073,buy,2026-08-11 22:28:48,3420
B00007678,U000868,C00012,view,2026-08-28 17:56:48,3375
B00007679,U000603,C00035,view,2026-08-10 22:40:48,2021
B00007680,U000477,C00074,view,2026-08-07 03:39:48,801
B00007681,U000017,C00006,favorite,2026-08-26 04:38:48,1332
B00007682,U000579,C00068,view,2026-08-10 07:07:48,655
B00007683,U000766,C00076,start_learning,2026-08-23 00:17:48,2243
B00007684,U000426,C00079,start_learning,2026-08-18 12:11:48,1357
B00007685,U000081,C00009,view,2026-08-15 23:44:48,2018
B00007686,U000119,C00069,finish,2026-08-27 05:08:48,657
B00007687,U000914,C00046,start_learning,2026-08-19 23:44:48,424
B00007688,U000188,C00080,buy,2026-08-30 10:26:48,3485
B00007689,U000853,C00049,view,2026-08-15 02:30:48,1320
B00007690,U000609,C00057,start_learning,2026-08-17 07:07:48,515
B00007691,U000844,C00060,start_learning,2026-08-07 13:00:48,3452
B00007692,U000148,C00084,favorite,2026-08-10 04:04:48,1282
B00007693,U000530,C00007,favorite,2026-08-30 20:49:48,2455
B00007694,U000460,C00070,view,2026-08-23 11:11:48,3209
B00007695,U000071,C00076,favorite,2026-08-24 23:37:48,3270
B00007696,U000142,C00055,finish,2026-08-02 18:52:48,43
B00007697,U000479,C00067,finish,2026-08-05 00:38:48,1221
B00007698,U000732,C00040,finish,2026-08-27 03:29:48,1105
B00007699,U000098,C00027,favorite,2026-08-18 22:20:48,3600
B00007700,U000499,C00049,finish,2026-08-23 11:42:48,526
B00007701,U000823,C00042,favorite,2026-08-31 18:31:48,1785
B00007702,U000117,C00002,start_learning,2026-08-15 08:54:48,490
B00007703,U000351,C00003,favorite,2026-08-31 07:41:48,3408
B00007704,U000778,C00041,buy,2026-08-09 21:13:48,266
B00007705,U000571,C00056,start_learning,2026-08-03 16:40:48,3100
B00007706,U000237,C00027,buy,2026-08-28 12:09:48,2900
B00007707,U000266,C00082,start_learning,2026-08-09 00:48:48,244
B00007708,U000215,C00024,view,2026-08-13 01:02:48,1562
B00007709,U000139,C00010,view,2026-08-16 08:09:48,2598
B00007710,U000591,C00024,finish,2026-08-04 04:52:48,1695
B00007711,U000505,C00018,finish,2026-08-02 19:08:48,955
B00007712,U000146,C00004,favorite,2026-08-20 13:36:48,3427
B00007713,U000868,C00022,view,2026-08-19 05:36:48,2052
B00007714,U000550,C00064,start_learning,2026-08-16 20:23:48,750
B00007715,U000207,C00039,buy,2026-08-13 23:15:48,1465
B00007716,U000520,C00075,view,2026-08-29 03:42:48,3447
B00007717,U000133,C00051,finish,2026-08-10 06:30:48,530
B00007718,U000688,C00053,start_learning,2026-08-03 16:01:48,712
B00007719,U000325,C00030,finish,2026-08-21 07:26:48,2403
B00007720,U000106,C00001,buy,2026-08-20 17:04:48,2791
B00007721,U000169,C00063,start_learning,2026-08-12 00:03:48,3135
B00007722,U000942,C00067,buy,2026-08-23 10:23:48,509
B00007723,U000056,C00093,finish,2026-08-16 11:09:48,3127
B00007724,U000132,C00001,buy,2026-08-05 20:21:48,1261
B00007725,U000407,C00079,buy,2026-08-21 22:26:48,38
B00007726,U000887,C00007,finish,2026-08-19 20:43:48,207
B00007727,U000210,C00027,finish,2026-08-13 18:52:48,3150
B00007728,U000613,C00016,buy,2026-08-09 03:01:48,152
B00007729,U000377,C00038,favorite,2026-08-09 00:47:48,2778
B00007730,U000666,C00100,favorite,2026-08-25 00:21:48,1232
B00007731,U000463,C00085,favorite,2026-08-14 07:00:48,1262
B00007732,U000724,C00081,buy,2026-08-28 04:22:48,273
B00007733,U000507,C00071,buy,2026-09-01 06:27:48,1449
B00007734,U000224,C00047,start_learning,2026-08-28 04:18:48,3036
B00007735,U000544,C00051,start_learning,2026-08-04 09:07:48,2157
B00007736,U000510,C00039,favorite,2026-08-29 00:48:48,1849
B00007737,U000583,C00096,favorite,2026-08-16 21:25:48,3153
B00007738,U000972,C00023,start_learning,2026-08-26 00:45:48,3459
B00007739,U000505,C00018,favorite,2026-08-19 04:42:48,2139
B00007740,U000489,C00003,start_learning,2026-08-04 23:29:48,1045
B00007741,U000645,C00028,favorite,2026-08-04 19:08:48,1608
B00007742,U000692,C00071,favorite,2026-08-22 18:41:48,2975
B00007743,U000487,C00038,start_learning,2026-08-15 05:19:48,153
B00007744,U000039,C00046,finish,2026-08-11 09:31:48,2517
B00007745,U000719,C00014,finish,2026-08-26 17:29:48,1723
B00007746,U000604,C00034,start_learning,2026-08-31 18:06:48,1137
B00007747,U000795,C00086,buy,2026-08-20 06:27:48,749
B00007748,U000681,C00051,buy,2026-08-15 14:02:48,2655
B00007749,U000802,C00073,favorite,2026-08-21 04:48:48,3424
B00007750,U000255,C00066,favorite,2026-08-24 21:29:48,1618
B00007751,U000179,C00022,finish,2026-08-18 22:08:48,1583
B00007752,U000163,C00091,favorite,2026-08-30 21:28:48,1765
B00007753,U000427,C00045,buy,2026-08-02 17:33:48,2121
B00007754,U000150,C00086,view,2026-08-19 18:42:48,162
B00007755,U000429,C00038,favorite,2026-08-29 13:02:48,3353
B00007756,U000274,C00035,favorite,2026-08-13 16:09:48,1883
B00007757,U000237,C00094,start_learning,2026-08-03 09:47:48,1524
B00007758,U000882,C00080,view,2026-08-09 07:00:48,1760
B00007759,U000625,C00038,favorite,2026-08-18 09:30:48,3345
B00007760,U000878,C00050,buy,2026-08-04 13:10:48,3335
B00007761,U000660,C00073,finish,2026-08-03 16:00:48,1048
B00007762,U000037,C00051,view,2026-08-07 11:51:48,1580
B00007763,U000241,C00092,start_learning,2026-08-25 18:22:48,2582
B00007764,U000601,C00079,buy,2026-08-31 12:13:48,2329
B00007765,U000872,C00009,view,2026-08-07 13:46:48,1992
B00007766,U000190,C00013,finish,2026-08-20 00:39:48,392
B00007767,U000732,C00035,favorite,2026-08-17 21:33:48,2944
B00007768,U000864,C00007,finish,2026-08-23 00:56:48,2280
B00007769,U000619,C00090,view,2026-08-12 05:36:48,3304
B00007770,U000942,C00032,start_learning,2026-08-06 04:32:48,2492
B00007771,U000028,C00048,finish,2026-08-24 16:50:48,3414
B00007772,U000190,C00093,view,2026-08-29 06:27:48,2088
B00007773,U000872,C00098,favorite,2026-08-26 02:56:48,3584
B00007774,U000575,C00078,favorite,2026-08-11 17:32:48,3453
B00007775,U000235,C00054,view,2026-08-13 04:47:48,3177
B00007776,U000383,C00091,finish,2026-08-23 19:16:48,3500
B00007777,U000766,C00067,favorite,2026-08-29 14:40:48,1835
B00007778,U000076,C00029,favorite,2026-08-11 18:57:48,750
B00007779,U000565,C00015,view,2026-08-31 22:14:48,1466
B00007780,U000291,C00002,view,2026-08-11 03:44:48,1472
B00007781,U000015,C00084,buy,2026-08-19 14:42:48,842
B00007782,U000927,C00052,favorite,2026-08-03 21:18:48,1348
B00007783,U000212,C00099,favorite,2026-08-18 07:28:48,2741
B00007784,U000201,C00070,finish,2026-08-28 10:59:48,3186
B00007785,U000287,C00012,favorite,2026-08-30 23:10:48,2355
B00007786,U000150,C00056,buy,2026-08-10 09:55:48,909
B00007787,U000778,C00096,favorite,2026-08-06 04:10:48,1089
B00007788,U000634,C00099,start_learning,2026-08-14 22:50:48,787
B00007789,U000065,C00019,favorite,2026-08-13 06:28:48,1944
B00007790,U000896,C00059,favorite,2026-08-07 20:55:48,3501
B00007791,U000767,C00085,favorite,2026-08-27 20:42:48,1399
B00007792,U000485,C00019,favorite,2026-08-22 05:17:48,48
B00007793,U000555,C00020,start_learning,2026-08-14 12:10:48,2315
B00007794,U000785,C00063,view,2026-08-25 04:34:48,657
B00007795,U000586,C00031,finish,2026-09-01 00:15:48,99
B00007796,U000715,C00092,favorite,2026-08-10 20:53:48,40
B00007797,U000819,C00087,favorite,2026-08-06 15:06:48,3477
B00007798,U000466,C00019,start_learning,2026-08-03 01:17:48,3362
B00007799,U000440,C00085,finish,2026-08-17 09:00:48,3251
B00007800,U000470,C00057,start_learning,2026-08-25 12:00:48,175
B00007801,U000017,C00098,view,2026-08-22 20:33:48,2291
B00007802,U000288,C00023,finish,2026-08-05 22:12:48,3212
B00007803,U000150,C00096,start_learning,2026-08-14 06:53:48,1740
B00007804,U000782,C00038,view,2026-08-22 09:44:48,1399
B00007805,U000523,C00070,view,2026-08-07 19:59:48,713
B00007806,U000337,C00094,view,2026-08-06 03:12:48,860
B00007807,U000511,C00019,buy,2026-08-22 05:01:48,2768
B00007808,U000343,C00091,view,2026-08-17 08:41:48,2043
B00007809,U000280,C00042,view,2026-08-23 16:14:48,2665
B00007810,U000785,C00068,buy,2026-08-09 11:29:48,1038
B00007811,U000752,C00071,start_learning,2026-09-01 09:09:48,200
B00007812,U000390,C00021,favorite,2026-08-15 14:17:48,716
B00007813,U001000,C00016,buy,2026-08-03 09:18:48,1604
B00007814,U000287,C00075,view,2026-08-30 05:55:48,1972
B00007815,U000008,C00025,start_learning,2026-08-24 02:21:48,93
B00007816,U000741,C00088,favorite,2026-08-11 01:20:48,1447
B00007817,U000717,C00085,start_learning,2026-08-26 13:37:48,399
B00007818,U000659,C00057,view,2026-08-09 02:39:48,2697
B00007819,U000556,C00042,finish,2026-08-30 01:47:48,3031
B00007820,U000594,C00048,favorite,2026-08-11 22:28:48,2411
B00007821,U000811,C00026,view,2026-09-01 13:28:48,3131
B00007822,U000713,C00062,start_learning,2026-09-01 05:16:48,748
B00007823,U000185,C00069,buy,2026-08-22 01:48:48,2349
B00007824,U000519,C00006,finish,2026-08-28 02:58:48,2415
B00007825,U000451,C00004,finish,2026-08-27 19:31:48,272
B00007826,U000028,C00004,favorite,2026-08-19 00:51:48,3556
B00007827,U000647,C00027,start_learning,2026-08-12 21:50:48,3296
B00007828,U000380,C00099,finish,2026-08-15 09:07:48,1533
B00007829,U000902,C00024,finish,2026-08-28 06:14:48,2971
B00007830,U000412,C00039,start_learning,2026-08-09 09:54:48,2562
B00007831,U000015,C00094,view,2026-08-30 07:34:48,893
B00007832,U000774,C00094,view,2026-08-26 16:26:48,3354
B00007833,U000874,C00092,start_learning,2026-08-29 04:58:48,1312
B00007834,U000847,C00050,view,2026-08-10 06:08:48,1803
B00007835,U000042,C00049,favorite,2026-08-13 03:12:48,2892
B00007836,U000864,C00044,favorite,2026-08-31 06:34:48,2141
B00007837,U000137,C00047,start_learning,2026-08-14 04:33:48,408
B00007838,U000428,C00097,start_learning,2026-08-21 23:15:48,822
B00007839,U000558,C00063,favorite,2026-08-17 20:38:48,1885
B00007840,U000203,C00075,favorite,2026-08-14 13:00:48,2983
B00007841,U000798,C00034,finish,2026-08-08 10:10:48,2808
B00007842,U000686,C00089,start_learning,2026-08-18 03:56:48,2773
B00007843,U000460,C00003,favorite,2026-08-03 10:39:48,2022
B00007844,U000820,C00036,buy,2026-08-04 19:06:48,3543
B00007845,U000693,C00090,start_learning,2026-08-29 00:42:48,594
B00007846,U000607,C00015,favorite,2026-08-18 09:33:48,2652
B00007847,U000111,C00020,view,2026-08-03 20:08:48,758
B00007848,U000334,C00092,favorite,2026-08-06 22:11:48,1652
B00007849,U000161,C00072,finish,2026-08-08 00:45:48,2497
B00007850,U000984,C00011,start_learning,2026-08-18 13:36:48,2797
B00007851,U000584,C00065,buy,2026-08-11 13:24:48,2102
B00007852,U000090,C00008,start_learning,2026-08-30 08:11:48,3092
B00007853,U000150,C00078,start_learning,2026-08-03 02:35:48,2968
B00007854,U000160,C00054,buy,2026-08-09 22:43:48,1714
B00007855,U000491,C00001,favorite,2026-08-10 21:40:48,3059
B00007856,U000321,C00085,finish,2026-08-02 16:42:48,2790
B00007857,U000055,C00097,view,2026-08-28 11:52:48,424
B00007858,U000303,C00082,finish,2026-08-21 17:44:48,242
B00007859,U000393,C00010,buy,2026-08-08 02:49:48,42
B00007860,U000399,C00004,start_learning,2026-08-05 22:51:48,1184
B00007861,U000814,C00020,start_learning,2026-08-23 18:02:48,1648
B00007862,U000749,C00075,start_learning,2026-08-19 15:08:48,2440
B00007863,U000306,C00033,view,2026-08-11 13:57:48,3025
B00007864,U000597,C00001,view,2026-08-19 10:39:48,3267
B00007865,U000457,C00018,buy,2026-08-13 12:31:48,2913
B00007866,U000184,C00054,start_learning,2026-08-19 21:05:48,2503
B00007867,U000068,C00081,view,2026-08-17 08:24:48,2290
B00007868,U000879,C00066,finish,2026-08-30 20:22:48,3320
B00007869,U000562,C00048,view,2026-08-25 05:46:48,1599
B00007870,U000962,C00028,view,2026-09-01 03:19:48,37
B00007871,U000409,C00064,finish,2026-08-28 04:01:48,176
B00007872,U000530,C00066,finish,2026-08-12 18:47:48,1195
B00007873,U000787,C00040,favorite,2026-08-09 03:13:48,1449
B00007874,U000151,C00048,finish,2026-08-12 07:07:48,278
B00007875,U000008,C00060,buy,2026-08-09 23:08:48,602
B00007876,U000802,C00075,finish,2026-08-21 01:43:48,2635
B00007877,U000696,C00044,buy,2026-08-05 10:45:48,1857
B00007878,U000491,C00088,finish,2026-08-08 18:46:48,28
B00007879,U000762,C00023,view,2026-08-19 12:48:48,650
B00007880,U000060,C00079,finish,2026-08-26 19:29:48,2569
B00007881,U000504,C00079,finish,2026-08-27 06:31:48,2354
B00007882,U000635,C00060,buy,2026-08-19 07:51:48,2158
B00007883,U000556,C00064,buy,2026-08-25 01:37:48,3294
B00007884,U000085,C00010,view,2026-08-09 19:38:48,1496
B00007885,U000730,C00078,favorite,2026-08-05 08:11:48,2838
B00007886,U000512,C00047,finish,2026-08-17 13:45:48,1253
B00007887,U000325,C00053,start_learning,2026-08-17 23:56:48,3399
B00007888,U000008,C00041,favorite,2026-08-11 08:27:48,2906
B00007889,U000715,C00092,view,2026-08-22 22:25:48,254
B00007890,U000956,C00029,buy,2026-08-13 01:43:48,2503
B00007891,U000464,C00066,buy,2026-08-27 13:00:48,558
B00007892,U000476,C00024,start_learning,2026-08-25 10:47:48,2846
B00007893,U000746,C00035,view,2026-08-06 10:03:48,1748
B00007894,U000540,C00001,favorite,2026-08-31 05:53:48,3588
B00007895,U000990,C00035,view,2026-08-07 22:50:48,2914
B00007896,U000948,C00008,finish,2026-08-25 00:56:48,2607
B00007897,U000374,C00025,finish,2026-09-01 08:03:48,190
B00007898,U000280,C00010,start_learning,2026-08-12 08:53:48,469
B00007899,U000506,C00089,buy,2026-08-30 23:49:48,741
B00007900,U000068,C00015,finish,2026-08-27 23:15:48,3506
B00007901,U000240,C00008,finish,2026-08-28 02:35:48,2616
B00007902,U000965,C00100,finish,2026-08-21 10:18:48,1827
B00007903,U000822,C00063,favorite,2026-08-05 08:54:48,2374
B00007904,U000046,C00036,view,2026-08-15 13:33:48,613
B00007905,U000916,C00015,start_learning,2026-08-25 01:30:48,2136
B00007906,U000284,C00055,start_learning,2026-08-13 04:13:48,2435
B00007907,U000437,C00036,finish,2026-08-20 00:39:48,1924
B00007908,U000585,C00100,view,2026-08-09 14:15:48,2128
B00007909,U000917,C00071,finish,2026-08-04 09:30:48,3072
B00007910,U000470,C00024,buy,2026-08-04 05:56:48,577
B00007911,U000881,C00065,favorite,2026-08-28 02:05:48,263
B00007912,U000400,C00078,favorite,2026-08-27 18:46:48,2742
B00007913,U000608,C00004,view,2026-08-22 11:28:48,2045
B00007914,U000429,C00069,view,2026-08-04 19:27:48,943
B00007915,U000816,C00082,view,2026-08-13 06:32:48,2189
B00007916,U000231,C00026,buy,2026-08-04 03:25:48,76
B00007917,U000880,C00070,view,2026-08-30 03:28:48,572
B00007918,U000472,C00016,buy,2026-08-10 00:27:48,3445
B00007919,U000412,C00026,start_learning,2026-08-31 17:55:48,1951
B00007920,U000117,C00075,start_learning,2026-08-22 20:28:48,1918
B00007921,U000847,C00096,view,2026-08-27 14:49:48,3267
B00007922,U000577,C00049,favorite,2026-08-17 00:51:48,240
B00007923,U000888,C00083,view,2026-08-04 09:17:48,3124
B00007924,U000759,C00046,buy,2026-08-06 19:56:48,1056
B00007925,U000724,C00077,view,2026-08-13 17:20:48,2119
B00007926,U000346,C00098,buy,2026-08-31 17:24:48,1462
B00007927,U000310,C00067,favorite,2026-08-15 02:18:48,214
B00007928,U000684,C00002,start_learning,2026-08-12 21:20:48,1351
B00007929,U000285,C00079,finish,2026-08-19 22:13:48,3038
B00007930,U000719,C00052,finish,2026-08-23 20:49:48,1647
B00007931,U000347,C00036,favorite,2026-08-17 17:03:48,2361
B00007932,U000310,C00011,finish,2026-08-13 07:25:48,2389
B00007933,U000611,C00009,view,2026-08-20 18:16:48,1293
B00007934,U000477,C00030,favorite,2026-08-22 04:40:48,3024
B00007935,U000619,C00020,start_learning,2026-08-06 15:01:48,657
B00007936,U000247,C00011,start_learning,2026-08-26 11:36:48,663
B00007937,U000518,C00058,start_learning,2026-08-22 00:40:48,1533
B00007938,U000500,C00091,finish,2026-08-28 19:35:48,641
B00007939,U000919,C00005,start_learning,2026-08-31 18:10:48,3176
B00007940,U000661,C00022,favorite,2026-08-28 21:32:48,514
B00007941,U000600,C00088,favorite,2026-08-03 15:12:48,1697
B00007942,U000412,C00031,favorite,2026-08-03 22:41:48,1125
B00007943,U000438,C00010,view,2026-08-25 00:49:48,3493
B00007944,U000003,C00044,finish,2026-08-12 07:24:48,997
B00007945,U000312,C00064,favorite,2026-08-12 22:45:48,954
B00007946,U000634,C00008,buy,2026-08-06 10:25:48,119
B00007947,U000468,C00053,finish,2026-08-03 00:26:48,2242
B00007948,U000933,C00094,view,2026-08-13 07:52:48,3440
B00007949,U000291,C00036,buy,2026-08-26 19:34:48,2705
B00007950,U000074,C00089,finish,2026-08-12 03:13:48,1846
B00007951,U000668,C00052,favorite,2026-08-04 15:55:48,46
B00007952,U000920,C00009,view,2026-08-16 21:53:48,1543
B00007953,U000684,C00098,view,2026-08-14 21:20:48,1563
B00007954,U000088,C00001,buy,2026-08-09 04:42:48,1495
B00007955,U000114,C00089,start_learning,2026-08-25 14:38:48,638
B00007956,U000510,C00059,start_learning,2026-08-28 00:09:48,1597
B00007957,U000509,C00035,buy,2026-08-18 08:50:48,408
B00007958,U000739,C00090,start_learning,2026-08-26 21:10:48,1505
B00007959,U000911,C00050,buy,2026-08-15 08:01:48,1346
B00007960,U000194,C00097,finish,2026-08-07 08:59:48,2681
B00007961,U000506,C00091,buy,2026-08-19 20:08:48,2875
B00007962,U000014,C00093,start_learning,2026-08-18 17:37:48,722
B00007963,U000246,C00089,start_learning,2026-08-16 18:09:48,750
B00007964,U000320,C00043,buy,2026-08-21 13:49:48,1937
B00007965,U000338,C00069,buy,2026-08-08 13:18:48,939
B00007966,U000544,C00030,buy,2026-08-09 18:06:48,2888
B00007967,U000116,C00076,start_learning,2026-08-09 13:27:48,2216
B00007968,U000339,C00082,start_learning,2026-08-30 06:59:48,2700
B00007969,U000641,C00012,start_learning,2026-08-21 11:38:48,3411
B00007970,U000300,C00001,view,2026-08-18 08:12:48,11
B00007971,U000761,C00044,favorite,2026-08-30 19:37:48,1720
B00007972,U000536,C00097,favorite,2026-08-12 17:06:48,1901
B00007973,U000099,C00063,start_learning,2026-08-29 00:45:48,3078
B00007974,U000472,C00020,favorite,2026-09-01 13:10:48,1231
B00007975,U000034,C00075,start_learning,2026-08-18 19:00:48,1197
B00007976,U000246,C00071,start_learning,2026-08-11 16:10:48,1581
B00007977,U000480,C00055,finish,2026-08-04 21:46:48,3387
B00007978,U000005,C00076,favorite,2026-08-09 17:48:48,791
B00007979,U000143,C00053,finish,2026-08-06 21:27:48,6
B00007980,U000035,C00038,finish,2026-08-24 15:24:48,3527
B00007981,U000566,C00042,start_learning,2026-08-18 21:59:48,2454
B00007982,U000017,C00012,buy,2026-08-07 09:03:48,2178
B00007983,U000187,C00083,buy,2026-08-18 20:54:48,634
B00007984,U000983,C00014,favorite,2026-08-07 11:20:48,1171
B00007985,U000969,C00005,view,2026-08-08 20:09:48,243
B00007986,U000943,C00040,view,2026-08-09 08:11:48,533
B00007987,U000102,C00051,buy,2026-08-27 11:11:48,2269
B00007988,U000005,C00089,view,2026-08-04 17:34:48,1787
B00007989,U000887,C00062,buy,2026-08-04 19:31:48,2268
B00007990,U000556,C00002,start_learning,2026-08-12 04:26:48,2769
B00007991,U000187,C00100,finish,2026-08-17 00:09:48,1202
B00007992,U000205,C00028,favorite,2026-08-15 05:14:48,552
B00007993,U000514,C00072,view,2026-08-26 07:29:48,251
B00007994,U000205,C00082,finish,2026-08-30 04:14:48,2681
B00007995,U000959,C00006,buy,2026-08-16 14:44:48,649
B00007996,U000163,C00032,buy,2026-08-05 23:15:48,633
B00007997,U000539,C00094,finish,2026-08-03 18:36:48,283
B00007998,U000094,C00085,view,2026-08-07 20:12:48,1555
B00007999,U000643,C00027,finish,2026-08-27 07:20:48,1904
B00008000,U000132,C00053,finish,2026-08-29 04:41:48,1192
B00008001,U000675,C00051,buy,2026-08-06 04:26:48,3448
B00008002,U000176,C00064,start_learning,2026-08-12 18:08:48,391
B00008003,U000644,C00089,favorite,2026-08-03 06:00:48,3387
B00008004,U000181,C00098,finish,2026-08-09 14:04:48,2954
B00008005,U000954,C00021,buy,2026-08-03 03:17:48,2199
B00008006,U000454,C00072,favorite,2026-09-01 09:03:48,1035
B00008007,U000647,C00033,start_learning,2026-08-11 06:50:48,109
B00008008,U000718,C00072,buy,2026-08-15 07:37:48,943
B00008009,U000065,C00049,buy,2026-08-17 20:20:48,1075
B00008010,U000942,C00100,finish,2026-08-20 06:33:48,20
B00008011,U000032,C00005,start_learning,2026-08-29 23:48:48,867
B00008012,U000375,C00086,start_learning,2026-08-22 07:29:48,1886
B00008013,U000818,C00042,view,2026-08-25 08:34:48,3264
B00008014,U000051,C00018,buy,2026-08-16 00:10:48,1867
B00008015,U000261,C00074,favorite,2026-08-05 16:23:48,2344
B00008016,U000187,C00047,favorite,2026-08-26 02:01:48,1961
B00008017,U000758,C00046,start_learning,2026-08-12 03:24:48,202
B00008018,U000386,C00008,start_learning,2026-08-26 15:43:48,1670
B00008019,U000201,C00053,finish,2026-08-04 09:24:48,2473
B00008020,U000618,C00052,buy,2026-08-27 06:39:48,2413
B00008021,U000896,C00071,view,2026-08-31 14:11:48,437
B00008022,U000262,C00005,view,2026-08-22 05:21:48,322
B00008023,U000154,C00018,favorite,2026-08-27 00:32:48,2235
B00008024,U000021,C00063,buy,2026-08-25 04:03:48,2330
B00008025,U000865,C00044,favorite,2026-08-14 16:14:48,1456
B00008026,U000124,C00078,start_learning,2026-08-13 22:33:48,3006
B00008027,U000861,C00097,favorite,2026-08-06 17:05:48,246
B00008028,U000926,C00051,favorite,2026-08-31 12:06:48,1576
B00008029,U000995,C00084,finish,2026-08-17 07:18:48,1743
B00008030,U000594,C00068,view,2026-08-27 23:37:48,2571
B00008031,U000236,C00034,finish,2026-08-19 23:52:48,3071
B00008032,U000210,C00072,favorite,2026-08-26 04:31:48,748
B00008033,U000422,C00064,favorite,2026-08-12 16:00:48,3097
B00008034,U000217,C00073,view,2026-08-29 05:16:48,743
B00008035,U000081,C00100,view,2026-08-31 12:09:48,1264
B00008036,U000612,C00082,start_learning,2026-08-17 04:14:48,1108
B00008037,U000408,C00054,finish,2026-08-24 10:54:48,588
B00008038,U000671,C00082,buy,2026-08-27 20:09:48,336
B00008039,U000997,C00048,finish,2026-08-19 23:43:48,641
B00008040,U000349,C00073,finish,2026-08-28 01:23:48,2659
B00008041,U000272,C00010,favorite,2026-08-07 07:41:48,153
B00008042,U000912,C00015,finish,2026-08-26 03:55:48,1340
B00008043,U000118,C00080,start_learning,2026-08-17 03:37:48,3079
B00008044,U000526,C00083,start_learning,2026-08-15 12:36:48,690
B00008045,U000177,C00019,favorite,2026-08-08 18:00:48,307
B00008046,U000515,C00019,view,2026-08-26 10:23:48,3383
B00008047,U000530,C00030,buy,2026-08-27 13:42:48,177
B00008048,U000165,C00008,view,2026-08-10 05:34:48,512
B00008049,U000655,C00094,buy,2026-08-14 22:57:48,2584
B00008050,U000178,C00049,buy,2026-08-29 22:37:48,312
B00008051,U000741,C00065,finish,2026-08-15 10:48:48,2206
B00008052,U000032,C00051,view,2026-08-22 22:27:48,2166
B00008053,U000092,C00061,start_learning,2026-08-29 07:59:48,3558
B00008054,U000606,C00013,view,2026-08-27 06:49:48,375
B00008055,U000381,C00053,start_learning,2026-09-01 05:45:48,1179
B00008056,U000220,C00091,buy,2026-08-05 06:30:48,675
B00008057,U000962,C00003,start_learning,2026-08-06 18:26:48,762
B00008058,U000589,C00064,view,2026-08-06 04:21:48,3382
B00008059,U000482,C00072,finish,2026-08-26 12:45:48,2673
B00008060,U000572,C00063,start_learning,2026-08-20 12:26:48,398
B00008061,U000899,C00065,finish,2026-08-03 07:56:48,1902
B00008062,U000674,C00025,view,2026-08-30 13:34:48,669
B00008063,U000999,C00021,buy,2026-08-13 18:36:48,2324
B00008064,U000990,C00077,finish,2026-08-22 12:30:48,3316
B00008065,U000432,C00031,start_learning,2026-08-04 01:08:48,2468
B00008066,U000396,C00046,finish,2026-08-03 13:28:48,2243
B00008067,U000411,C00014,start_learning,2026-08-17 04:12:48,1598
B00008068,U000139,C00045,start_learning,2026-08-17 03:37:48,1986
B00008069,U000320,C00035,view,2026-08-07 20:51:48,3116
B00008070,U000302,C00019,finish,2026-08-28 20:12:48,1803
B00008071,U000464,C00088,finish,2026-08-16 10:28:48,2579
B00008072,U000622,C00042,finish,2026-08-29 04:44:48,3284
B00008073,U000108,C00018,view,2026-08-26 10:36:48,2076
B00008074,U000534,C00041,finish,2026-08-24 04:52:48,929
B00008075,U000655,C00014,view,2026-08-03 10:35:48,1561
B00008076,U000062,C00037,finish,2026-08-09 12:18:48,2118
B00008077,U000585,C00015,view,2026-08-27 16:06:48,1127
B00008078,U000019,C00016,favorite,2026-08-10 00:32:48,2369
B00008079,U000615,C00014,favorite,2026-08-13 01:32:48,124
B00008080,U000021,C00088,view,2026-08-24 13:08:48,3225
B00008081,U000874,C00056,view,2026-08-11 01:50:48,3196
B00008082,U000448,C00058,view,2026-08-03 10:47:48,1068
B00008083,U000506,C00095,finish,2026-08-06 22:51:48,3597
B00008084,U000839,C00006,favorite,2026-08-08 09:50:48,2765
B00008085,U000332,C00062,buy,2026-08-17 21:31:48,3529
B00008086,U000083,C00052,start_learning,2026-08-19 04:24:48,974
B00008087,U000195,C00078,view,2026-08-14 01:15:48,1617
B00008088,U000291,C00068,start_learning,2026-08-11 19:12:48,191
B00008089,U000522,C00039,view,2026-08-17 15:34:48,941
B00008090,U000350,C00054,start_learning,2026-08-17 11:49:48,3059
B00008091,U000503,C00014,finish,2026-08-20 03:27:48,74
B00008092,U000916,C00030,favorite,2026-08-27 14:49:48,3527
B00008093,U000795,C00044,finish,2026-08-06 01:12:48,3566
B00008094,U000811,C00023,view,2026-08-29 14:19:48,1470
B00008095,U000061,C00031,buy,2026-08-28 05:58:48,1365
B00008096,U000812,C00052,start_learning,2026-08-14 17:51:48,3046
B00008097,U000174,C00028,favorite,2026-08-16 14:18:48,1967
B00008098,U000638,C00036,buy,2026-09-01 12:56:48,1839
B00008099,U000970,C00038,start_learning,2026-08-16 19:57:48,345
B00008100,U000396,C00099,view,2026-08-08 02:18:48,3291
B00008101,U000358,C00053,finish,2026-08-22 02:47:48,2836
B00008102,U000946,C00079,start_learning,2026-09-01 00:59:48,2933
B00008103,U000821,C00001,favorite,2026-08-15 03:09:48,2790
B00008104,U000189,C00077,view,2026-08-22 00:41:48,1689
B00008105,U000428,C00017,buy,2026-08-15 13:06:48,1192
B00008106,U000625,C00017,buy,2026-08-31 17:00:48,143
B00008107,U000882,C00009,finish,2026-08-03 14:20:48,1410
B00008108,U000316,C00070,start_learning,2026-08-31 00:12:48,2921
B00008109,U000865,C00025,favorite,2026-08-12 01:05:48,1841
B00008110,U000156,C00099,start_learning,2026-08-14 19:48:48,1906
B00008111,U000667,C00001,buy,2026-08-28 12:51:48,1746
B00008112,U000833,C00007,start_learning,2026-08-08 07:59:48,349
B00008113,U000390,C00088,finish,2026-09-01 05:30:48,269
B00008114,U000395,C00085,favorite,2026-08-17 10:45:48,2398
B00008115,U000860,C00057,favorite,2026-08-16 23:07:48,1052
B00008116,U000047,C00033,favorite,2026-08-20 01:40:48,825
B00008117,U000710,C00099,start_learning,2026-08-05 19:50:48,1892
B00008118,U000738,C00097,buy,2026-08-19 04:10:48,3
B00008119,U000358,C00076,finish,2026-08-06 20:46:48,3375
B00008120,U000924,C00050,buy,2026-08-06 17:02:48,935
B00008121,U000177,C00056,start_learning,2026-08-28 18:14:48,817
B00008122,U000512,C00009,buy,2026-08-23 08:37:48,3180
B00008123,U000884,C00034,buy,2026-08-04 04:25:48,286
B00008124,U000330,C00046,view,2026-08-20 09:23:48,2930
B00008125,U000069,C00032,finish,2026-08-03 18:50:48,2807
B00008126,U000085,C00058,view,2026-08-12 23:53:48,1426
B00008127,U000637,C00070,finish,2026-08-23 13:54:48,3443
B00008128,U000856,C00009,favorite,2026-08-30 16:55:48,1525
B00008129,U000059,C00056,buy,2026-08-16 19:34:48,2175
B00008130,U000666,C00088,favorite,2026-08-06 21:48:48,3220
B00008131,U000901,C00100,view,2026-08-23 19:27:48,2002
B00008132,U000705,C00032,buy,2026-08-08 02:20:48,2708
B00008133,U000151,C00100,start_learning,2026-08-20 23:50:48,445
B00008134,U000828,C00009,buy,2026-08-20 22:41:48,1812
B00008135,U000533,C00076,view,2026-08-17 11:44:48,891
B00008136,U000094,C00051,favorite,2026-08-06 22:31:48,1402
B00008137,U000335,C00052,view,2026-08-11 11:55:48,479
B00008138,U000861,C00079,start_learning,2026-08-12 20:48:48,412
B00008139,U000599,C00036,buy,2026-08-29 20:53:48,2590
B00008140,U000405,C00009,view,2026-08-18 09:26:48,563
B00008141,U000691,C00059,buy,2026-08-13 13:33:48,2392
B00008142,U000072,C00091,start_learning,2026-08-20 17:29:48,2815
B00008143,U000280,C00017,buy,2026-08-30 23:09:48,2359
B00008144,U000866,C00071,buy,2026-08-29 08:16:48,3363
B00008145,U000710,C00084,view,2026-08-08 16:10:48,872
B00008146,U000652,C00032,favorite,2026-08-19 09:03:48,1363
B00008147,U000626,C00002,start_learning,2026-08-13 17:09:48,243
B00008148,U000205,C00040,view,2026-08-27 17:21:48,1892
B00008149,U000051,C00080,start_learning,2026-08-18 16:24:48,2087
B00008150,U000634,C00096,start_learning,2026-09-01 11:42:48,1243
B00008151,U000881,C00056,view,2026-08-21 07:54:48,3024
B00008152,U000639,C00070,buy,2026-08-07 23:28:48,3223
B00008153,U000248,C00072,view,2026-08-07 01:58:48,3327
B00008154,U000964,C00039,finish,2026-08-26 03:02:48,1765
B00008155,U000019,C00036,favorite,2026-08-15 11:47:48,3424
B00008156,U000444,C00028,start_learning,2026-08-10 22:49:48,2837
B00008157,U000585,C00001,buy,2026-08-26 23:09:48,855
B00008158,U000305,C00090,start_learning,2026-08-09 23:36:48,733
B00008159,U000208,C00038,finish,2026-08-21 06:58:48,2371
B00008160,U000327,C00001,finish,2026-08-25 20:39:48,2280
B00008161,U000776,C00020,view,2026-08-25 18:25:48,281
B00008162,U000070,C00075,start_learning,2026-08-26 16:38:48,2048
B00008163,U000916,C00091,start_learning,2026-08-28 03:54:48,1078
B00008164,U000100,C00008,finish,2026-08-17 02:42:48,1680
B00008165,U000100,C00096,buy,2026-08-22 20:49:48,961
B00008166,U000891,C00071,view,2026-08-21 16:58:48,2866
B00008167,U000781,C00091,buy,2026-08-30 23:28:48,3597
B00008168,U000807,C00004,start_learning,2026-08-27 10:16:48,683
B00008169,U000423,C00012,buy,2026-08-28 21:33:48,2994
B00008170,U000041,C00090,start_learning,2026-08-15 03:57:48,2896
B00008171,U000919,C00001,buy,2026-08-05 23:16:48,2561
B00008172,U000087,C00066,favorite,2026-08-07 19:15:48,1351
B00008173,U000163,C00077,buy,2026-08-23 06:49:48,3356
B00008174,U000982,C00055,view,2026-08-28 14:54:48,1756
B00008175,U000220,C00004,view,2026-08-23 17:42:48,703
B00008176,U000594,C00042,favorite,2026-08-18 10:29:48,3455
B00008177,U000205,C00099,view,2026-08-02 15:46:48,1099
B00008178,U000906,C00062,finish,2026-08-15 03:59:48,1867
B00008179,U000216,C00035,start_learning,2026-08-15 22:18:48,2632
B00008180,U000635,C00012,finish,2026-08-19 20:21:48,257
B00008181,U000510,C00001,start_learning,2026-08-21 23:41:48,1448
B00008182,U000717,C00039,start_learning,2026-08-21 21:57:48,2289
B00008183,U000796,C00036,favorite,2026-08-21 08:26:48,3274
B00008184,U000496,C00099,view,2026-08-26 04:43:48,2651
B00008185,U000860,C00030,view,2026-08-25 17:32:48,2464
B00008186,U000123,C00097,favorite,2026-08-29 14:49:48,607
B00008187,U000591,C00022,favorite,2026-08-19 04:18:48,2998
B00008188,U000950,C00011,view,2026-08-12 06:19:48,877
B00008189,U000352,C00100,finish,2026-08-25 07:33:48,1564
B00008190,U000486,C00049,view,2026-08-31 01:54:48,1750
B00008191,U000598,C00038,finish,2026-08-10 02:02:48,383
B00008192,U000076,C00057,finish,2026-08-03 05:57:48,600
B00008193,U000624,C00037,start_learning,2026-08-17 11:00:48,3064
B00008194,U000395,C00070,view,2026-08-23 08:39:48,2767
B00008195,U000003,C00031,view,2026-08-06 13:40:48,3205
B00008196,U000134,C00008,finish,2026-08-16 03:26:48,1278
B00008197,U000563,C00030,finish,2026-08-12 10:02:48,131
B00008198,U000820,C00023,start_learning,2026-08-18 18:50:48,2279
B00008199,U000528,C00056,finish,2026-08-05 17:20:48,568
B00008200,U000793,C00072,start_learning,2026-09-01 05:09:48,1774
B00008201,U000635,C00001,start_learning,2026-08-18 04:16:48,1478
B00008202,U000859,C00042,favorite,2026-08-23 14:30:48,1191
B00008203,U000908,C00067,view,2026-08-06 01:06:48,1519
B00008204,U000290,C00041,start_learning,2026-08-20 07:40:48,1008
B00008205,U000218,C00028,start_learning,2026-08-25 01:43:48,2589
B00008206,U000385,C00080,finish,2026-08-03 08:11:48,3157
B00008207,U000417,C00055,finish,2026-08-24 08:13:48,3069
B00008208,U000255,C00064,buy,2026-08-19 09:49:48,61
B00008209,U000935,C00042,finish,2026-08-22 04:56:48,294
B00008210,U000989,C00072,finish,2026-08-05 11:32:48,320
B00008211,U000650,C00022,start_learning,2026-08-15 10:15:48,1173
B00008212,U000763,C00002,buy,2026-08-11 16:36:48,1863
B00008213,U000223,C00082,view,2026-08-19 23:04:48,532
B00008214,U000333,C00030,finish,2026-08-13 08:10:48,2710
B00008215,U000238,C00018,favorite,2026-08-20 07:22:48,1975
B00008216,U000105,C00015,buy,2026-08-20 10:45:48,1937
B00008217,U000038,C00038,buy,2026-08-12 03:47:48,3139
B00008218,U000075,C00020,finish,2026-08-22 10:09:48,1486
B00008219,U000541,C00068,finish,2026-08-10 00:29:48,3079
B00008220,U000187,C00077,buy,2026-08-25 04:14:48,492
B00008221,U000417,C00092,buy,2026-08-23 15:16:48,679
B00008222,U000362,C00068,buy,2026-08-10 03:57:48,2318
B00008223,U000818,C00066,view,2026-08-12 15:07:48,492
B00008224,U000764,C00092,start_learning,2026-08-06 04:28:48,796
B00008225,U000666,C00099,view,2026-08-08 16:58:48,1438
B00008226,U000568,C00040,finish,2026-08-29 21:28:48,558
B00008227,U000656,C00083,finish,2026-08-03 02:44:48,2909
B00008228,U000480,C00043,buy,2026-08-03 23:56:48,340
B00008229,U000694,C00015,finish,2026-08-03 17:00:48,743
B00008230,U000990,C00064,buy,2026-08-23 00:45:48,2926
B00008231,U000168,C00009,start_learning,2026-08-18 08:47:48,2190
B00008232,U000567,C00041,favorite,2026-08-26 19:04:48,2856
B00008233,U000637,C00026,buy,2026-08-12 09:20:48,1607
B00008234,U000144,C00042,view,2026-08-31 23:23:48,2331
B00008235,U000230,C00077,finish,2026-08-06 23:26:48,2686
B00008236,U000598,C00087,view,2026-08-31 20:45:48,3410
B00008237,U000641,C00077,start_learning,2026-08-11 15:47:48,372
B00008238,U000129,C00022,finish,2026-08-08 00:20:48,0
B00008239,U000128,C00088,favorite,2026-08-12 02:07:48,1445
B00008240,U000840,C00085,start_learning,2026-08-18 16:50:48,2948
B00008241,U000489,C00046,favorite,2026-08-08 16:32:48,2586
B00008242,U000307,C00016,favorite,2026-08-19 12:03:48,3585
B00008243,U000574,C00004,finish,2026-08-10 20:21:48,2031
B00008244,U000395,C00037,buy,2026-08-25 06:58:48,1900
B00008245,U000671,C00020,view,2026-08-22 16:26:48,3145
B00008246,U000207,C00009,view,2026-08-29 17:57:48,1687
B00008247,U000377,C00084,view,2026-08-17 23:40:48,1027
B00008248,U000002,C00074,view,2026-08-03 12:32:48,3367
B00008249,U000793,C00003,start_learning,2026-08-11 02:40:48,2258
B00008250,U000877,C00063,start_learning,2026-08-31 22:57:48,557
B00008251,U000017,C00096,start_learning,2026-08-15 09:12:48,1445
B00008252,U000369,C00081,finish,2026-08-22 05:49:48,1195
B00008253,U000303,C00087,finish,2026-08-03 13:24:48,2698
B00008254,U000357,C00059,favorite,2026-08-04 15:51:48,2470
B00008255,U000287,C00064,favorite,2026-08-15 12:30:48,2197
B00008256,U000071,C00029,favorite,2026-08-26 00:36:48,2891
B00008257,U000844,C00010,buy,2026-08-30 10:30:48,3367
B00008258,U000029,C00055,view,2026-08-21 05:42:48,791
B00008259,U000949,C00065,start_learning,2026-08-15 06:11:48,2882
B00008260,U000233,C00094,buy,2026-08-29 18:14:48,3564
B00008261,U000803,C00026,finish,2026-08-31 10:39:48,295
B00008262,U000007,C00023,favorite,2026-08-28 16:46:48,1051
B00008263,U000054,C00050,start_learning,2026-09-01 14:17:48,129
B00008264,U000079,C00074,favorite,2026-08-21 12:37:48,2358
B00008265,U000759,C00017,buy,2026-08-15 18:45:48,485
B00008266,U000003,C00068,buy,2026-08-07 02:56:48,456
B00008267,U000045,C00062,buy,2026-08-12 04:35:48,2706
B00008268,U000603,C00036,view,2026-08-08 22:29:48,3520
B00008269,U000845,C00030,buy,2026-08-11 22:54:48,3080
B00008270,U000698,C00037,favorite,2026-08-14 16:31:48,887
B00008271,U000838,C00077,favorite,2026-08-06 18:35:48,1005
B00008272,U000540,C00086,finish,2026-08-05 06:10:48,267
B00008273,U000806,C00057,start_learning,2026-08-16 20:01:48,157
B00008274,U000170,C00050,view,2026-08-24 23:10:48,1671
B00008275,U000767,C00054,start_learning,2026-08-03 11:44:48,2641
B00008276,U000003,C00063,view,2026-08-17 16:07:48,2171
B00008277,U000950,C00026,finish,2026-08-07 12:24:48,2773
B00008278,U000176,C00071,start_learning,2026-08-13 20:09:48,3477
B00008279,U000513,C00084,finish,2026-08-29 13:35:48,2425
B00008280,U000097,C00002,buy,2026-08-08 12:25:48,2853
B00008281,U000801,C00056,view,2026-08-03 05:01:48,284
B00008282,U000329,C00011,start_learning,2026-08-23 14:57:48,958
B00008283,U000621,C00038,start_learning,2026-08-19 21:19:48,2582
B00008284,U000429,C00082,view,2026-08-12 23:42:48,2979
B00008285,U000234,C00040,view,2026-08-10 15:30:48,1633
B00008286,U000911,C00080,buy,2026-08-18 12:24:48,245
B00008287,U000941,C00094,buy,2026-08-09 15:47:48,2704
B00008288,U000656,C00037,favorite,2026-08-13 22:38:48,3318
B00008289,U000162,C00023,view,2026-08-04 13:22:48,2846
B00008290,U000853,C00093,buy,2026-08-18 20:10:48,739
B00008291,U000634,C00059,buy,2026-08-18 11:55:48,3018
B00008292,U000978,C00073,start_learning,2026-08-19 22:37:48,2282
B00008293,U000823,C00098,buy,2026-08-19 18:28:48,1106
B00008294,U000064,C00009,finish,2026-08-21 14:23:48,3442
B00008295,U000737,C00015,buy,2026-08-06 23:41:48,1683
B00008296,U000293,C00030,start_learning,2026-08-30 23:10:48,28
B00008297,U000573,C00011,buy,2026-08-17 18:36:48,3192
B00008298,U000537,C00064,buy,2026-08-14 03:48:48,3435
B00008299,U000218,C00023,favorite,2026-08-08 10:19:48,2981
B00008300,U000713,C00015,start_learning,2026-08-24 22:39:48,1376
B00008301,U000666,C00099,buy,2026-08-16 13:38:48,145
B00008302,U000398,C00083,buy,2026-08-27 15:35:48,2060
B00008303,U000323,C00026,start_learning,2026-08-17 02:18:48,912
B00008304,U000298,C00038,favorite,2026-08-14 04:27:48,198
B00008305,U000620,C00077,buy,2026-09-01 10:33:48,2219
B00008306,U000721,C00015,favorite,2026-08-12 11:17:48,1962
B00008307,U000051,C00012,buy,2026-08-09 20:26:48,13
B00008308,U000545,C00051,start_learning,2026-08-24 17:48:48,3174
B00008309,U000886,C00096,finish,2026-08-27 11:49:48,579
B00008310,U000789,C00043,view,2026-08-19 22:33:48,1762
B00008311,U000821,C00002,buy,2026-08-15 04:09:48,1383
B00008312,U000485,C00037,start_learning,2026-08-08 00:12:48,200
B00008313,U000472,C00032,view,2026-08-17 01:07:48,2070
B00008314,U000063,C00064,view,2026-08-21 21:34:48,230
B00008315,U000918,C00027,start_learning,2026-08-04 20:00:48,536
B00008316,U000056,C00092,view,2026-08-19 23:19:48,2670
B00008317,U000037,C00059,buy,2026-08-11 10:15:48,1368
B00008318,U000964,C00093,favorite,2026-08-03 07:39:48,652
B00008319,U000561,C00022,view,2026-08-07 01:32:48,2602
B00008320,U000837,C00036,finish,2026-08-10 09:54:48,1872
B00008321,U000135,C00014,buy,2026-08-28 21:16:48,2953
B00008322,U000132,C00059,buy,2026-08-21 20:51:48,940
B00008323,U000100,C00067,view,2026-08-22 20:33:48,2623
B00008324,U000694,C00004,start_learning,2026-08-15 12:21:48,1185
B00008325,U000243,C00023,start_learning,2026-08-09 14:45:48,595
B00008326,U000331,C00025,start_learning,2026-08-25 23:03:48,1635
B00008327,U000766,C00062,start_learning,2026-08-12 22:32:48,167
B00008328,U000466,C00063,finish,2026-08-04 03:31:48,15
B00008329,U000229,C00040,start_learning,2026-08-29 23:37:48,2169
B00008330,U000244,C00091,favorite,2026-08-21 01:25:48,2210
B00008331,U000676,C00023,view,2026-08-17 12:20:48,3366
B00008332,U000737,C00034,start_learning,2026-08-13 21:07:48,1851
B00008333,U000117,C00016,start_learning,2026-08-10 17:27:48,949
B00008334,U000581,C00023,favorite,2026-08-27 21:15:48,3162
B00008335,U000205,C00081,finish,2026-08-31 22:46:48,2597
B00008336,U000649,C00040,finish,2026-08-12 23:46:48,122
B00008337,U000603,C00075,favorite,2026-08-03 03:22:48,2112
B00008338,U000685,C00035,view,2026-08-06 06:31:48,1957
B00008339,U000434,C00044,view,2026-08-07 13:09:48,522
B00008340,U000203,C00047,favorite,2026-08-09 03:42:48,2608
B00008341,U000837,C00069,start_learning,2026-08-25 05:33:48,373
B00008342,U000808,C00083,favorite,2026-08-06 00:49:48,1858
B00008343,U000194,C00097,buy,2026-08-12 11:38:48,2095
B00008344,U000659,C00062,finish,2026-08-06 06:29:48,3534
B00008345,U000060,C00046,start_learning,2026-08-27 21:23:48,3069
B00008346,U000994,C00008,start_learning,2026-08-13 20:12:48,1012
B00008347,U000889,C00059,view,2026-08-06 02:48:48,584
B00008348,U000073,C00099,favorite,2026-08-31 20:50:48,1481
B00008349,U000043,C00056,buy,2026-08-26 15:03:48,2658
B00008350,U000426,C00057,favorite,2026-08-03 15:06:48,2980
B00008351,U000643,C00062,finish,2026-08-13 06:22:48,72
B00008352,U000561,C00008,favorite,2026-08-14 20:16:48,2779
B00008353,U000211,C00055,favorite,2026-08-18 06:16:48,716
B00008354,U000460,C00057,buy,2026-08-08 01:31:48,2928
B00008355,U000520,C00083,favorite,2026-08-28 13:37:48,3435
B00008356,U000202,C00015,finish,2026-08-20 23:44:48,1070
B00008357,U000757,C00056,favorite,2026-09-01 09:05:48,1400
B00008358,U000730,C00023,finish,2026-08-27 19:02:48,1874
B00008359,U000538,C00064,start_learning,2026-08-23 02:39:48,1325
B00008360,U000964,C00039,start_learning,2026-08-20 06:58:48,2049
B00008361,U000559,C00009,favorite,2026-08-07 02:25:48,2380
B00008362,U000218,C00097,buy,2026-08-22 15:10:48,701
B00008363,U000018,C00095,finish,2026-08-12 12:21:48,3530
B00008364,U000509,C00095,view,2026-08-07 23:47:48,3296
B00008365,U000685,C00085,finish,2026-08-15 12:01:48,2014
B00008366,U000541,C00019,buy,2026-08-20 23:33:48,3134
B00008367,U000907,C00096,view,2026-08-10 20:30:48,1019
B00008368,U000225,C00052,favorite,2026-08-04 09:34:48,443
B00008369,U000772,C00029,view,2026-08-13 14:28:48,1260
B00008370,U000342,C00057,buy,2026-08-04 06:33:48,2327
B00008371,U000479,C00005,buy,2026-08-14 14:21:48,1674
B00008372,U000145,C00027,favorite,2026-08-28 01:45:48,2718
B00008373,U000161,C00078,view,2026-08-17 19:00:48,1176
B00008374,U000657,C00019,buy,2026-08-14 20:00:48,1435
B00008375,U000056,C00019,finish,2026-08-26 16:23:48,1709
B00008376,U000921,C00017,buy,2026-08-30 18:14:48,3401
B00008377,U000694,C00015,buy,2026-08-08 00:44:48,3033
B00008378,U000593,C00010,favorite,2026-08-20 01:44:48,524
B00008379,U000420,C00006,finish,2026-08-21 05:33:48,3199
B00008380,U000481,C00050,favorite,2026-08-14 20:52:48,1368
B00008381,U000266,C00054,view,2026-08-19 12:45:48,1357
B00008382,U000823,C00012,finish,2026-08-19 03:08:48,487
B00008383,U000417,C00045,start_learning,2026-08-06 06:53:48,63
B00008384,U000874,C00041,finish,2026-08-23 04:39:48,3581
B00008385,U000676,C00074,favorite,2026-08-22 07:31:48,2037
B00008386,U000355,C00033,favorite,2026-08-09 16:44:48,404
B00008387,U000652,C00035,finish,2026-08-26 19:54:48,2680
B00008388,U000657,C00002,finish,2026-08-27 23:40:48,1914
B00008389,U000169,C00093,view,2026-08-05 18:11:48,107
B00008390,U000387,C00039,finish,2026-08-30 14:12:48,28
B00008391,U000572,C00086,view,2026-08-14 04:23:48,2061
B00008392,U000261,C00030,buy,2026-08-03 00:33:48,60
B00008393,U000417,C00075,finish,2026-08-21 11:31:48,822
B00008394,U000014,C00026,finish,2026-08-13 09:48:48,3349
B00008395,U000846,C00048,favorite,2026-08-04 09:18:48,3120
B00008396,U000503,C00085,view,2026-08-22 18:28:48,1663
B00008397,U000796,C00028,start_learning,2026-08-22 08:58:48,2624
B00008398,U000715,C00023,view,2026-08-06 21:03:48,2027
B00008399,U000112,C00079,finish,2026-08-16 01:52:48,1846
B00008400,U000519,C00026,view,2026-08-07 23:40:48,2173
B00008401,U000925,C00052,favorite,2026-08-07 16:02:48,3272
B00008402,U000950,C00062,start_learning,2026-08-27 07:35:48,338
B00008403,U000420,C00018,start_learning,2026-08-19 19:54:48,3010
B00008404,U000360,C00092,favorite,2026-08-24 20:43:48,643
B00008405,U000961,C00004,finish,2026-08-31 06:32:48,946
B00008406,U000115,C00032,favorite,2026-08-06 19:50:48,2828
B00008407,U000215,C00055,finish,2026-08-30 00:48:48,3036
B00008408,U000381,C00046,finish,2026-08-12 03:00:48,2708
B00008409,U000230,C00023,finish,2026-08-11 20:48:48,2269
B00008410,U000042,C00030,buy,2026-08-25 01:48:48,680
B00008411,U000206,C00038,start_learning,2026-08-16 11:35:48,1539
B00008412,U000319,C00052,favorite,2026-08-05 06:35:48,1528
B00008413,U000538,C00075,favorite,2026-08-13 02:49:48,521
B00008414,U000338,C00100,start_learning,2026-08-31 23:28:48,2214
B00008415,U000516,C00076,view,2026-08-27 23:19:48,575
B00008416,U000523,C00093,start_learning,2026-08-15 00:14:48,609
B00008417,U000156,C00057,favorite,2026-08-26 08:08:48,675
B00008418,U000866,C00002,start_learning,2026-08-03 23:33:48,3192
B00008419,U000222,C00001,view,2026-08-21 13:37:48,440
B00008420,U000837,C00053,finish,2026-08-28 22:21:48,2056
B00008421,U000432,C00016,buy,2026-08-17 22:13:48,986
B00008422,U000476,C00022,finish,2026-08-24 00:35:48,1075
B00008423,U000298,C00097,favorite,2026-08-07 13:20:48,2163
B00008424,U000717,C00095,favorite,2026-08-11 12:51:48,426
B00008425,U000759,C00098,start_learning,2026-08-10 05:43:48,237
B00008426,U000846,C00025,favorite,2026-08-28 10:08:48,3114
B00008427,U000803,C00034,favorite,2026-08-04 10:38:48,3498
B00008428,U000496,C00028,view,2026-08-13 10:19:48,2239
B00008429,U000647,C00028,start_learning,2026-08-17 15:58:48,2441
B00008430,U000318,C00075,favorite,2026-08-11 17:15:48,757
B00008431,U000476,C00033,finish,2026-08-03 06:51:48,924
B00008432,U000995,C00070,finish,2026-08-23 00:34:48,1325
B00008433,U000516,C00050,start_learning,2026-08-17 12:39:48,1110
B00008434,U000725,C00013,favorite,2026-08-13 01:57:48,3237
B00008435,U000679,C00099,buy,2026-08-28 22:58:48,2595
B00008436,U000388,C00018,buy,2026-08-07 04:34:48,2964
B00008437,U000059,C00092,start_learning,2026-08-12 01:57:48,3156
B00008438,U000684,C00079,start_learning,2026-08-21 04:29:48,1119
B00008439,U000463,C00034,finish,2026-08-15 03:27:48,1181
B00008440,U000863,C00012,buy,2026-08-07 03:45:48,2946
B00008441,U000284,C00072,finish,2026-08-21 04:15:48,1217
B00008442,U000563,C00013,view,2026-08-07 18:46:48,2122
B00008443,U000233,C00082,start_learning,2026-08-12 05:34:48,1820
B00008444,U000885,C00011,view,2026-08-03 00:13:48,1394
B00008445,U000633,C00020,start_learning,2026-08-17 05:16:48,1302
B00008446,U000756,C00077,finish,2026-08-18 12:32:48,1193
B00008447,U000588,C00096,favorite,2026-08-24 23:15:48,1312
B00008448,U000966,C00069,favorite,2026-08-04 14:21:48,271
B00008449,U000269,C00092,favorite,2026-09-01 14:46:48,1261
B00008450,U000160,C00063,view,2026-09-01 03:04:48,1945
B00008451,U000768,C00063,view,2026-08-13 12:32:48,1990
B00008452,U000276,C00027,favorite,2026-08-28 14:42:48,1877
B00008453,U000245,C00026,start_learning,2026-08-11 21:49:48,2961
B00008454,U000086,C00028,start_learning,2026-08-07 03:09:48,2346
B00008455,U000473,C00030,start_learning,2026-08-11 15:39:48,1900
B00008456,U000393,C00024,view,2026-08-25 15:51:48,3110
B00008457,U000562,C00067,view,2026-08-26 20:27:48,743
B00008458,U000207,C00009,favorite,2026-08-26 21:51:48,266
B00008459,U000599,C00029,favorite,2026-08-03 19:40:48,3275
B00008460,U000449,C00099,view,2026-08-10 05:10:48,1729
B00008461,U000680,C00018,finish,2026-09-01 01:54:48,2135
B00008462,U000823,C00060,view,2026-08-30 20:01:48,3011
B00008463,U000852,C00032,finish,2026-08-11 17:31:48,188
B00008464,U000937,C00076,buy,2026-08-08 04:58:48,2551
B00008465,U000288,C00026,view,2026-08-04 01:07:48,1423
B00008466,U000492,C00097,finish,2026-08-08 20:16:48,2973
B00008467,U000063,C00050,finish,2026-08-13 22:47:48,892
B00008468,U000496,C00026,finish,2026-08-15 12:12:48,322
B00008469,U000041,C00072,start_learning,2026-08-07 15:46:48,2843
B00008470,U000768,C00037,finish,2026-08-20 04:00:48,2629
B00008471,U000079,C00013,finish,2026-08-29 18:55:48,2648
B00008472,U000978,C00070,favorite,2026-08-21 04:07:48,72
B00008473,U000381,C00045,view,2026-08-14 20:28:48,2605
B00008474,U000610,C00005,buy,2026-08-11 03:28:48,1580
B00008475,U000417,C00053,finish,2026-08-12 18:39:48,1344
B00008476,U000858,C00040,view,2026-08-22 08:40:48,3152
B00008477,U000553,C00005,buy,2026-08-27 22:09:48,3139
B00008478,U000073,C00031,buy,2026-08-19 20:18:48,3088
B00008479,U000872,C00011,view,2026-08-27 08:03:48,736
B00008480,U000395,C00078,buy,2026-08-24 22:02:48,370
B00008481,U000076,C00067,start_learning,2026-08-12 02:26:48,2698
B00008482,U000789,C00086,finish,2026-08-27 00:59:48,2244
B00008483,U000817,C00091,favorite,2026-08-15 21:49:48,833
B00008484,U000531,C00025,buy,2026-08-09 01:19:48,2577
B00008485,U000540,C00047,buy,2026-08-31 18:21:48,2236
B00008486,U000251,C00045,finish,2026-08-04 00:02:48,3181
B00008487,U000509,C00055,view,2026-08-16 07:16:48,594
B00008488,U000739,C00092,view,2026-08-10 02:10:48,737
B00008489,U000733,C00031,view,2026-08-10 23:39:48,1143
B00008490,U000272,C00080,buy,2026-08-29 14:07:48,3000
B00008491,U000043,C00039,favorite,2026-08-04 12:49:48,200
B00008492,U000175,C00017,start_learning,2026-08-20 07:15:48,2916
B00008493,U000223,C00082,buy,2026-08-08 15:58:48,2304
B00008494,U000621,C00098,finish,2026-08-27 23:28:48,1206
B00008495,U000023,C00061,finish,2026-08-22 15:56:48,1365
B00008496,U000262,C00047,favorite,2026-08-03 16:47:48,441
B00008497,U000014,C00070,finish,2026-08-12 05:47:48,3384
B00008498,U000311,C00033,view,2026-08-23 05:11:48,283
B00008499,U000779,C00095,finish,2026-08-12 00:30:48,2209
B00008500,U000112,C00019,buy,2026-08-09 00:47:48,1210
B00008501,U000213,C00013,favorite,2026-08-09 14:19:48,1930
B00008502,U000819,C00060,start_learning,2026-08-15 10:11:48,1504
B00008503,U001000,C00021,buy,2026-08-27 06:55:48,2246
B00008504,U000894,C00041,finish,2026-08-20 20:33:48,3514
B00008505,U000312,C00013,finish,2026-08-28 17:31:48,3298
B00008506,U000728,C00024,view,2026-08-24 04:07:48,465
B00008507,U000238,C00068,finish,2026-08-14 12:50:48,276
B00008508,U000319,C00021,buy,2026-08-25 14:29:48,20
B00008509,U000705,C00066,start_learning,2026-08-14 10:00:48,1200
B00008510,U000066,C00041,start_learning,2026-08-18 20:01:48,2940
B00008511,U000248,C00079,view,2026-08-15 16:01:48,590
B00008512,U000835,C00064,buy,2026-08-13 02:07:48,3587
B00008513,U000848,C00012,favorite,2026-08-17 06:18:48,332
B00008514,U000354,C00058,favorite,2026-08-20 11:04:48,1252
B00008515,U000480,C00048,buy,2026-08-10 08:24:48,808
B00008516,U000949,C00098,buy,2026-08-16 04:18:48,2540
B00008517,U000319,C00075,start_learning,2026-08-23 16:17:48,1293
B00008518,U000955,C00041,buy,2026-08-22 12:13:48,2676
B00008519,U000785,C00065,buy,2026-08-30 23:10:48,422
B00008520,U000870,C00018,start_learning,2026-08-03 08:15:48,3592
B00008521,U000508,C00081,finish,2026-08-18 23:24:48,2940
B00008522,U000338,C00011,favorite,2026-08-12 17:17:48,1736
B00008523,U000479,C00041,start_learning,2026-08-24 17:18:48,2791
B00008524,U000260,C00025,favorite,2026-08-14 03:35:48,2816
B00008525,U000242,C00089,favorite,2026-08-19 10:32:48,118
B00008526,U000643,C00083,start_learning,2026-08-08 00:30:48,1896
B00008527,U000863,C00088,buy,2026-08-05 12:32:48,1120
B00008528,U000770,C00079,finish,2026-08-24 23:39:48,310
B00008529,U000600,C00087,view,2026-08-16 15:59:48,1144
B00008530,U000645,C00018,finish,2026-08-24 17:02:48,1902
B00008531,U000743,C00006,start_learning,2026-08-22 15:20:48,2802
B00008532,U000110,C00085,buy,2026-08-09 18:52:48,3579
B00008533,U000488,C00077,buy,2026-08-31 18:21:48,2880
B00008534,U000245,C00046,view,2026-08-14 04:58:48,677
B00008535,U000504,C00031,favorite,2026-08-24 03:01:48,2452
B00008536,U000146,C00094,buy,2026-08-09 01:06:48,1234
B00008537,U000473,C00002,view,2026-09-01 11:21:48,1564
B00008538,U000688,C00010,favorite,2026-08-10 03:50:48,3430
B00008539,U000947,C00045,start_learning,2026-08-08 05:14:48,447
B00008540,U000918,C00026,view,2026-08-08 11:27:48,1397
B00008541,U000941,C00098,favorite,2026-08-31 12:45:48,2117
B00008542,U000161,C00019,view,2026-08-17 22:08:48,2513
B00008543,U000199,C00056,finish,2026-08-24 05:48:48,2196
B00008544,U000682,C00052,view,2026-08-10 18:42:48,2707
B00008545,U000645,C00071,start_learning,2026-08-09 00:55:48,416
B00008546,U000248,C00048,view,2026-08-18 01:55:48,1410
B00008547,U000223,C00059,view,2026-08-18 21:15:48,3023
B00008548,U000523,C00005,finish,2026-08-16 08:02:48,1749
B00008549,U000574,C00081,view,2026-08-20 08:37:48,2750
B00008550,U000203,C00042,favorite,2026-08-17 03:21:48,2571
B00008551,U000454,C00024,buy,2026-09-01 10:14:48,1728
B00008552,U000572,C00042,start_learning,2026-08-20 01:30:48,1499
B00008553,U000028,C00026,favorite,2026-08-15 13:08:48,1169
B00008554,U000476,C00088,view,2026-08-27 07:23:48,1680
B00008555,U000234,C00002,buy,2026-08-18 22:39:48,1237
B00008556,U000142,C00082,start_learning,2026-08-24 14:33:48,3334
B00008557,U000035,C00074,buy,2026-08-09 13:52:48,2828
B00008558,U000680,C00019,buy,2026-08-14 21:27:48,2443
B00008559,U000776,C00065,favorite,2026-08-08 14:17:48,3294
B00008560,U000282,C00076,view,2026-08-29 17:21:48,2079
B00008561,U000068,C00009,buy,2026-08-10 07:29:48,1722
B00008562,U000587,C00097,start_learning,2026-08-20 22:43:48,3111
B00008563,U000123,C00075,favorite,2026-08-03 11:26:48,3354
B00008564,U000927,C00051,buy,2026-08-29 01:59:48,827
B00008565,U000791,C00021,finish,2026-08-03 22:34:48,1939
B00008566,U000963,C00013,finish,2026-08-17 10:49:48,603
B00008567,U000751,C00091,favorite,2026-08-24 09:50:48,416
B00008568,U000883,C00094,view,2026-08-20 04:02:48,2064
B00008569,U000270,C00091,finish,2026-08-17 05:41:48,3570
B00008570,U000455,C00064,buy,2026-08-12 05:51:48,920
B00008571,U000421,C00074,finish,2026-08-21 12:55:48,2394
B00008572,U000063,C00025,view,2026-08-14 03:30:48,2030
B00008573,U000799,C00062,favorite,2026-08-25 16:30:48,2972
B00008574,U000740,C00041,view,2026-08-10 01:23:48,1243
B00008575,U000981,C00079,favorite,2026-08-20 04:44:48,415
B00008576,U000573,C00035,start_learning,2026-08-12 13:59:48,999
B00008577,U000706,C00056,start_learning,2026-08-18 09:18:48,3116
B00008578,U000280,C00094,favorite,2026-08-06 08:00:48,1373
B00008579,U000994,C00054,finish,2026-08-21 14:53:48,2964
B00008580,U000818,C00085,start_learning,2026-08-12 00:45:48,1631
B00008581,U000685,C00067,finish,2026-08-21 09:21:48,828
B00008582,U000184,C00004,finish,2026-08-30 15:19:48,823
B00008583,U000010,C00043,finish,2026-08-13 05:42:48,906
B00008584,U000764,C00003,view,2026-09-01 13:49:48,758
B00008585,U000706,C00074,finish,2026-08-21 21:47:48,249
B00008586,U000270,C00097,buy,2026-08-03 04:09:48,1598
B00008587,U000636,C00094,buy,2026-08-25 09:13:48,1624
B00008588,U000341,C00033,view,2026-08-12 08:10:48,633
B00008589,U000322,C00096,favorite,2026-08-20 05:52:48,541
B00008590,U000621,C00039,buy,2026-08-11 11:34:48,2960
B00008591,U000573,C00083,buy,2026-08-29 16:53:48,2855
B00008592,U000914,C00051,view,2026-08-13 14:10:48,1111
B00008593,U000621,C00089,view,2026-08-19 03:35:48,3016
B00008594,U000952,C00082,view,2026-08-30 03:13:48,699
B00008595,U000481,C00001,view,2026-08-03 03:45:48,527
B00008596,U000943,C00052,favorite,2026-08-14 20:47:48,3276
B00008597,U000441,C00078,buy,2026-08-11 23:32:48,754
B00008598,U000504,C00075,favorite,2026-08-31 03:46:48,2852
B00008599,U000688,C00037,start_learning,2026-08-04 16:43:48,778
B00008600,U000020,C00035,buy,2026-08-05 18:00:48,571
B00008601,U000464,C00042,buy,2026-08-10 00:02:48,1574
B00008602,U000084,C00041,finish,2026-09-01 09:12:48,3409
B00008603,U000082,C00019,view,2026-08-06 10:22:48,2217
B00008604,U000515,C00029,buy,2026-08-18 17:56:48,3539
B00008605,U000821,C00054,buy,2026-08-13 21:10:48,657
B00008606,U000686,C00002,buy,2026-08-14 07:13:48,2346
B00008607,U000519,C00023,start_learning,2026-08-15 11:22:48,1045
B00008608,U000111,C00063,finish,2026-08-25 05:47:48,3129
B00008609,U000384,C00095,favorite,2026-08-22 08:36:48,902
B00008610,U000005,C00038,start_learning,2026-08-12 09:21:48,152
B00008611,U000149,C00089,buy,2026-08-22 18:40:48,907
B00008612,U000999,C00078,buy,2026-08-16 10:02:48,2555
B00008613,U000646,C00065,buy,2026-08-04 04:14:48,971
B00008614,U000152,C00030,start_learning,2026-08-13 17:44:48,3378
B00008615,U000329,C00093,buy,2026-08-22 22:09:48,2323
B00008616,U000719,C00029,favorite,2026-08-24 10:38:48,183
B00008617,U000838,C00001,start_learning,2026-08-27 23:02:48,1441
B00008618,U000295,C00066,view,2026-08-08 22:17:48,925
B00008619,U000529,C00088,buy,2026-08-10 04:59:48,1412
B00008620,U000276,C00085,buy,2026-08-19 09:23:48,132
B00008621,U000546,C00070,view,2026-08-12 02:14:48,478
B00008622,U000664,C00078,start_learning,2026-08-27 10:02:48,3013
B00008623,U000634,C00040,start_learning,2026-08-13 14:17:48,294
B00008624,U000574,C00073,view,2026-08-11 16:44:48,128
B00008625,U000759,C00070,finish,2026-08-22 12:06:48,2786
B00008626,U000918,C00058,view,2026-08-30 02:55:48,1559
B00008627,U000778,C00025,view,2026-08-29 18:33:48,516
B00008628,U000510,C00053,buy,2026-08-04 10:56:48,1040
B00008629,U000851,C00064,buy,2026-08-25 15:26:48,2232
B00008630,U000369,C00002,favorite,2026-08-31 21:39:48,2155
B00008631,U000274,C00048,start_learning,2026-08-23 02:20:48,1142
B00008632,U000661,C00065,start_learning,2026-08-18 16:55:48,1339
B00008633,U000437,C00020,start_learning,2026-08-16 22:13:48,3124
B00008634,U000990,C00007,start_learning,2026-08-10 10:36:48,58
B00008635,U000549,C00060,view,2026-08-04 14:05:48,3325
B00008636,U000494,C00056,start_learning,2026-08-30 20:05:48,964
B00008637,U000514,C00082,view,2026-08-28 06:25:48,142
B00008638,U000241,C00087,view,2026-08-27 02:44:48,1023
B00008639,U000012,C00063,favorite,2026-08-13 14:42:48,623
B00008640,U000880,C00001,buy,2026-08-05 23:20:48,819
B00008641,U000278,C00058,favorite,2026-08-04 10:04:48,2984
B00008642,U000277,C00024,view,2026-08-24 01:08:48,1186
B00008643,U000609,C00096,view,2026-08-21 19:18:48,1059
B00008644,U000173,C00023,view,2026-08-10 19:06:48,1561
B00008645,U000609,C00064,finish,2026-08-24 07:24:48,381
B00008646,U000375,C00007,finish,2026-08-14 06:59:48,2843
B00008647,U000495,C00013,favorite,2026-08-13 16:50:48,2704
B00008648,U000684,C00043,favorite,2026-08-29 07:05:48,208
B00008649,U000985,C00025,buy,2026-08-11 22:37:48,1927
B00008650,U000081,C00063,buy,2026-08-27 10:43:48,1709
B00008651,U000863,C00093,start_learning,2026-08-18 00:13:48,315
B00008652,U000325,C00059,favorite,2026-08-12 05:41:48,165
B00008653,U000119,C00096,favorite,2026-08-20 13:25:48,860
B00008654,U000456,C00031,view,2026-08-26 14:37:48,2097
B00008655,U000853,C00045,view,2026-08-22 03:20:48,1979
B00008656,U000661,C00071,start_learning,2026-08-04 13:20:48,563
B00008657,U000475,C00046,finish,2026-08-16 08:57:48,2719
B00008658,U000485,C00080,buy,2026-08-15 06:59:48,3444
B00008659,U000259,C00044,buy,2026-08-26 06:40:48,3268
B00008660,U000057,C00079,start_learning,2026-08-25 06:29:48,929
B00008661,U000420,C00076,favorite,2026-08-06 17:53:48,2970
B00008662,U000832,C00014,favorite,2026-08-31 13:53:48,985
B00008663,U000487,C00067,start_learning,2026-08-31 15:31:48,2384
B00008664,U000499,C00070,start_learning,2026-08-13 16:07:48,186
B00008665,U000146,C00013,start_learning,2026-08-08 09:24:48,261
B00008666,U000341,C00024,finish,2026-08-14 23:21:48,2817
B00008667,U000549,C00097,finish,2026-08-02 17:42:48,2834
B00008668,U000142,C00083,start_learning,2026-08-16 03:35:48,474
B00008669,U000549,C00073,buy,2026-08-15 22:41:48,3126
B00008670,U000228,C00001,start_learning,2026-08-16 08:27:48,2182
B00008671,U000633,C00021,finish,2026-08-04 09:31:48,1443
B00008672,U000941,C00083,view,2026-08-07 13:32:48,2907
B00008673,U000983,C00095,buy,2026-08-26 08:46:48,2247
B00008674,U000702,C00054,favorite,2026-08-23 01:52:48,2474
B00008675,U000215,C00032,buy,2026-08-27 18:17:48,2853
B00008676,U000520,C00012,favorite,2026-08-30 22:26:48,2548
B00008677,U000138,C00033,buy,2026-08-07 11:37:48,1068
B00008678,U000855,C00017,start_learning,2026-08-05 10:42:48,1048
B00008679,U000316,C00055,view,2026-08-12 12:18:48,1698
B00008680,U000904,C00011,finish,2026-08-08 16:44:48,718
B00008681,U000609,C00007,start_learning,2026-08-07 23:44:48,958
B00008682,U000218,C00035,start_learning,2026-08-10 00:00:48,3550
B00008683,U000253,C00009,finish,2026-08-31 04:12:48,729
B00008684,U000442,C00081,start_learning,2026-08-25 02:18:48,3517
B00008685,U000741,C00095,finish,2026-08-19 13:20:48,2607
B00008686,U000251,C00031,view,2026-08-15 14:20:48,3593
B00008687,U000363,C00002,start_learning,2026-08-29 15:23:48,2684
B00008688,U000807,C00063,start_learning,2026-08-26 15:19:48,1768
B00008689,U000803,C00004,view,2026-08-30 07:29:48,1143
B00008690,U000489,C00095,start_learning,2026-08-14 18:05:48,461
B00008691,U000804,C00024,buy,2026-08-16 11:41:48,808
B00008692,U000849,C00095,view,2026-08-31 01:54:48,2579
B00008693,U000092,C00033,finish,2026-08-23 17:12:48,2336
B00008694,U000327,C00088,buy,2026-08-11 20:01:48,1517
B00008695,U000381,C00078,view,2026-08-30 20:21:48,3165
B00008696,U000309,C00051,buy,2026-08-27 18:59:48,2394
B00008697,U000653,C00040,start_learning,2026-08-05 03:11:48,655
B00008698,U000301,C00046,favorite,2026-08-09 17:54:48,943
B00008699,U000879,C00043,favorite,2026-08-24 18:55:48,3220
B00008700,U000583,C00074,finish,2026-08-05 00:12:48,762
B00008701,U000034,C00021,finish,2026-08-29 17:04:48,2314
B00008702,U000008,C00066,favorite,2026-08-27 20:16:48,1873
B00008703,U000385,C00008,finish,2026-08-14 09:05:48,2443
B00008704,U000472,C00036,finish,2026-08-28 12:11:48,1729
B00008705,U000367,C00057,buy,2026-08-28 11:16:48,1398
B00008706,U000367,C00067,favorite,2026-08-25 23:03:48,1482
B00008707,U000872,C00060,view,2026-08-22 21:11:48,356
B00008708,U000583,C00094,view,2026-08-08 06:54:48,1292
B00008709,U000447,C00069,view,2026-08-18 11:33:48,2096
B00008710,U000891,C00002,start_learning,2026-08-03 15:18:48,1311
B00008711,U000596,C00096,buy,2026-08-08 15:14:48,1269
B00008712,U000434,C00067,favorite,2026-08-05 14:05:48,534
B00008713,U000521,C00099,view,2026-08-12 00:56:48,1398
B00008714,U000984,C00098,favorite,2026-08-18 21:37:48,854
B00008715,U000707,C00093,view,2026-08-25 07:00:48,2379
B00008716,U000737,C00033,view,2026-08-15 18:30:48,3341
B00008717,U000457,C00033,buy,2026-08-07 20:32:48,3256
B00008718,U000510,C00039,favorite,2026-08-26 12:18:48,123
B00008719,U000645,C00068,favorite,2026-08-02 15:45:48,1354
B00008720,U000166,C00098,view,2026-08-17 03:32:48,2761
B00008721,U000468,C00023,favorite,2026-08-22 05:50:48,893
B00008722,U000048,C00028,finish,2026-08-07 05:56:48,927
B00008723,U000254,C00012,finish,2026-08-20 19:37:48,3176
B00008724,U000446,C00029,favorite,2026-08-03 08:28:48,422
B00008725,U000351,C00056,start_learning,2026-08-05 12:33:48,3527
B00008726,U000499,C00073,favorite,2026-08-13 02:55:48,203
B00008727,U000109,C00065,finish,2026-08-10 06:36:48,798
B00008728,U000932,C00012,favorite,2026-08-18 15:29:48,2111
B00008729,U000082,C00066,start_learning,2026-08-27 09:47:48,252
B00008730,U000477,C00023,view,2026-08-06 05:30:48,489
B00008731,U000707,C00018,buy,2026-08-21 10:12:48,2191
B00008732,U000772,C00063,start_learning,2026-08-13 11:26:48,577
B00008733,U000265,C00007,finish,2026-08-15 03:31:48,1204
B00008734,U000320,C00024,view,2026-08-31 21:50:48,695
B00008735,U000305,C00094,start_learning,2026-08-29 10:29:48,2064
B00008736,U000738,C00073,buy,2026-08-17 12:19:48,3348
B00008737,U000474,C00008,start_learning,2026-08-03 14:41:48,3294
B00008738,U000767,C00018,view,2026-08-11 07:40:48,2672
B00008739,U000340,C00015,buy,2026-08-27 20:47:48,759
B00008740,U000990,C00019,view,2026-08-14 20:38:48,3517
B00008741,U000237,C00087,start_learning,2026-09-01 06:18:48,3201
B00008742,U000873,C00001,view,2026-08-04 22:31:48,1517
B00008743,U000210,C00045,favorite,2026-08-06 21:52:48,830
B00008744,U000331,C00081,finish,2026-08-06 13:36:48,1797
B00008745,U000938,C00078,buy,2026-08-26 22:51:48,1549
B00008746,U000247,C00004,finish,2026-08-19 23:46:48,2149
B00008747,U000380,C00046,buy,2026-08-14 08:57:48,1229
B00008748,U000217,C00078,buy,2026-08-25 16:46:48,1221
B00008749,U000269,C00051,favorite,2026-08-13 00:52:48,1723
B00008750,U000988,C00039,finish,2026-08-17 12:23:48,2837
B00008751,U000723,C00067,start_learning,2026-08-28 09:52:48,3429
B00008752,U000553,C00074,favorite,2026-08-17 06:01:48,3125
B00008753,U000945,C00019,finish,2026-08-16 18:14:48,1062
B00008754,U000325,C00058,favorite,2026-08-11 03:37:48,2970
B00008755,U000586,C00067,favorite,2026-08-14 06:17:48,732
B00008756,U000730,C00005,start_learning,2026-08-11 15:14:48,2506
B00008757,U000229,C00057,view,2026-08-21 18:45:48,1076
B00008758,U000610,C00042,favorite,2026-08-25 11:26:48,381
B00008759,U000897,C00001,favorite,2026-08-25 14:24:48,886
B00008760,U000014,C00055,finish,2026-08-30 14:34:48,1528
B00008761,U000377,C00016,view,2026-08-30 13:23:48,3080
B00008762,U000343,C00093,finish,2026-08-11 15:57:48,1856
B00008763,U000767,C00041,favorite,2026-08-18 00:07:48,928
B00008764,U000427,C00036,favorite,2026-08-11 15:29:48,3019
B00008765,U000562,C00001,view,2026-08-05 03:50:48,3326
B00008766,U000492,C00060,view,2026-08-28 07:43:48,507
B00008767,U000900,C00052,view,2026-08-07 06:35:48,762
B00008768,U000235,C00041,favorite,2026-08-15 01:13:48,2056
B00008769,U000086,C00037,buy,2026-08-17 00:18:48,684
B00008770,U000811,C00045,start_learning,2026-08-06 09:17:48,1800
B00008771,U000432,C00066,start_learning,2026-08-28 21:47:48,1725
B00008772,U000134,C00030,start_learning,2026-08-26 01:02:48,2890
B00008773,U000272,C00051,buy,2026-08-11 07:38:48,1741
B00008774,U000781,C00094,finish,2026-08-04 12:29:48,637
B00008775,U000933,C00019,buy,2026-08-07 09:17:48,1628
B00008776,U000405,C00003,finish,2026-08-19 23:31:48,1166
B00008777,U000736,C00071,finish,2026-08-24 07:45:48,1056
B00008778,U000798,C00023,favorite,2026-08-31 03:53:48,3135
B00008779,U000220,C00056,view,2026-08-29 21:35:48,3561
B00008780,U000434,C00095,view,2026-08-28 02:36:48,1043
B00008781,U000451,C00057,favorite,2026-08-10 19:22:48,935
B00008782,U000341,C00009,favorite,2026-08-11 00:19:48,132
B00008783,U000171,C00034,start_learning,2026-08-10 19:26:48,1210
B00008784,U000274,C00045,buy,2026-08-20 21:11:48,2767
B00008785,U000928,C00052,finish,2026-08-11 00:15:48,2253
B00008786,U000567,C00081,buy,2026-08-21 16:44:48,248
B00008787,U000676,C00081,view,2026-08-17 22:05:48,307
B00008788,U000371,C00012,finish,2026-08-08 04:00:48,896
B00008789,U000521,C00005,finish,2026-08-06 19:25:48,3133
B00008790,U000420,C00047,finish,2026-09-01 13:50:48,2197
B00008791,U000109,C00010,view,2026-08-03 14:21:48,1266
B00008792,U000290,C00036,view,2026-08-24 21:59:48,2072
B00008793,U000751,C00050,start_learning,2026-08-24 07:21:48,1040
B00008794,U000923,C00005,favorite,2026-09-01 07:12:48,3236
B00008795,U000496,C00049,buy,2026-08-08 17:00:48,2133
B00008796,U000884,C00066,finish,2026-08-21 13:37:48,3106
B00008797,U000525,C00021,buy,2026-08-02 17:45:48,607
B00008798,U000055,C00013,view,2026-08-13 19:11:48,2068
B00008799,U000283,C00004,buy,2026-08-09 05:24:48,1483
B00008800,U000480,C00084,favorite,2026-08-14 06:46:48,702
B00008801,U000119,C00025,finish,2026-08-20 08:10:48,2424
B00008802,U000212,C00039,start_learning,2026-08-30 01:58:48,1556
B00008803,U000725,C00049,favorite,2026-09-01 14:52:48,2745
B00008804,U000684,C00027,start_learning,2026-08-06 00:33:48,3101
B00008805,U000863,C00076,view,2026-08-19 08:30:48,2330
B00008806,U000462,C00057,buy,2026-08-07 22:44:48,3188
B00008807,U000961,C00069,favorite,2026-08-13 14:41:48,1719
B00008808,U000093,C00086,finish,2026-08-22 14:41:48,631
B00008809,U000789,C00062,view,2026-08-11 05:08:48,287
B00008810,U000400,C00081,view,2026-08-15 19:34:48,1900
B00008811,U000239,C00072,buy,2026-08-11 15:53:48,1923
B00008812,U000759,C00058,finish,2026-08-17 06:03:48,898
B00008813,U000312,C00057,favorite,2026-08-23 22:43:48,223
B00008814,U000590,C00042,view,2026-08-11 07:19:48,33
B00008815,U000788,C00004,favorite,2026-08-13 19:13:48,912
B00008816,U000815,C00096,start_learning,2026-08-02 15:20:48,2507
B00008817,U000258,C00023,view,2026-08-29 13:53:48,1079
B00008818,U000973,C00089,view,2026-08-16 04:23:48,3071
B00008819,U000633,C00081,view,2026-08-20 07:25:48,2773
B00008820,U000111,C00062,view,2026-08-31 15:16:48,3101
B00008821,U000455,C00024,favorite,2026-08-22 13:06:48,1210
B00008822,U000560,C00040,start_learning,2026-08-21 21:22:48,2333
B00008823,U000757,C00042,start_learning,2026-08-12 15:12:48,688
B00008824,U000758,C00003,start_learning,2026-08-09 13:01:48,3237
B00008825,U000128,C00084,favorite,2026-08-26 05:00:48,931
B00008826,U000622,C00008,start_learning,2026-08-05 15:29:48,414
B00008827,U000059,C00054,finish,2026-08-31 10:28:48,334
B00008828,U000081,C00005,favorite,2026-08-27 11:26:48,52
B00008829,U000045,C00006,buy,2026-08-16 01:24:48,2104
B00008830,U000888,C00053,buy,2026-08-14 06:08:48,408
B00008831,U000121,C00010,view,2026-08-09 22:43:48,1197
B00008832,U000545,C00040,buy,2026-08-30 07:45:48,2937
B00008833,U000945,C00034,favorite,2026-08-27 07:00:48,258
B00008834,U000931,C00065,finish,2026-08-04 19:07:48,3570
B00008835,U000141,C00056,start_learning,2026-08-11 12:41:48,1268
B00008836,U000525,C00037,start_learning,2026-08-31 07:33:48,232
B00008837,U000881,C00096,view,2026-08-13 16:01:48,2652
B00008838,U000551,C00038,favorite,2026-08-03 14:46:48,2606
B00008839,U000436,C00094,favorite,2026-08-24 18:58:48,2527
B00008840,U000129,C00005,buy,2026-08-26 14:37:48,3216
B00008841,U000613,C00004,favorite,2026-08-31 13:29:48,2983
B00008842,U000051,C00060,finish,2026-08-23 13:19:48,3270
B00008843,U000423,C00009,buy,2026-08-31 15:06:48,1103
B00008844,U000583,C00051,finish,2026-08-20 02:01:48,1658
B00008845,U000597,C00034,finish,2026-08-15 02:30:48,2438
B00008846,U000731,C00056,view,2026-08-13 01:49:48,1769
B00008847,U000745,C00038,start_learning,2026-08-30 09:40:48,2862
B00008848,U000981,C00096,buy,2026-08-07 01:00:48,2745
B00008849,U000543,C00052,view,2026-08-24 18:32:48,684
B00008850,U000848,C00053,view,2026-08-14 03:17:48,3396
B00008851,U000242,C00043,buy,2026-08-15 22:09:48,561
B00008852,U000072,C00031,start_learning,2026-08-12 18:57:48,371
B00008853,U000337,C00005,favorite,2026-08-19 06:33:48,1643
B00008854,U000975,C00027,view,2026-08-14 23:51:48,866
B00008855,U000956,C00020,favorite,2026-08-13 11:06:48,2298
B00008856,U000127,C00056,start_learning,2026-08-26 18:02:48,1690
B00008857,U000421,C00023,finish,2026-08-25 21:54:48,2429
B00008858,U000834,C00051,view,2026-08-03 20:49:48,560
B00008859,U000401,C00099,finish,2026-08-05 12:30:48,1590
B00008860,U000880,C00041,finish,2026-08-11 22:01:48,870
B00008861,U000494,C00007,view,2026-08-03 04:12:48,3326
B00008862,U000358,C00096,finish,2026-08-04 13:06:48,1408
B00008863,U000223,C00032,finish,2026-08-06 11:17:48,1340
B00008864,U000774,C00036,view,2026-08-10 05:15:48,3088
B00008865,U000482,C00003,start_learning,2026-08-15 05:12:48,2066
B00008866,U000374,C00025,favorite,2026-08-24 18:29:48,92
B00008867,U000229,C00005,buy,2026-08-03 17:53:48,788
B00008868,U000013,C00064,finish,2026-08-30 19:51:48,323
B00008869,U000111,C00008,finish,2026-08-26 00:56:48,3086
B00008870,U000056,C00005,start_learning,2026-08-16 17:58:48,1818
B00008871,U000299,C00085,finish,2026-08-10 18:57:48,3041
B00008872,U000085,C00068,buy,2026-08-04 20:24:48,2984
B00008873,U000376,C00013,favorite,2026-08-10 05:21:48,1791
B00008874,U000157,C00077,view,2026-08-25 15:34:48,2516
B00008875,U000298,C00094,favorite,2026-08-24 10:52:48,1901
B00008876,U000375,C00035,favorite,2026-08-23 01:53:48,502
B00008877,U000491,C00042,finish,2026-08-18 19:42:48,241
B00008878,U000178,C00014,start_learning,2026-08-11 11:49:48,674
B00008879,U000110,C00067,finish,2026-08-25 08:55:48,2568
B00008880,U000266,C00023,view,2026-08-29 04:22:48,3452
B00008881,U000692,C00067,finish,2026-08-14 17:03:48,2315
B00008882,U000117,C00054,buy,2026-08-03 15:36:48,515
B00008883,U000416,C00057,view,2026-08-26 07:29:48,3496
B00008884,U000926,C00091,favorite,2026-08-13 18:49:48,3431
B00008885,U000593,C00020,buy,2026-08-30 08:25:48,1498
B00008886,U000287,C00039,start_learning,2026-08-18 05:31:48,2570
B00008887,U000121,C00042,buy,2026-08-13 20:25:48,2689
B00008888,U000448,C00082,buy,2026-08-08 21:31:48,46
B00008889,U000552,C00048,view,2026-08-23 17:54:48,1770
B00008890,U000225,C00033,finish,2026-08-11 03:44:48,1672
B00008891,U000663,C00026,view,2026-08-09 09:52:48,263
B00008892,U000125,C00036,finish,2026-08-16 00:38:48,2566
B00008893,U000472,C00039,view,2026-08-13 17:23:48,1323
B00008894,U000066,C00035,buy,2026-08-30 11:52:48,3550
B00008895,U000196,C00038,finish,2026-08-10 02:54:48,2615
B00008896,U000432,C00074,buy,2026-08-06 17:11:48,3326
B00008897,U000662,C00087,favorite,2026-08-31 17:35:48,2545
B00008898,U000198,C00076,view,2026-08-24 15:57:48,3490
B00008899,U000678,C00057,favorite,2026-08-07 01:39:48,1811
B00008900,U000624,C00011,view,2026-08-24 11:51:48,2849
B00008901,U000607,C00019,favorite,2026-08-09 15:32:48,2718
B00008902,U000960,C00001,buy,2026-08-11 05:36:48,2764
B00008903,U000294,C00082,buy,2026-08-12 14:48:48,2857
B00008904,U000528,C00071,favorite,2026-08-16 15:10:48,2108
B00008905,U000422,C00016,view,2026-08-29 10:52:48,3423
B00008906,U000865,C00038,finish,2026-08-13 15:40:48,2212
B00008907,U000686,C00065,finish,2026-08-26 04:18:48,653
B00008908,U000727,C00019,finish,2026-08-13 19:59:48,2750
B00008909,U000172,C00037,start_learning,2026-08-13 20:21:48,1462
B00008910,U000740,C00011,favorite,2026-08-27 05:04:48,3230
B00008911,U000688,C00042,favorite,2026-08-21 02:53:48,2004
B00008912,U000766,C00072,buy,2026-08-27 01:42:48,37
B00008913,U000577,C00019,finish,2026-08-28 16:10:48,2314
B00008914,U000621,C00035,view,2026-08-31 01:16:48,1595
B00008915,U000626,C00060,favorite,2026-08-28 19:09:48,2920
B00008916,U000337,C00033,favorite,2026-08-24 23:06:48,3464
B00008917,U000263,C00079,finish,2026-08-14 13:04:48,570
B00008918,U000979,C00049,buy,2026-08-23 11:01:48,45
B00008919,U000775,C00025,finish,2026-08-25 16:11:48,1342
B00008920,U000529,C00056,start_learning,2026-08-18 06:47:48,2360
B00008921,U000126,C00015,favorite,2026-08-30 14:43:48,1038
B00008922,U000896,C00056,start_learning,2026-08-05 00:29:48,3237
B00008923,U000307,C00051,favorite,2026-08-03 13:14:48,2526
B00008924,U000088,C00096,start_learning,2026-08-22 06:37:48,1220
B00008925,U000847,C00081,buy,2026-08-20 09:57:48,2743
B00008926,U000801,C00002,buy,2026-08-10 00:30:48,2728
B00008927,U000695,C00083,buy,2026-09-01 04:32:48,1948
B00008928,U000601,C00060,buy,2026-08-13 20:31:48,1890
B00008929,U000639,C00033,finish,2026-08-14 18:26:48,2031
B00008930,U000751,C00061,start_learning,2026-08-07 16:19:48,989
B00008931,U000369,C00036,favorite,2026-08-29 04:58:48,1296
B00008932,U000736,C00091,start_learning,2026-08-11 09:50:48,2872
B00008933,U000486,C00033,finish,2026-08-16 23:04:48,3521
B00008934,U000353,C00098,buy,2026-08-04 16:01:48,1367
B00008935,U000875,C00004,finish,2026-08-22 00:32:48,2134
B00008936,U000545,C00075,finish,2026-08-12 12:15:48,2003
B00008937,U000176,C00039,finish,2026-08-09 21:24:48,1782
B00008938,U000706,C00038,start_learning,2026-08-26 16:35:48,376
B00008939,U000848,C00025,start_learning,2026-08-31 15:06:48,1524
B00008940,U000237,C00058,buy,2026-08-04 12:00:48,424
B00008941,U000819,C00062,favorite,2026-08-17 00:10:48,268
B00008942,U000752,C00056,favorite,2026-08-25 21:09:48,1649
B00008943,U000346,C00095,buy,2026-08-31 23:17:48,1919
B00008944,U000140,C00038,buy,2026-08-09 21:42:48,1779
B00008945,U000529,C00009,view,2026-08-31 16:43:48,1276
B00008946,U000574,C00047,favorite,2026-08-17 19:38:48,585
B00008947,U000031,C00098,view,2026-08-07 04:43:48,955
B00008948,U000716,C00017,start_learning,2026-08-14 23:19:48,1432
B00008949,U000960,C00054,view,2026-08-10 16:41:48,1706
B00008950,U000456,C00029,finish,2026-08-09 06:05:48,2897
B00008951,U000984,C00015,favorite,2026-08-07 18:39:48,634
B00008952,U000855,C00021,start_learning,2026-08-26 07:54:48,1522
B00008953,U000860,C00099,finish,2026-08-26 18:25:48,540
B00008954,U000306,C00074,buy,2026-08-07 03:25:48,3200
B00008955,U000244,C00026,favorite,2026-08-19 17:40:48,869
B00008956,U000805,C00063,start_learning,2026-08-22 09:19:48,1821
B00008957,U000270,C00056,start_learning,2026-08-14 05:33:48,2008
B00008958,U000685,C00037,start_learning,2026-08-30 04:35:48,2711
B00008959,U000379,C00078,favorite,2026-08-25 00:19:48,2878
B00008960,U000348,C00086,finish,2026-08-25 20:23:48,1312
B00008961,U000448,C00035,favorite,2026-08-17 08:25:48,2791
B00008962,U000469,C00027,view,2026-08-07 03:25:48,2814
B00008963,U000143,C00048,start_learning,2026-08-20 10:46:48,2192
B00008964,U000728,C00023,favorite,2026-08-04 08:33:48,537
B00008965,U000489,C00053,start_learning,2026-08-29 09:03:48,1681
B00008966,U000025,C00012,buy,2026-08-03 15:50:48,1711
B00008967,U000622,C00039,finish,2026-08-10 19:39:48,3252
B00008968,U000974,C00047,buy,2026-08-11 03:00:48,2680
B00008969,U000750,C00031,start_learning,2026-08-09 02:12:48,1197
B00008970,U000796,C00088,start_learning,2026-08-31 09:00:48,2487
B00008971,U000152,C00088,start_learning,2026-08-24 17:21:48,1193
B00008972,U000175,C00014,favorite,2026-08-11 02:56:48,2646
B00008973,U000390,C00056,buy,2026-08-13 15:06:48,813
B00008974,U000835,C00055,view,2026-08-21 08:51:48,3133
B00008975,U000991,C00073,favorite,2026-08-15 03:36:48,3376
B00008976,U000027,C00043,view,2026-08-16 14:54:48,791
B00008977,U000330,C00066,view,2026-08-09 07:37:48,2013
B00008978,U000035,C00067,favorite,2026-08-29 05:06:48,3212
B00008979,U000579,C00080,buy,2026-08-20 04:34:48,3099
B00008980,U000436,C00064,favorite,2026-08-22 07:58:48,1187
B00008981,U000625,C00082,view,2026-08-15 07:00:48,813
B00008982,U000119,C00097,view,2026-08-21 01:07:48,1664
B00008983,U000165,C00023,buy,2026-08-22 01:46:48,233
B00008984,U000039,C00033,buy,2026-08-09 03:59:48,2925
B00008985,U000443,C00083,start_learning,2026-08-08 15:33:48,646
B00008986,U000713,C00001,buy,2026-08-22 20:44:48,3242
B00008987,U000492,C00069,finish,2026-08-14 05:01:48,911
B00008988,U000125,C00040,finish,2026-08-14 14:45:48,2308
B00008989,U000991,C00089,start_learning,2026-08-09 10:08:48,74
B00008990,U000003,C00054,favorite,2026-08-22 16:30:48,1982
B00008991,U000631,C00080,start_learning,2026-08-17 19:16:48,2580
B00008992,U000075,C00060,view,2026-08-13 04:15:48,2934
B00008993,U000170,C00075,favorite,2026-08-07 13:41:48,2862
B00008994,U000485,C00043,buy,2026-08-29 03:26:48,2482
B00008995,U000552,C00043,favorite,2026-08-07 00:49:48,763
B00008996,U000316,C00006,finish,2026-08-28 04:39:48,878
B00008997,U000573,C00099,favorite,2026-08-22 04:51:48,3479
B00008998,U000016,C00059,favorite,2026-08-07 11:05:48,1288
B00008999,U000316,C00028,start_learning,2026-08-16 06:14:48,1252
B00009000,U000100,C00050,view,2026-08-13 08:41:48,1895
B00009001,U000383,C00031,view,2026-08-03 10:32:48,133
B00009002,U000062,C00041,start_learning,2026-08-12 17:43:48,1470
B00009003,U000414,C00059,start_learning,2026-08-09 02:17:48,2491
B00009004,U000425,C00016,start_learning,2026-08-08 02:57:48,3394
B00009005,U000389,C00085,start_learning,2026-08-27 15:28:48,1623
B00009006,U000682,C00050,buy,2026-08-10 00:54:48,1540
B00009007,U000571,C00093,view,2026-08-13 01:33:48,1084
B00009008,U000633,C00093,buy,2026-08-20 08:25:48,1159
B00009009,U000096,C00065,finish,2026-08-09 20:36:48,1828
B00009010,U000056,C00010,buy,2026-08-15 09:41:48,1708
B00009011,U000186,C00049,favorite,2026-08-27 08:14:48,1529
B00009012,U000402,C00005,view,2026-08-16 10:27:48,2305
B00009013,U000506,C00056,start_learning,2026-08-19 20:38:48,331
B00009014,U000510,C00079,finish,2026-08-21 00:40:48,236
B00009015,U000663,C00048,buy,2026-08-29 10:32:48,3249
B00009016,U000174,C00084,favorite,2026-08-10 13:33:48,657
B00009017,U000276,C00079,view,2026-08-04 01:53:48,937
B00009018,U000954,C00031,favorite,2026-08-13 12:14:48,2646
B00009019,U000342,C00023,view,2026-08-05 01:08:48,2902
B00009020,U000762,C00070,finish,2026-08-23 17:15:48,1644
B00009021,U000353,C00098,start_learning,2026-08-18 00:12:48,2819
B00009022,U000315,C00027,view,2026-08-04 16:21:48,338
B00009023,U000208,C00091,finish,2026-08-19 03:10:48,2454
B00009024,U000197,C00090,favorite,2026-08-11 21:12:48,549
B00009025,U000368,C00056,buy,2026-09-01 05:38:48,2978
B00009026,U000956,C00090,finish,2026-08-28 18:28:48,397
B00009027,U000239,C00095,finish,2026-08-26 16:56:48,42
B00009028,U000495,C00065,view,2026-08-24 08:49:48,1475
B00009029,U000449,C00091,view,2026-08-12 20:37:48,400
B00009030,U000050,C00053,start_learning,2026-08-05 15:07:48,2903
B00009031,U000268,C00049,buy,2026-08-11 16:13:48,810
B00009032,U000230,C00049,buy,2026-08-30 01:48:48,2806
B00009033,U000031,C00016,favorite,2026-08-31 01:39:48,2645
B00009034,U000284,C00042,finish,2026-08-03 04:20:48,3056
B00009035,U000628,C00011,finish,2026-08-26 01:52:48,2126
B00009036,U000871,C00099,finish,2026-08-28 19:28:48,82
B00009037,U000682,C00072,buy,2026-08-16 21:08:48,2526
B00009038,U000884,C00100,buy,2026-08-21 16:01:48,1232
B00009039,U000211,C00024,finish,2026-09-01 02:30:48,1723
B00009040,U000021,C00045,favorite,2026-08-08 21:06:48,707
B00009041,U000353,C00008,finish,2026-08-07 17:03:48,3157
B00009042,U000348,C00035,favorite,2026-08-09 05:32:48,255
B00009043,U000735,C00059,finish,2026-08-26 19:07:48,3480
B00009044,U000544,C00082,start_learning,2026-08-14 20:33:48,1809
B00009045,U000893,C00070,buy,2026-08-16 22:21:48,2076
B00009046,U000423,C00049,view,2026-08-04 22:13:48,322
B00009047,U000527,C00061,view,2026-08-05 19:44:48,647
B00009048,U000017,C00003,view,2026-08-15 19:14:48,1204
B00009049,U000732,C00066,buy,2026-08-21 07:59:48,1615
B00009050,U000178,C00019,finish,2026-08-29 05:02:48,2545
B00009051,U000948,C00016,view,2026-08-27 03:21:48,1038
B00009052,U000302,C00080,start_learning,2026-08-13 11:50:48,1090
B00009053,U000632,C00058,start_learning,2026-08-16 12:45:48,1116
B00009054,U000464,C00015,buy,2026-08-10 14:34:48,2774
B00009055,U000835,C00008,start_learning,2026-08-17 14:00:48,1037
B00009056,U000037,C00040,buy,2026-08-09 15:07:48,2095
B00009057,U000955,C00098,finish,2026-08-23 00:11:48,1727
B00009058,U000566,C00055,favorite,2026-08-06 11:58:48,701
B00009059,U000777,C00024,finish,2026-08-06 13:40:48,514
B00009060,U000575,C00007,view,2026-08-19 11:24:48,1687
B00009061,U000982,C00023,buy,2026-08-25 00:00:48,926
B00009062,U000924,C00054,view,2026-08-05 03:33:48,1077
B00009063,U000623,C00003,favorite,2026-08-12 20:19:48,2219
B00009064,U000374,C00076,view,2026-08-16 11:50:48,2845
B00009065,U000321,C00020,view,2026-08-22 22:55:48,2044
B00009066,U000076,C00004,finish,2026-08-04 02:55:48,2095
B00009067,U000438,C00090,start_learning,2026-08-18 18:32:48,1960
B00009068,U000550,C00076,view,2026-08-17 09:59:48,32
B00009069,U000160,C00008,favorite,2026-09-01 00:59:48,3530
B00009070,U000777,C00034,buy,2026-08-14 02:40:48,3532
B00009071,U000878,C00041,view,2026-08-02 21:20:48,966
B00009072,U000233,C00017,favorite,2026-08-18 20:49:48,2373
B00009073,U000088,C00008,view,2026-08-30 19:54:48,82
B00009074,U000733,C00037,finish,2026-08-23 16:16:48,2032
B00009075,U000895,C00036,buy,2026-08-27 20:16:48,2382
B00009076,U000429,C00032,buy,2026-08-02 23:52:48,3020
B00009077,U000001,C00015,finish,2026-08-24 08:19:48,2082
B00009078,U000893,C00017,finish,2026-08-13 22:37:48,0
B00009079,U000334,C00097,finish,2026-08-14 17:17:48,2154
B00009080,U000853,C00028,view,2026-08-13 08:51:48,899
B00009081,U000743,C00020,buy,2026-08-20 01:15:48,2065
B00009082,U000679,C00005,start_learning,2026-08-30 01:18:48,1548
B00009083,U000830,C00018,start_learning,2026-08-03 15:46:48,1749
B00009084,U000923,C00045,view,2026-08-17 23:23:48,2535
B00009085,U000053,C00093,buy,2026-08-24 09:48:48,568
B00009086,U000316,C00018,finish,2026-08-02 18:21:48,3086
B00009087,U000538,C00033,finish,2026-08-12 16:21:48,2878
B00009088,U000699,C00027,buy,2026-08-28 13:27:48,1782
B00009089,U000650,C00009,buy,2026-08-30 04:22:48,1461
B00009090,U000854,C00069,finish,2026-08-14 20:11:48,1655
B00009091,U000868,C00015,view,2026-08-12 13:40:48,1648
B00009092,U000896,C00031,buy,2026-08-06 20:38:48,3125
B00009093,U000724,C00047,favorite,2026-08-19 14:09:48,493
B00009094,U000819,C00042,finish,2026-08-19 11:58:48,2492
B00009095,U000897,C00056,favorite,2026-08-16 21:09:48,434
B00009096,U000167,C00030,view,2026-08-23 23:45:48,3471
B00009097,U000462,C00072,favorite,2026-08-03 16:09:48,2813
B00009098,U000383,C00097,start_learning,2026-08-29 22:53:48,2719
B00009099,U000267,C00012,buy,2026-08-21 00:33:48,0
B00009100,U000470,C00026,finish,2026-08-13 04:27:48,3262
B00009101,U000715,C00046,favorite,2026-08-17 12:11:48,2297
B00009102,U000460,C00001,start_learning,2026-08-27 14:51:48,2153
B00009103,U000922,C00069,view,2026-08-21 17:24:48,1839
B00009104,U000870,C00098,buy,2026-08-23 02:33:48,157
B00009105,U000252,C00059,favorite,2026-08-29 16:09:48,1169
B00009106,U000840,C00058,finish,2026-08-14 17:04:48,1995
B00009107,U000574,C00030,start_learning,2026-08-30 16:37:48,2497
B00009108,U000888,C00020,view,2026-08-14 13:43:48,945
B00009109,U000453,C00078,view,2026-08-09 14:43:48,1286
B00009110,U000484,C00081,view,2026-08-06 08:31:48,2972
B00009111,U000345,C00085,favorite,2026-08-19 15:41:48,299
B00009112,U000118,C00083,start_learning,2026-08-26 05:37:48,1190
B00009113,U000426,C00002,start_learning,2026-08-18 13:21:48,2976
B00009114,U000706,C00017,favorite,2026-08-22 12:00:48,3543
B00009115,U000034,C00006,favorite,2026-08-23 20:49:48,465
B00009116,U000512,C00025,view,2026-08-28 04:57:48,3581
B00009117,U000750,C00005,view,2026-08-31 09:11:48,3016
B00009118,U000319,C00026,finish,2026-08-13 18:31:48,3296
B00009119,U000539,C00021,view,2026-08-17 17:26:48,1278
B00009120,U000110,C00058,buy,2026-08-15 12:31:48,3015
B00009121,U000046,C00027,favorite,2026-08-06 16:30:48,3079
B00009122,U000491,C00034,favorite,2026-08-05 03:31:48,3581
B00009123,U000044,C00019,start_learning,2026-08-05 12:13:48,565
B00009124,U000205,C00004,buy,2026-08-26 17:42:48,709
B00009125,U000259,C00064,start_learning,2026-08-23 14:52:48,1236
B00009126,U000243,C00031,start_learning,2026-08-23 12:19:48,3306
B00009127,U000379,C00098,favorite,2026-08-24 01:02:48,2936
B00009128,U000754,C00090,buy,2026-08-12 13:59:48,3338
B00009129,U000396,C00079,start_learning,2026-08-17 03:17:48,468
B00009130,U000126,C00020,buy,2026-08-11 22:19:48,981
B00009131,U000662,C00090,buy,2026-08-07 09:09:48,3072
B00009132,U000772,C00082,favorite,2026-08-11 00:12:48,2474
B00009133,U000127,C00033,buy,2026-08-17 19:42:48,1530
B00009134,U000120,C00015,finish,2026-09-01 01:29:48,1556
B00009135,U000750,C00032,finish,2026-08-05 18:34:48,1043
B00009136,U000641,C00027,view,2026-08-08 00:21:48,123
B00009137,U000066,C00080,view,2026-09-01 11:12:48,1512
B00009138,U000033,C00084,buy,2026-08-28 23:29:48,44
B00009139,U000556,C00065,view,2026-08-26 11:22:48,524
B00009140,U000294,C00030,finish,2026-08-18 07:58:48,2832
B00009141,U000732,C00048,finish,2026-08-11 07:28:48,156
B00009142,U000117,C00016,favorite,2026-08-11 15:21:48,998
B00009143,U000642,C00033,view,2026-08-08 19:48:48,2359
B00009144,U000344,C00092,favorite,2026-08-17 04:37:48,1599
B00009145,U000098,C00091,favorite,2026-08-16 16:32:48,3539
B00009146,U000917,C00010,favorite,2026-08-02 16:47:48,769
B00009147,U000379,C00045,favorite,2026-08-21 05:31:48,3119
B00009148,U000662,C00091,view,2026-08-27 09:23:48,1177
B00009149,U000225,C00025,finish,2026-08-23 17:10:48,440
B00009150,U000057,C00034,favorite,2026-08-02 19:28:48,1750
B00009151,U000951,C00029,start_learning,2026-08-02 22:10:48,2096
B00009152,U000293,C00082,favorite,2026-08-10 07:01:48,505
B00009153,U000479,C00015,favorite,2026-08-16 02:31:48,2270
B00009154,U000331,C00046,buy,2026-08-19 23:34:48,974
B00009155,U000877,C00004,view,2026-08-06 07:41:48,1686
B00009156,U000738,C00035,finish,2026-08-03 19:12:48,1120
B00009157,U000253,C00010,start_learning,2026-08-12 02:24:48,1815
B00009158,U000383,C00061,favorite,2026-08-28 20:12:48,2306
B00009159,U000740,C00007,finish,2026-08-22 14:26:48,3337
B00009160,U000089,C00019,buy,2026-08-29 20:41:48,328
B00009161,U000171,C00010,finish,2026-08-04 21:56:48,1864
B00009162,U000326,C00002,start_learning,2026-08-12 16:09:48,2888
B00009163,U000135,C00029,view,2026-08-22 06:49:48,3409
B00009164,U000296,C00021,finish,2026-08-16 05:14:48,2466
B00009165,U000077,C00043,favorite,2026-08-20 03:27:48,1660
B00009166,U000166,C00049,finish,2026-08-16 20:23:48,1316
B00009167,U000961,C00089,start_learning,2026-08-26 23:34:48,169
B00009168,U000419,C00053,buy,2026-08-11 03:10:48,1389
B00009169,U000196,C00070,start_learning,2026-08-15 23:43:48,2643
B00009170,U000169,C00087,finish,2026-08-05 16:54:48,1797
B00009171,U000570,C00011,buy,2026-08-09 16:51:48,75
B00009172,U000961,C00033,favorite,2026-08-28 09:28:48,3108
B00009173,U000110,C00066,finish,2026-08-09 06:54:48,1432
B00009174,U000223,C00035,start_learning,2026-08-21 10:44:48,1519
B00009175,U000608,C00050,start_learning,2026-08-18 01:17:48,3042
B00009176,U000702,C00072,view,2026-08-22 18:52:48,744
B00009177,U000087,C00038,buy,2026-08-13 04:22:48,3090
B00009178,U000188,C00092,favorite,2026-08-21 19:51:48,3298
B00009179,U000806,C00074,favorite,2026-08-25 18:07:48,799
B00009180,U000324,C00097,favorite,2026-08-16 15:57:48,478
B00009181,U000447,C00099,buy,2026-08-04 16:04:48,1278
B00009182,U000511,C00043,favorite,2026-09-01 09:46:48,464
B00009183,U000696,C00025,start_learning,2026-08-13 10:48:48,2841
B00009184,U000807,C00099,view,2026-08-21 20:55:48,3062
B00009185,U000326,C00071,finish,2026-08-30 08:02:48,1651
B00009186,U000120,C00097,buy,2026-08-07 04:35:48,3335
B00009187,U000895,C00071,finish,2026-08-25 07:22:48,1094
B00009188,U000168,C00084,buy,2026-08-21 18:59:48,1239
B00009189,U000042,C00007,finish,2026-08-26 03:58:48,478
B00009190,U000255,C00053,view,2026-08-19 11:38:48,3579
B00009191,U000981,C00094,buy,2026-08-16 13:49:48,413
B00009192,U000046,C00089,favorite,2026-08-27 13:18:48,2307
B00009193,U000964,C00085,buy,2026-08-22 02:07:48,1099
B00009194,U000920,C00082,start_learning,2026-08-10 00:37:48,2106
B00009195,U000600,C00066,start_learning,2026-08-07 23:21:48,2084
B00009196,U000805,C00097,view,2026-08-11 00:00:48,2820
B00009197,U000259,C00047,start_learning,2026-08-22 19:43:48,2652
B00009198,U000329,C00065,favorite,2026-08-17 01:19:48,1049
B00009199,U000462,C00074,view,2026-08-13 03:50:48,1312
B00009200,U000104,C00031,view,2026-08-31 14:46:48,1346
B00009201,U000194,C00058,start_learning,2026-08-12 23:57:48,1389
B00009202,U000972,C00086,start_learning,2026-08-26 00:11:48,2122
B00009203,U000959,C00086,view,2026-08-16 20:23:48,3125
B00009204,U000324,C00061,buy,2026-08-23 11:52:48,1531
B00009205,U000105,C00043,finish,2026-08-10 03:50:48,1947
B00009206,U000969,C00090,buy,2026-08-08 02:31:48,491
B00009207,U000912,C00021,start_learning,2026-08-21 20:25:48,1774
B00009208,U000803,C00031,view,2026-08-31 04:44:48,1547
B00009209,U000665,C00079,finish,2026-08-05 07:45:48,3379
B00009210,U000138,C00011,buy,2026-08-14 08:55:48,3292
B00009211,U000413,C00032,view,2026-08-31 14:17:48,2788
B00009212,U000484,C00033,favorite,2026-08-03 22:37:48,1839
B00009213,U000976,C00030,finish,2026-08-11 19:38:48,3429
B00009214,U000375,C00090,finish,2026-08-07 22:08:48,1043
B00009215,U000699,C00047,finish,2026-08-24 17:28:48,2888
B00009216,U000509,C00030,finish,2026-08-30 19:50:48,2336
B00009217,U000137,C00081,buy,2026-08-06 00:46:48,1161
B00009218,U000993,C00087,favorite,2026-08-20 00:54:48,3019
B00009219,U000269,C00077,start_learning,2026-08-04 20:16:48,2013
B00009220,U000734,C00011,start_learning,2026-08-20 07:11:48,2724
B00009221,U000116,C00005,favorite,2026-08-25 23:37:48,1857
B00009222,U000396,C00064,buy,2026-08-06 04:02:48,3491
B00009223,U000266,C00008,favorite,2026-08-09 09:08:48,3406
B00009224,U000273,C00028,buy,2026-08-19 16:57:48,1362
B00009225,U000155,C00022,buy,2026-08-05 21:40:48,2809
B00009226,U000020,C00084,favorite,2026-08-07 02:15:48,2680
B00009227,U000070,C00070,buy,2026-08-10 19:33:48,2270
B00009228,U000802,C00055,start_learning,2026-08-22 01:20:48,1510
B00009229,U000896,C00023,buy,2026-08-08 11:09:48,474
B00009230,U000549,C00084,buy,2026-08-11 06:24:48,2962
B00009231,U000292,C00024,view,2026-08-18 07:58:48,2908
B00009232,U000194,C00052,buy,2026-08-13 13:05:48,2040
B00009233,U000466,C00008,start_learning,2026-08-16 09:51:48,2647
B00009234,U000089,C00016,view,2026-08-07 03:09:48,1277
B00009235,U000541,C00094,view,2026-08-21 08:49:48,3255
B00009236,U000589,C00006,buy,2026-08-30 17:12:48,1742
B00009237,U000558,C00021,favorite,2026-08-16 02:17:48,1133
B00009238,U000372,C00025,buy,2026-08-15 06:01:48,3258
B00009239,U000615,C00013,favorite,2026-08-13 13:48:48,1513
B00009240,U000024,C00038,finish,2026-08-21 22:36:48,523
B00009241,U000059,C00085,buy,2026-09-01 15:03:48,3574
B00009242,U000472,C00082,favorite,2026-08-05 13:18:48,2272
B00009243,U000806,C00046,view,2026-08-16 19:10:48,1286
B00009244,U000563,C00088,buy,2026-08-25 12:42:48,704
B00009245,U000069,C00065,view,2026-08-11 22:07:48,110
B00009246,U000163,C00018,buy,2026-08-04 18:12:48,1329
B00009247,U000529,C00023,favorite,2026-08-09 03:03:48,2135
B00009248,U000222,C00005,finish,2026-08-22 17:19:48,1807
B00009249,U001000,C00037,buy,2026-08-18 09:02:48,2088
B00009250,U000068,C00083,buy,2026-09-01 13:46:48,2037
B00009251,U000374,C00074,favorite,2026-08-23 01:29:48,3285
B00009252,U000405,C00047,finish,2026-08-03 06:43:48,2559
B00009253,U000977,C00072,start_learning,2026-08-05 20:21:48,2152
B00009254,U000008,C00065,finish,2026-08-21 06:39:48,652
B00009255,U000008,C00038,start_learning,2026-08-31 09:43:48,2462
B00009256,U000099,C00020,finish,2026-08-22 16:55:48,3352
B00009257,U000777,C00005,finish,2026-08-18 12:20:48,2437
B00009258,U000932,C00002,start_learning,2026-08-21 18:56:48,1161
B00009259,U000153,C00035,view,2026-08-25 06:14:48,2330
B00009260,U000561,C00010,view,2026-08-22 02:42:48,2335
B00009261,U000958,C00047,start_learning,2026-08-10 02:21:48,2610
B00009262,U000378,C00075,finish,2026-08-04 17:43:48,3439
B00009263,U000477,C00004,finish,2026-08-09 11:33:48,2177
B00009264,U000096,C00036,start_learning,2026-08-04 07:35:48,1226
B00009265,U000962,C00093,favorite,2026-08-03 02:22:48,942
B00009266,U000344,C00082,view,2026-08-03 10:29:48,1160
B00009267,U000821,C00016,view,2026-08-09 17:28:48,2672
B00009268,U000517,C00065,buy,2026-08-11 08:50:48,392
B00009269,U000481,C00098,start_learning,2026-08-17 22:39:48,1554
B00009270,U000212,C00089,finish,2026-08-10 20:05:48,1014
B00009271,U000278,C00033,favorite,2026-08-21 07:05:48,2577
B00009272,U000486,C00074,start_learning,2026-08-18 12:49:48,2236
B00009273,U000658,C00009,view,2026-08-31 01:25:48,1336
B00009274,U000151,C00064,view,2026-08-15 14:41:48,3413
B00009275,U000848,C00044,buy,2026-08-19 22:38:48,3198
B00009276,U000088,C00093,finish,2026-08-08 05:27:48,333
B00009277,U000021,C00089,favorite,2026-08-25 18:08:48,2704
B00009278,U000497,C00049,buy,2026-08-19 12:45:48,1317
B00009279,U000108,C00012,start_learning,2026-08-17 14:38:48,1187
B00009280,U000777,C00031,finish,2026-08-03 01:57:48,1378
B00009281,U000704,C00041,buy,2026-08-27 08:12:48,2394
B00009282,U000916,C00066,start_learning,2026-08-09 05:05:48,3096
B00009283,U000055,C00063,finish,2026-08-05 09:04:48,2216
B00009284,U000923,C00023,start_learning,2026-08-12 22:14:48,255
B00009285,U000046,C00092,start_learning,2026-08-17 11:29:48,2913
B00009286,U000246,C00086,finish,2026-08-22 11:23:48,239
B00009287,U000611,C00056,view,2026-08-26 17:00:48,997
B00009288,U000988,C00054,favorite,2026-08-26 00:25:48,3560
B00009289,U000362,C00001,buy,2026-08-16 01:42:48,2983
B00009290,U000929,C00042,favorite,2026-08-22 23:53:48,2672
B00009291,U000406,C00083,finish,2026-08-19 15:10:48,1682
B00009292,U000439,C00068,finish,2026-08-16 06:41:48,490
B00009293,U000680,C00016,buy,2026-08-22 03:19:48,3116
B00009294,U000284,C00087,finish,2026-08-06 21:24:48,174
B00009295,U000889,C00058,favorite,2026-08-24 13:45:48,1882
B00009296,U000950,C00022,buy,2026-08-06 01:19:48,1302
B00009297,U000240,C00071,favorite,2026-08-26 12:42:48,444
B00009298,U000817,C00069,favorite,2026-08-03 10:22:48,405
B00009299,U000983,C00071,finish,2026-08-29 01:37:48,1912
B00009300,U000354,C00004,view,2026-08-11 11:26:48,2151
B00009301,U000753,C00065,favorite,2026-08-03 03:57:48,18
B00009302,U000193,C00025,start_learning,2026-08-11 02:58:48,246
B00009303,U000178,C00020,buy,2026-08-31 03:41:48,3033
B00009304,U000815,C00038,view,2026-09-01 02:15:48,2919
B00009305,U000018,C00028,start_learning,2026-08-04 13:33:48,1583
B00009306,U000442,C00038,favorite,2026-08-23 18:22:48,2853
B00009307,U000355,C00096,view,2026-08-07 16:15:48,2000
B00009308,U000923,C00045,favorite,2026-08-27 12:34:48,201
B00009309,U000318,C00062,buy,2026-08-08 14:48:48,3003
B00009310,U000749,C00019,buy,2026-08-20 03:55:48,1255
B00009311,U000190,C00033,view,2026-08-02 15:26:48,1402
B00009312,U000893,C00004,buy,2026-08-19 04:00:48,591
B00009313,U000618,C00054,favorite,2026-08-05 13:42:48,1965
B00009314,U000257,C00086,finish,2026-08-06 14:57:48,848
B00009315,U000323,C00012,finish,2026-08-26 07:48:48,1296
B00009316,U000832,C00026,favorite,2026-08-25 14:54:48,3489
B00009317,U000670,C00096,view,2026-08-28 21:14:48,1048
B00009318,U000712,C00053,favorite,2026-08-17 09:42:48,2339
B00009319,U000510,C00065,finish,2026-08-10 06:35:48,1953
B00009320,U000731,C00054,favorite,2026-08-22 17:00:48,284
B00009321,U000393,C00048,finish,2026-08-17 21:50:48,2127
B00009322,U000411,C00061,finish,2026-08-04 02:05:48,954
B00009323,U000022,C00083,favorite,2026-08-02 20:43:48,1188
B00009324,U000302,C00067,favorite,2026-08-03 16:10:48,2899
B00009325,U000059,C00074,favorite,2026-08-03 10:45:48,492
B00009326,U000895,C00012,finish,2026-08-09 13:33:48,1414
B00009327,U000794,C00019,buy,2026-08-05 18:16:48,661
B00009328,U000743,C00054,buy,2026-08-27 07:25:48,2095
B00009329,U000873,C00069,favorite,2026-08-06 09:55:48,2592
B00009330,U000599,C00025,buy,2026-08-30 19:01:48,1966
B00009331,U000157,C00089,start_learning,2026-08-21 00:02:48,3195
B00009332,U000638,C00021,start_learning,2026-08-06 09:48:48,887
B00009333,U000995,C00013,start_learning,2026-08-24 02:55:48,1392
B00009334,U000412,C00089,buy,2026-08-24 09:25:48,1778
B00009335,U000155,C00064,view,2026-08-24 01:05:48,3433
B00009336,U000255,C00054,favorite,2026-08-28 00:42:48,2640
B00009337,U000747,C00004,buy,2026-08-20 15:37:48,3465
B00009338,U000328,C00051,buy,2026-08-29 23:25:48,1732
B00009339,U000573,C00043,favorite,2026-08-14 13:24:48,386
B00009340,U000824,C00025,favorite,2026-08-14 03:56:48,3484
B00009341,U000430,C00048,buy,2026-08-14 04:56:48,576
B00009342,U000694,C00053,finish,2026-08-07 23:42:48,258
B00009343,U000168,C00015,buy,2026-08-26 21:53:48,1379
B00009344,U000830,C00056,start_learning,2026-08-17 22:38:48,1426
B00009345,U000756,C00020,buy,2026-08-26 08:28:48,513
B00009346,U000994,C00059,favorite,2026-08-06 15:06:48,545
B00009347,U000798,C00014,favorite,2026-08-07 18:41:48,3178
B00009348,U000296,C00050,buy,2026-08-13 05:34:48,1252
B00009349,U000765,C00090,start_learning,2026-08-16 04:09:48,1684
B00009350,U000079,C00040,finish,2026-08-10 22:17:48,479
B00009351,U000707,C00014,view,2026-08-05 14:44:48,2811
B00009352,U000213,C00038,start_learning,2026-08-23 10:18:48,1815
B00009353,U000731,C00063,start_learning,2026-08-21 11:59:48,2406
B00009354,U000119,C00020,start_learning,2026-08-06 23:48:48,3486
B00009355,U000014,C00016,finish,2026-08-22 06:21:48,3411
B00009356,U000175,C00045,finish,2026-08-15 04:01:48,3343
B00009357,U000997,C00027,start_learning,2026-08-06 09:30:48,1337
B00009358,U000536,C00003,favorite,2026-08-31 20:51:48,1625
B00009359,U000267,C00100,favorite,2026-08-28 18:30:48,3226
B00009360,U000379,C00010,buy,2026-08-20 03:44:48,2982
B00009361,U000293,C00046,view,2026-08-10 07:47:48,2776
B00009362,U000401,C00100,finish,2026-08-31 11:00:48,191
B00009363,U000356,C00090,favorite,2026-08-19 12:17:48,2933
B00009364,U000492,C00025,favorite,2026-09-01 10:48:48,258
B00009365,U000698,C00003,view,2026-08-21 16:02:48,2782
B00009366,U000766,C00036,view,2026-08-09 12:45:48,3297
B00009367,U000183,C00046,start_learning,2026-08-26 11:11:48,2107
B00009368,U000235,C00047,finish,2026-08-08 16:11:48,2194
B00009369,U000663,C00077,start_learning,2026-08-15 05:10:48,3141
B00009370,U000469,C00071,finish,2026-09-01 12:43:48,656
B00009371,U000812,C00091,view,2026-08-23 11:27:48,881
B00009372,U000141,C00072,start_learning,2026-08-17 12:32:48,277
B00009373,U000795,C00029,start_learning,2026-08-07 10:41:48,1646
B00009374,U000710,C00054,favorite,2026-08-03 18:49:48,1626
B00009375,U000574,C00092,finish,2026-08-28 21:34:48,2287
B00009376,U000918,C00065,buy,2026-08-06 01:14:48,1152
B00009377,U000884,C00025,finish,2026-08-05 10:52:48,2364
B00009378,U000741,C00083,start_learning,2026-08-11 13:59:48,492
B00009379,U000039,C00059,finish,2026-08-18 07:39:48,3165
B00009380,U000866,C00017,view,2026-08-15 07:24:48,392
B00009381,U000124,C00026,start_learning,2026-08-11 00:58:48,2736
B00009382,U000240,C00076,view,2026-08-23 06:43:48,2068
B00009383,U000406,C00022,view,2026-08-10 18:25:48,1372
B00009384,U000634,C00090,finish,2026-08-31 21:11:48,2474
B00009385,U000966,C00090,finish,2026-08-02 21:21:48,1362
B00009386,U000316,C00016,buy,2026-08-31 02:16:48,1370
B00009387,U000353,C00053,start_learning,2026-08-11 05:14:48,560
B00009388,U000992,C00100,start_learning,2026-08-11 15:18:48,3497
B00009389,U000019,C00078,favorite,2026-08-23 06:15:48,1456
B00009390,U000782,C00012,buy,2026-08-04 11:36:48,1464
B00009391,U000648,C00095,view,2026-08-08 19:32:48,1372
B00009392,U000972,C00092,buy,2026-08-17 05:31:48,63
B00009393,U000304,C00005,favorite,2026-08-07 04:00:48,3126
B00009394,U000887,C00076,favorite,2026-08-16 15:03:48,1463
B00009395,U000251,C00055,finish,2026-08-06 23:08:48,1003
B00009396,U000988,C00008,finish,2026-08-29 15:56:48,3409
B00009397,U000713,C00005,start_learning,2026-08-22 09:14:48,2387
B00009398,U000525,C00071,favorite,2026-08-22 03:56:48,2888
B00009399,U000491,C00069,view,2026-08-28 02:28:48,322
B00009400,U000157,C00040,view,2026-08-19 09:05:48,2426
B00009401,U000902,C00023,finish,2026-08-13 00:57:48,3116
B00009402,U000643,C00018,finish,2026-08-06 15:36:48,597
B00009403,U000336,C00068,view,2026-08-11 17:30:48,2288
B00009404,U000860,C00083,start_learning,2026-08-13 05:19:48,1120
B00009405,U000164,C00012,start_learning,2026-09-01 09:07:48,2991
B00009406,U000215,C00095,view,2026-08-24 04:23:48,1430
B00009407,U000934,C00039,finish,2026-08-21 13:50:48,1401
B00009408,U000572,C00076,finish,2026-08-07 14:56:48,1464
B00009409,U000604,C00010,view,2026-08-29 18:29:48,1529
B00009410,U000842,C00056,finish,2026-08-03 23:21:48,99
B00009411,U000245,C00078,start_learning,2026-08-28 13:39:48,3584
B00009412,U000910,C00041,start_learning,2026-08-12 14:50:48,607
B00009413,U000788,C00057,view,2026-08-14 07:47:48,1490
B00009414,U000569,C00057,buy,2026-08-30 12:06:48,3238
B00009415,U000616,C00049,buy,2026-08-05 19:02:48,1031
B00009416,U000798,C00049,favorite,2026-08-19 01:52:48,2424
B00009417,U000659,C00082,finish,2026-08-04 05:15:48,2921
B00009418,U000023,C00076,view,2026-09-01 02:51:48,2323
B00009419,U000690,C00060,finish,2026-08-28 16:17:48,3224
B00009420,U000779,C00068,finish,2026-08-16 07:24:48,95
B00009421,U000474,C00077,start_learning,2026-08-17 04:33:48,213
B00009422,U000728,C00045,finish,2026-08-15 06:09:48,711
B00009423,U000368,C00081,view,2026-08-04 07:54:48,2113
B00009424,U000317,C00026,view,2026-08-24 01:40:48,2150
B00009425,U000088,C00038,favorite,2026-08-05 10:10:48,1245
B00009426,U000512,C00068,favorite,2026-08-27 10:31:48,1468
B00009427,U000161,C00046,view,2026-08-14 06:15:48,1305
B00009428,U000844,C00040,buy,2026-08-02 23:39:48,2164
B00009429,U000913,C00014,view,2026-08-03 18:16:48,3564
B00009430,U000568,C00070,start_learning,2026-08-15 07:18:48,116
B00009431,U000083,C00058,favorite,2026-08-13 06:22:48,1624
B00009432,U000136,C00077,start_learning,2026-08-06 18:13:48,2004
B00009433,U000216,C00028,finish,2026-08-18 05:25:48,1523
B00009434,U000537,C00051,start_learning,2026-08-22 00:15:48,1053
B00009435,U000394,C00066,favorite,2026-08-23 20:46:48,3046
B00009436,U000138,C00092,view,2026-08-07 15:48:48,2712
B00009437,U000372,C00005,view,2026-08-30 14:07:48,1773
B00009438,U000592,C00022,view,2026-08-12 00:38:48,938
B00009439,U000127,C00080,view,2026-09-01 07:25:48,1098
B00009440,U000728,C00002,start_learning,2026-08-03 22:45:48,983
B00009441,U000319,C00064,view,2026-08-11 00:55:48,1571
B00009442,U000068,C00014,start_learning,2026-08-22 20:55:48,3357
B00009443,U000981,C00013,start_learning,2026-08-04 11:57:48,3125
B00009444,U000335,C00021,view,2026-08-30 01:05:48,2973
B00009445,U000133,C00026,finish,2026-08-07 23:17:48,1730
B00009446,U000887,C00023,view,2026-08-10 16:24:48,1948
B00009447,U000044,C00081,start_learning,2026-08-19 06:13:48,2834
B00009448,U000205,C00009,finish,2026-08-04 16:19:48,2787
B00009449,U000665,C00023,buy,2026-08-07 02:28:48,2967
B00009450,U000535,C00091,view,2026-08-04 05:00:48,2476
B00009451,U000211,C00033,favorite,2026-08-02 23:17:48,469
B00009452,U000781,C00049,view,2026-08-27 16:09:48,2984
B00009453,U000981,C00025,favorite,2026-08-09 02:10:48,1743
B00009454,U000060,C00044,finish,2026-08-17 07:08:48,227
B00009455,U000304,C00028,favorite,2026-08-25 20:43:48,2732
B00009456,U000560,C00038,finish,2026-08-09 18:04:48,2099
B00009457,U000348,C00091,finish,2026-08-18 22:18:48,3171
B00009458,U000226,C00087,start_learning,2026-08-10 10:09:48,3535
B00009459,U000069,C00057,view,2026-08-26 18:21:48,1855
B00009460,U000325,C00029,favorite,2026-08-30 17:19:48,1225
B00009461,U000270,C00086,view,2026-08-28 22:47:48,1058
B00009462,U000526,C00012,finish,2026-08-23 20:11:48,3361
B00009463,U000396,C00008,buy,2026-08-05 14:52:48,992
B00009464,U000349,C00058,view,2026-08-07 02:12:48,401
B00009465,U000471,C00015,finish,2026-08-09 04:59:48,2802
B00009466,U000665,C00087,finish,2026-08-20 08:38:48,1085
B00009467,U000688,C00056,finish,2026-08-03 10:03:48,564
B00009468,U000362,C00096,finish,2026-08-15 10:27:48,484
B00009469,U000995,C00039,favorite,2026-08-28 09:33:48,1423
B00009470,U000569,C00024,buy,2026-08-30 03:11:48,3033
B00009471,U000869,C00025,start_learning,2026-08-24 00:30:48,1707
B00009472,U000833,C00095,buy,2026-08-11 01:19:48,1054
B00009473,U000642,C00079,start_learning,2026-08-04 09:02:48,1794
B00009474,U000694,C00065,start_learning,2026-08-08 11:42:48,1881
B00009475,U000219,C00034,start_learning,2026-08-27 20:02:48,1527
B00009476,U000163,C00073,view,2026-09-01 12:33:48,1637
B00009477,U000428,C00066,finish,2026-08-04 03:33:48,2454
B00009478,U000985,C00051,start_learning,2026-08-29 21:07:48,3458
B00009479,U000949,C00090,favorite,2026-08-08 15:43:48,1892
B00009480,U000737,C00019,view,2026-08-18 17:43:48,2975
B00009481,U000773,C00028,buy,2026-08-24 10:00:48,2430
B00009482,U000301,C00040,view,2026-08-28 23:44:48,2480
B00009483,U000703,C00004,view,2026-08-03 06:41:48,1152
B00009484,U000457,C00023,favorite,2026-08-31 04:18:48,1200
B00009485,U000098,C00018,favorite,2026-08-26 19:56:48,1329
B00009486,U000131,C00053,view,2026-08-16 12:12:48,2160
B00009487,U000981,C00012,buy,2026-08-14 19:04:48,3136
B00009488,U000599,C00009,favorite,2026-08-16 14:10:48,1439
B00009489,U000429,C00033,view,2026-08-05 07:44:48,2176
B00009490,U000066,C00021,favorite,2026-08-16 11:04:48,2475
B00009491,U000114,C00074,favorite,2026-08-18 15:40:48,889
B00009492,U000121,C00076,buy,2026-08-04 03:44:48,1415
B00009493,U000541,C00004,finish,2026-08-26 21:56:48,3021
B00009494,U000257,C00084,buy,2026-08-13 22:11:48,1926
B00009495,U000678,C00007,favorite,2026-08-18 15:57:48,2204
B00009496,U000552,C00070,view,2026-08-12 09:02:48,1825
B00009497,U000152,C00032,start_learning,2026-08-09 11:58:48,2661
B00009498,U000846,C00069,favorite,2026-08-13 22:05:48,1298
B00009499,U000713,C00035,buy,2026-08-22 18:10:48,736
B00009500,U000583,C00049,finish,2026-08-06 12:32:48,388
B00009501,U000965,C00078,favorite,2026-08-20 07:36:48,1942
B00009502,U000410,C00082,buy,2026-08-10 13:36:48,2790
B00009503,U000132,C00090,start_learning,2026-08-22 10:18:48,1518
B00009504,U000731,C00038,favorite,2026-08-18 18:11:48,2372
B00009505,U000118,C00005,view,2026-08-24 21:39:48,764
B00009506,U000531,C00083,buy,2026-08-04 10:24:48,879
B00009507,U000853,C00060,start_learning,2026-08-23 06:42:48,1830
B00009508,U000933,C00059,finish,2026-08-13 14:14:48,317
B00009509,U000833,C00098,finish,2026-08-27 12:03:48,3165
B00009510,U000608,C00017,buy,2026-08-08 16:23:48,2215
B00009511,U000939,C00094,favorite,2026-09-01 06:39:48,3587
B00009512,U000830,C00019,finish,2026-08-14 19:23:48,3050
B00009513,U000949,C00099,favorite,2026-08-04 08:03:48,1301
B00009514,U000464,C00063,favorite,2026-08-23 15:58:48,493
B00009515,U000264,C00098,start_learning,2026-08-06 03:27:48,679
B00009516,U000971,C00007,favorite,2026-08-10 15:21:48,2182
B00009517,U000820,C00079,buy,2026-08-09 04:41:48,1318
B00009518,U000942,C00047,view,2026-08-08 20:47:48,274
B00009519,U000681,C00031,view,2026-08-27 11:29:48,3115
B00009520,U000613,C00063,favorite,2026-08-29 16:27:48,2954
B00009521,U000460,C00082,start_learning,2026-08-20 02:43:48,480
B00009522,U000257,C00005,start_learning,2026-08-18 00:17:48,815
B00009523,U000132,C00037,view,2026-08-16 07:54:48,3235
B00009524,U000795,C00088,view,2026-08-20 06:48:48,3523
B00009525,U000610,C00020,view,2026-08-12 13:07:48,1131
B00009526,U000253,C00045,favorite,2026-08-24 03:53:48,7
B00009527,U000484,C00034,favorite,2026-08-20 17:15:48,2319
B00009528,U000304,C00049,buy,2026-08-11 08:02:48,66
B00009529,U000016,C00054,finish,2026-08-17 19:16:48,2019
B00009530,U000925,C00061,buy,2026-08-29 21:17:48,3145
B00009531,U000455,C00085,favorite,2026-08-19 01:23:48,1007
B00009532,U000578,C00072,view,2026-08-26 10:18:48,1277
B00009533,U000964,C00047,view,2026-08-28 17:37:48,532
B00009534,U000106,C00010,start_learning,2026-08-27 17:26:48,706
B00009535,U000930,C00038,buy,2026-08-23 00:04:48,1115
B00009536,U000800,C00099,buy,2026-08-28 21:12:48,3163
B00009537,U000598,C00026,buy,2026-08-13 07:52:48,25
B00009538,U000818,C00068,start_learning,2026-08-19 19:05:48,2041
B00009539,U000012,C00055,finish,2026-08-10 14:09:48,1559
B00009540,U000752,C00064,favorite,2026-08-22 11:10:48,3080
B00009541,U000728,C00005,finish,2026-08-03 00:09:48,1667
B00009542,U000475,C00025,start_learning,2026-08-12 13:38:48,567
B00009543,U000644,C00063,view,2026-08-24 13:14:48,3329
B00009544,U000513,C00001,view,2026-08-15 22:53:48,1065
B00009545,U000143,C00073,view,2026-08-06 21:02:48,2270
B00009546,U000608,C00061,start_learning,2026-08-23 05:36:48,1577
B00009547,U000465,C00042,view,2026-08-23 21:17:48,1431
B00009548,U000511,C00070,view,2026-08-09 04:47:48,68
B00009549,U000843,C00026,view,2026-08-13 21:36:48,2739
B00009550,U000459,C00082,start_learning,2026-08-29 00:40:48,2573
B00009551,U000510,C00096,buy,2026-08-28 06:40:48,688
B00009552,U000433,C00020,favorite,2026-08-10 11:58:48,2766
B00009553,U000726,C00070,view,2026-08-08 08:48:48,1959
B00009554,U000233,C00047,start_learning,2026-08-24 02:58:48,862
B00009555,U000313,C00045,start_learning,2026-08-15 02:07:48,3394
B00009556,U000255,C00018,favorite,2026-08-13 23:45:48,596
B00009557,U000251,C00023,favorite,2026-08-21 22:24:48,3428
B00009558,U000806,C00042,finish,2026-08-05 07:12:48,1024
B00009559,U000987,C00074,favorite,2026-08-22 13:37:48,3498
B00009560,U000609,C00077,favorite,2026-08-04 16:50:48,2276
B00009561,U000391,C00094,view,2026-08-13 13:47:48,3271
B00009562,U000971,C00063,start_learning,2026-08-14 09:35:48,3580
B00009563,U000256,C00069,start_learning,2026-08-23 16:56:48,2233
B00009564,U000814,C00071,start_learning,2026-08-03 06:34:48,1281
B00009565,U000060,C00068,view,2026-08-27 00:49:48,1224
B00009566,U000378,C00033,view,2026-08-26 23:19:48,1687
B00009567,U000236,C00006,view,2026-08-07 18:29:48,2533
B00009568,U000185,C00042,buy,2026-08-05 03:18:48,2458
B00009569,U000966,C00062,start_learning,2026-08-11 00:53:48,2302
B00009570,U000792,C00003,favorite,2026-08-11 09:41:48,1238
B00009571,U000690,C00052,finish,2026-08-15 16:14:48,3168
B00009572,U000005,C00085,finish,2026-08-25 16:20:48,2206
B00009573,U000516,C00054,favorite,2026-08-22 16:28:48,867
B00009574,U000024,C00097,favorite,2026-08-19 16:07:48,1485
B00009575,U000427,C00098,buy,2026-08-17 13:46:48,852
B00009576,U000340,C00033,finish,2026-08-24 09:46:48,2205
B00009577,U000304,C00003,finish,2026-08-18 06:01:48,1983
B00009578,U000054,C00027,finish,2026-08-28 06:25:48,113
B00009579,U000998,C00049,finish,2026-08-23 13:35:48,2719
B00009580,U000075,C00033,view,2026-08-18 03:07:48,1052
B00009581,U000946,C00016,favorite,2026-08-29 16:34:48,492
B00009582,U000221,C00077,view,2026-08-10 16:04:48,2341
B00009583,U000027,C00005,buy,2026-08-31 01:43:48,1073
B00009584,U000857,C00075,favorite,2026-08-13 01:03:48,2583
B00009585,U000830,C00038,view,2026-08-30 12:55:48,470
B00009586,U000772,C00099,finish,2026-08-30 10:59:48,2193
B00009587,U000603,C00017,finish,2026-08-11 06:25:48,3262
B00009588,U000921,C00083,favorite,2026-08-05 04:50:48,532
B00009589,U000716,C00095,favorite,2026-08-09 02:08:48,2072
B00009590,U000306,C00014,buy,2026-08-11 11:13:48,919
B00009591,U000414,C00031,favorite,2026-08-15 15:34:48,2106
B00009592,U000356,C00019,start_learning,2026-08-31 04:19:48,556
B00009593,U000989,C00069,start_learning,2026-08-14 02:50:48,3125
B00009594,U000340,C00032,start_learning,2026-08-06 14:03:48,913
B00009595,U000475,C00092,buy,2026-08-13 22:38:48,2332
B00009596,U000068,C00093,buy,2026-08-02 17:40:48,1694
B00009597,U000106,C00005,finish,2026-08-06 21:44:48,38
B00009598,U000741,C00042,view,2026-08-20 02:13:48,2186
B00009599,U000341,C00064,finish,2026-08-05 10:21:48,443
B00009600,U000862,C00072,buy,2026-08-31 01:03:48,1227
B00009601,U000083,C00009,start_learning,2026-08-07 16:31:48,1918
B00009602,U000157,C00088,view,2026-08-08 05:09:48,2632
B00009603,U000453,C00039,finish,2026-08-13 22:19:48,337
B00009604,U000043,C00024,favorite,2026-08-11 01:20:48,1642
B00009605,U000941,C00073,favorite,2026-08-23 12:05:48,3254
B00009606,U000643,C00040,finish,2026-08-24 13:11:48,2951
B00009607,U000377,C00061,favorite,2026-08-08 23:30:48,2506
B00009608,U000944,C00079,buy,2026-08-21 15:34:48,430
B00009609,U000585,C00059,favorite,2026-08-11 05:49:48,393
B00009610,U000006,C00075,start_learning,2026-08-17 15:05:48,370
B00009611,U000534,C00070,finish,2026-08-26 14:45:48,0
B00009612,U000992,C00099,finish,2026-08-08 08:03:48,2275
B00009613,U000569,C00021,buy,2026-08-25 23:33:48,3590
B00009614,U000108,C00003,view,2026-08-20 07:44:48,3500
B00009615,U000522,C00035,start_learning,2026-08-09 04:53:48,2146
B00009616,U000662,C00015,favorite,2026-08-12 06:36:48,874
B00009617,U000571,C00061,view,2026-08-24 22:48:48,3168
B00009618,U000396,C00087,view,2026-08-06 01:03:48,1744
B00009619,U000362,C00045,start_learning,2026-08-18 08:45:48,3026
B00009620,U000956,C00077,start_learning,2026-08-24 09:03:48,1335
B00009621,U000372,C00024,view,2026-08-20 13:46:48,1634
B00009622,U000221,C00053,favorite,2026-08-08 19:20:48,3259
B00009623,U000137,C00047,view,2026-08-30 13:50:48,2958
B00009624,U000926,C00017,finish,2026-08-12 22:58:48,1485
B00009625,U000450,C00064,finish,2026-08-06 18:55:48,2499
B00009626,U000772,C00079,view,2026-08-25 22:41:48,418
B00009627,U000791,C00051,start_learning,2026-08-25 04:41:48,699
B00009628,U000370,C00021,view,2026-08-24 07:54:48,1905
B00009629,U000164,C00077,favorite,2026-08-13 06:21:48,2923
B00009630,U000978,C00046,buy,2026-08-16 00:07:48,1787
B00009631,U000404,C00023,view,2026-08-07 12:04:48,2544
B00009632,U000150,C00035,start_learning,2026-08-02 16:46:48,2629
B00009633,U000611,C00070,buy,2026-08-18 18:31:48,3182
B00009634,U000580,C00034,start_learning,2026-08-07 10:12:48,848
B00009635,U000735,C00062,view,2026-08-20 11:07:48,489
B00009636,U000396,C00060,favorite,2026-08-21 16:16:48,620
B00009637,U000043,C00027,buy,2026-08-21 18:19:48,3052
B00009638,U000077,C00076,view,2026-08-28 05:28:48,2408
B00009639,U000612,C00096,finish,2026-08-15 22:47:48,2718
B00009640,U000020,C00064,start_learning,2026-08-30 20:42:48,2875
B00009641,U000529,C00094,start_learning,2026-08-29 16:00:48,2151
B00009642,U000963,C00060,favorite,2026-08-20 22:51:48,3175
B00009643,U000053,C00063,start_learning,2026-08-29 01:08:48,2155
B00009644,U000067,C00080,finish,2026-08-25 21:53:48,3536
B00009645,U000034,C00051,finish,2026-08-15 11:42:48,2745
B00009646,U000517,C00013,buy,2026-08-11 20:50:48,3096
B00009647,U000140,C00029,view,2026-08-24 09:05:48,1739
B00009648,U000953,C00086,favorite,2026-08-20 12:06:48,3250
B00009649,U000454,C00047,start_learning,2026-08-04 01:34:48,2865
B00009650,U000621,C00076,start_learning,2026-08-05 12:22:48,2701
B00009651,U000315,C00022,view,2026-08-16 02:22:48,3047
B00009652,U000703,C00038,start_learning,2026-08-29 17:00:48,3066
B00009653,U000353,C00032,favorite,2026-08-30 07:11:48,3008
B00009654,U000329,C00014,start_learning,2026-08-23 11:49:48,838
B00009655,U000736,C00028,view,2026-08-11 19:40:48,100
B00009656,U000570,C00039,start_learning,2026-08-29 01:14:48,1422
B00009657,U000534,C00030,finish,2026-08-23 14:11:48,1676
B00009658,U000105,C00088,view,2026-08-19 08:59:48,1691
B00009659,U000761,C00028,view,2026-08-22 04:28:48,269
B00009660,U000599,C00058,finish,2026-08-08 12:47:48,2264
B00009661,U000988,C00029,finish,2026-08-29 05:31:48,620
B00009662,U000261,C00012,start_learning,2026-08-21 00:34:48,269
B00009663,U000076,C00080,start_learning,2026-08-21 15:57:48,1514
B00009664,U000246,C00048,buy,2026-08-04 12:29:48,941
B00009665,U000483,C00088,finish,2026-08-07 08:52:48,443
B00009666,U000691,C00091,view,2026-08-10 06:49:48,947
B00009667,U000399,C00036,favorite,2026-08-25 09:00:48,560
B00009668,U000604,C00007,view,2026-09-01 08:03:48,3180
B00009669,U000200,C00059,buy,2026-08-10 12:09:48,654
B00009670,U000983,C00060,finish,2026-08-26 08:52:48,2019
B00009671,U000113,C00040,finish,2026-08-28 17:07:48,707
B00009672,U000951,C00029,finish,2026-08-24 14:49:48,653
B00009673,U000285,C00084,buy,2026-08-29 23:51:48,185
B00009674,U000920,C00053,start_learning,2026-08-18 18:17:48,2304
B00009675,U000516,C00013,start_learning,2026-08-14 16:51:48,2298
B00009676,U000108,C00056,finish,2026-09-01 00:19:48,2329
B00009677,U000154,C00098,buy,2026-08-04 19:27:48,600
B00009678,U000326,C00003,start_learning,2026-08-20 13:51:48,1236
B00009679,U000792,C00017,buy,2026-08-13 14:43:48,2459
B00009680,U000415,C00047,favorite,2026-08-31 21:43:48,1170
B00009681,U000953,C00029,finish,2026-08-11 02:10:48,3538
B00009682,U000086,C00098,favorite,2026-08-19 11:29:48,3192
B00009683,U000219,C00065,favorite,2026-08-28 23:53:48,2372
B00009684,U000985,C00050,favorite,2026-08-05 21:28:48,396
B00009685,U000444,C00083,finish,2026-08-11 09:45:48,1396
B00009686,U000665,C00091,finish,2026-08-05 18:25:48,2604
B00009687,U000454,C00026,start_learning,2026-08-31 18:12:48,1466
B00009688,U000807,C00082,buy,2026-08-11 04:34:48,322
B00009689,U000966,C00088,view,2026-08-23 10:17:48,124
B00009690,U000117,C00086,view,2026-08-29 07:05:48,2421
B00009691,U000561,C00008,favorite,2026-08-03 06:02:48,1138
B00009692,U000777,C00012,buy,2026-08-31 18:01:48,2129
B00009693,U000512,C00012,view,2026-08-06 07:28:48,593
B00009694,U000167,C00076,view,2026-08-21 15:59:48,1116
B00009695,U000400,C00068,favorite,2026-08-11 10:32:48,3094
B00009696,U000520,C00004,favorite,2026-08-29 23:58:48,3092
B00009697,U000693,C00031,finish,2026-08-12 21:44:48,2662
B00009698,U000493,C00095,view,2026-08-24 12:19:48,869
B00009699,U000994,C00073,favorite,2026-08-21 12:15:48,2007
B00009700,U000932,C00020,favorite,2026-08-29 21:41:48,2142
B00009701,U000042,C00023,view,2026-08-14 06:02:48,1438
B00009702,U000124,C00088,view,2026-08-15 01:08:48,3423
B00009703,U000902,C00045,favorite,2026-08-02 21:01:48,3198
B00009704,U000102,C00010,buy,2026-08-22 03:47:48,263
B00009705,U000084,C00052,finish,2026-08-18 14:22:48,2806
B00009706,U000695,C00038,view,2026-08-20 21:08:48,1111
B00009707,U000120,C00073,buy,2026-08-03 15:45:48,1493
B00009708,U000669,C00038,view,2026-08-18 12:56:48,2572
B00009709,U000305,C00048,favorite,2026-08-19 15:36:48,1593
B00009710,U000674,C00086,view,2026-08-21 09:06:48,1518
B00009711,U000930,C00047,favorite,2026-08-14 18:44:48,1164
B00009712,U000064,C00077,view,2026-08-14 01:24:48,527
B00009713,U000484,C00051,finish,2026-08-24 21:03:48,2791
B00009714,U000009,C00098,finish,2026-08-19 19:58:48,202
B00009715,U000615,C00033,favorite,2026-08-15 09:12:48,2193
B00009716,U000250,C00035,finish,2026-08-21 15:07:48,2665
B00009717,U000794,C00059,view,2026-08-13 15:53:48,2909
B00009718,U000447,C00055,buy,2026-08-31 19:16:48,1949
B00009719,U000619,C00070,finish,2026-08-22 08:17:48,2441
B00009720,U000436,C00057,buy,2026-08-28 10:42:48,3232
B00009721,U000195,C00061,view,2026-08-06 09:14:48,876
B00009722,U000795,C00099,finish,2026-08-26 12:15:48,2179
B00009723,U000953,C00078,buy,2026-08-23 03:26:48,2465
B00009724,U000979,C00085,finish,2026-08-14 11:31:48,358
B00009725,U000907,C00092,finish,2026-08-17 21:02:48,2985
B00009726,U000959,C00050,finish,2026-08-19 05:27:48,1533
B00009727,U000161,C00054,start_learning,2026-08-27 17:55:48,200
B00009728,U000262,C00090,start_learning,2026-08-08 10:39:48,2419
B00009729,U000686,C00009,favorite,2026-08-07 04:10:48,549
B00009730,U000851,C00087,view,2026-08-12 17:46:48,1144
B00009731,U000825,C00075,buy,2026-08-28 06:30:48,343
B00009732,U000050,C00010,view,2026-08-21 10:22:48,1712
B00009733,U000479,C00092,favorite,2026-08-20 05:21:48,551
B00009734,U000799,C00062,view,2026-08-26 06:09:48,373
B00009735,U000325,C00019,favorite,2026-08-14 12:47:48,3340
B00009736,U000966,C00010,buy,2026-08-17 05:37:48,402
B00009737,U000364,C00003,buy,2026-08-17 15:36:48,1339
B00009738,U000745,C00056,view,2026-08-17 07:28:48,2365
B00009739,U000731,C00012,start_learning,2026-08-31 11:15:48,643
B00009740,U000450,C00058,finish,2026-08-24 17:29:48,2468
B00009741,U000337,C00060,favorite,2026-08-28 06:12:48,1170
B00009742,U000915,C00086,finish,2026-08-14 11:14:48,1801
B00009743,U000691,C00006,buy,2026-09-01 13:23:48,1469
B00009744,U000772,C00057,favorite,2026-08-19 03:17:48,788
B00009745,U000039,C00068,favorite,2026-08-29 23:07:48,391
B00009746,U000456,C00073,finish,2026-08-03 02:50:48,485
B00009747,U000395,C00025,favorite,2026-08-26 07:51:48,2549
B00009748,U000628,C00055,favorite,2026-08-04 02:42:48,2395
B00009749,U000810,C00065,buy,2026-08-03 14:15:48,2743
B00009750,U000881,C00029,finish,2026-08-24 05:56:48,1240
B00009751,U000518,C00049,finish,2026-08-05 04:30:48,3128
B00009752,U000046,C00032,start_learning,2026-08-11 21:04:48,1335
B00009753,U000303,C00004,buy,2026-08-23 01:40:48,1521
B00009754,U000268,C00067,buy,2026-08-31 22:33:48,2331
B00009755,U000544,C00091,start_learning,2026-08-11 12:01:48,1143
B00009756,U000739,C00074,finish,2026-08-21 06:38:48,1547
B00009757,U000706,C00086,start_learning,2026-08-16 23:46:48,2351
B00009758,U000937,C00053,view,2026-08-03 05:33:48,2009
B00009759,U000892,C00057,start_learning,2026-08-10 00:38:48,472
B00009760,U000321,C00005,favorite,2026-08-03 15:08:48,2606
B00009761,U000730,C00087,view,2026-08-29 02:23:48,1183
B00009762,U000415,C00060,finish,2026-08-07 16:45:48,2958
B00009763,U000185,C00055,buy,2026-08-09 18:41:48,934
B00009764,U000745,C00019,start_learning,2026-08-19 22:00:48,1491
B00009765,U000332,C00070,view,2026-08-09 13:27:48,531
B00009766,U000429,C00016,buy,2026-08-13 19:34:48,2106
B00009767,U000825,C00041,buy,2026-08-26 00:25:48,766
B00009768,U000106,C00100,start_learning,2026-08-08 20:48:48,2052
B00009769,U000879,C00080,finish,2026-08-28 00:36:48,1824
B00009770,U000785,C00032,start_learning,2026-08-16 12:09:48,247
B00009771,U000486,C00024,buy,2026-08-04 17:40:48,1465
B00009772,U000714,C00064,view,2026-08-31 17:31:48,3347
B00009773,U000938,C00065,start_learning,2026-08-07 16:14:48,570
B00009774,U000190,C00053,buy,2026-08-17 21:54:48,3046
B00009775,U000114,C00056,finish,2026-08-25 21:11:48,361
B00009776,U000821,C00075,start_learning,2026-08-13 22:55:48,2401
B00009777,U000214,C00096,favorite,2026-08-11 18:56:48,3285
B00009778,U000835,C00019,buy,2026-08-20 22:20:48,181
B00009779,U000284,C00057,start_learning,2026-08-30 15:34:48,994
B00009780,U000446,C00056,finish,2026-08-18 10:02:48,3022
B00009781,U000579,C00021,start_learning,2026-08-27 01:14:48,2199
B00009782,U000718,C00094,finish,2026-08-24 15:32:48,3536
B00009783,U000236,C00038,finish,2026-08-09 00:09:48,772
B00009784,U000182,C00046,buy,2026-08-18 21:06:48,1073
B00009785,U000936,C00050,view,2026-08-13 23:00:48,1794
B00009786,U000479,C00031,buy,2026-08-24 02:17:48,2154
B00009787,U000184,C00054,start_learning,2026-08-14 12:13:48,745
B00009788,U000634,C00059,finish,2026-08-19 08:19:48,1135
B00009789,U000042,C00020,finish,2026-08-17 12:00:48,3501
B00009790,U000299,C00012,buy,2026-08-18 17:29:48,1564
B00009791,U000633,C00049,favorite,2026-08-31 17:49:48,2104
B00009792,U000466,C00040,view,2026-08-27 05:41:48,2292
B00009793,U000652,C00053,finish,2026-08-27 02:33:48,1105
B00009794,U000572,C00098,buy,2026-08-03 12:42:48,2882
B00009795,U000983,C00024,buy,2026-08-25 14:01:48,2185
B00009796,U000950,C00085,start_learning,2026-08-13 21:13:48,724
B00009797,U000008,C00062,view,2026-08-05 16:15:48,2354
B00009798,U000902,C00078,buy,2026-08-17 09:29:48,3201
B00009799,U000495,C00092,start_learning,2026-08-04 16:57:48,2910
B00009800,U000954,C00077,finish,2026-08-31 19:58:48,2506
B00009801,U000512,C00097,favorite,2026-09-01 08:49:48,1218
B00009802,U000704,C00015,start_learning,2026-08-31 21:07:48,2073
B00009803,U000424,C00047,view,2026-08-23 05:36:48,2844
B00009804,U000248,C00100,start_learning,2026-08-07 16:15:48,3375
B00009805,U000114,C00038,buy,2026-08-29 03:26:48,971
B00009806,U000266,C00043,finish,2026-08-03 02:40:48,595
B00009807,U000075,C00066,view,2026-08-21 23:47:48,3297
B00009808,U000672,C00056,finish,2026-08-22 15:37:48,2981
B00009809,U000500,C00068,favorite,2026-08-19 00:43:48,1358
B00009810,U000704,C00018,finish,2026-08-08 04:45:48,2561
B00009811,U000689,C00069,view,2026-08-25 10:59:48,1105
B00009812,U000202,C00081,buy,2026-08-17 16:28:48,1960
B00009813,U000647,C00074,start_learning,2026-08-10 10:51:48,1852
B00009814,U000714,C00006,finish,2026-08-20 16:49:48,439
B00009815,U000781,C00060,favorite,2026-08-30 09:30:48,3166
B00009816,U000936,C00023,favorite,2026-08-21 15:54:48,1421
B00009817,U000152,C00017,start_learning,2026-08-08 04:40:48,3009
B00009818,U000401,C00021,view,2026-08-08 05:59:48,706
B00009819,U000221,C00069,finish,2026-08-06 07:09:48,2193
B00009820,U000562,C00062,finish,2026-08-10 18:16:48,1414
B00009821,U000246,C00079,favorite,2026-08-29 15:05:48,3127
B00009822,U000647,C00096,buy,2026-08-16 14:38:48,245
B00009823,U000835,C00072,view,2026-08-12 17:47:48,2342
B00009824,U000864,C00053,start_learning,2026-08-07 01:43:48,112
B00009825,U000311,C00036,finish,2026-08-27 14:47:48,1768
B00009826,U000591,C00050,favorite,2026-08-03 13:44:48,3481
B00009827,U000231,C00048,start_learning,2026-08-20 13:01:48,1994
B00009828,U000296,C00047,finish,2026-08-11 22:06:48,338
B00009829,U000477,C00089,favorite,2026-09-01 02:02:48,3102
B00009830,U000799,C00004,start_learning,2026-08-23 15:01:48,716
B00009831,U000595,C00020,finish,2026-08-04 06:34:48,215
B00009832,U000512,C00002,buy,2026-08-31 21:52:48,1244
B00009833,U000374,C00016,view,2026-08-19 02:11:48,52
B00009834,U000534,C00003,finish,2026-08-16 21:51:48,3151
B00009835,U000226,C00010,start_learning,2026-08-09 08:13:48,1500
B00009836,U000855,C00016,view,2026-08-17 09:23:48,1868
B00009837,U000860,C00094,start_learning,2026-08-22 22:37:48,546
B00009838,U000083,C00006,favorite,2026-08-25 04:45:48,1986
B00009839,U000402,C00045,start_learning,2026-08-05 01:47:48,82
B00009840,U000815,C00043,view,2026-08-08 19:01:48,729
B00009841,U000144,C00068,finish,2026-08-21 21:33:48,2141
B00009842,U000559,C00032,start_learning,2026-08-14 04:19:48,3036
B00009843,U000333,C00044,buy,2026-08-10 05:23:48,772
B00009844,U000979,C00030,buy,2026-08-28 07:41:48,2629
B00009845,U000267,C00025,view,2026-08-30 03:54:48,1353
B00009846,U000287,C00032,start_learning,2026-08-11 16:05:48,2301
B00009847,U000753,C00019,view,2026-08-30 22:44:48,2770
B00009848,U000647,C00054,start_learning,2026-08-09 06:23:48,873
B00009849,U000614,C00071,finish,2026-08-22 20:09:48,1779
B00009850,U000589,C00090,buy,2026-08-09 06:46:48,408
B00009851,U000737,C00096,start_learning,2026-08-18 04:02:48,1318
B00009852,U000246,C00053,buy,2026-08-15 18:20:48,2109
B00009853,U000065,C00050,view,2026-08-24 06:24:48,45
B00009854,U000414,C00063,buy,2026-08-30 11:17:48,780
B00009855,U000354,C00029,view,2026-08-03 09:45:48,2767
B00009856,U000282,C00093,view,2026-08-07 22:32:48,2767
B00009857,U000186,C00097,start_learning,2026-08-14 06:53:48,2076
B00009858,U000302,C00061,view,2026-08-18 01:02:48,252
B00009859,U000924,C00011,finish,2026-08-27 15:22:48,2389
B00009860,U000508,C00007,start_learning,2026-08-18 06:46:48,842
B00009861,U000234,C00004,finish,2026-08-21 17:30:48,778
B00009862,U000539,C00050,favorite,2026-08-09 00:57:48,321
B00009863,U000119,C00020,favorite,2026-08-18 21:01:48,1908
B00009864,U000435,C00020,view,2026-08-14 14:07:48,2075
B00009865,U000683,C00001,start_learning,2026-08-17 18:18:48,2389
B00009866,U000731,C00092,view,2026-08-24 20:35:48,2702
B00009867,U000625,C00093,finish,2026-08-22 14:02:48,983
B00009868,U000546,C00055,start_learning,2026-08-16 03:37:48,1646
B00009869,U000551,C00016,favorite,2026-08-17 01:43:48,3167
B00009870,U000142,C00097,favorite,2026-08-05 09:05:48,3500
B00009871,U000355,C00054,start_learning,2026-08-20 21:32:48,1955
B00009872,U000799,C00032,favorite,2026-08-19 17:40:48,1596
B00009873,U000197,C00059,start_learning,2026-08-12 09:29:48,2536
B00009874,U000715,C00049,buy,2026-08-16 11:56:48,2458
B00009875,U000013,C00058,favorite,2026-08-17 04:28:48,1312
B00009876,U000650,C00027,finish,2026-08-11 15:42:48,534
B00009877,U000950,C00060,finish,2026-08-03 09:02:48,3325
B00009878,U000510,C00054,start_learning,2026-08-29 17:37:48,2193
B00009879,U000435,C00037,start_learning,2026-08-05 04:58:48,3476
B00009880,U000664,C00095,view,2026-08-22 14:40:48,2185
B00009881,U000471,C00052,finish,2026-08-29 01:00:48,3140
B00009882,U000420,C00056,view,2026-08-27 17:06:48,3334
B00009883,U000779,C00086,finish,2026-08-23 14:59:48,874
B00009884,U000641,C00044,buy,2026-08-24 06:43:48,2877
B00009885,U000826,C00047,start_learning,2026-08-07 13:03:48,1897
B00009886,U000063,C00064,favorite,2026-08-13 09:52:48,2073
B00009887,U000943,C00093,buy,2026-08-13 19:47:48,557
B00009888,U000637,C00006,finish,2026-08-08 08:38:48,502
B00009889,U000953,C00029,start_learning,2026-08-20 03:26:48,3238
B00009890,U000699,C00026,finish,2026-08-28 00:41:48,1730
B00009891,U000738,C00001,view,2026-08-19 16:02:48,623
B00009892,U000655,C00072,finish,2026-08-08 13:27:48,3342
B00009893,U000828,C00004,favorite,2026-08-19 20:50:48,2187
B00009894,U000921,C00027,favorite,2026-08-15 09:16:48,3185
B00009895,U000276,C00036,buy,2026-08-30 09:03:48,1380
B00009896,U000682,C00058,buy,2026-08-21 21:55:48,1164
B00009897,U000299,C00099,view,2026-08-13 04:48:48,851
B00009898,U000220,C00023,finish,2026-08-17 12:10:48,1936
B00009899,U000374,C00025,view,2026-08-06 14:09:48,24
B00009900,U000481,C00045,buy,2026-08-30 06:22:48,839
B00009901,U000937,C00091,start_learning,2026-08-05 16:29:48,195
B00009902,U000382,C00029,finish,2026-08-28 19:38:48,2515
B00009903,U000184,C00092,view,2026-08-23 04:41:48,1510
B00009904,U000797,C00039,start_learning,2026-08-05 21:00:48,474
B00009905,U000426,C00091,buy,2026-08-19 19:40:48,867
B00009906,U000304,C00100,buy,2026-08-24 08:57:48,2037
B00009907,U000396,C00050,start_learning,2026-08-11 00:50:48,2747
B00009908,U000696,C00015,finish,2026-08-30 19:32:48,1422
B00009909,U000512,C00011,favorite,2026-08-15 03:26:48,1049
B00009910,U000562,C00072,start_learning,2026-08-10 06:31:48,1715
B00009911,U000363,C00020,view,2026-08-12 04:04:48,2913
B00009912,U000729,C00007,view,2026-08-10 11:56:48,454
B00009913,U000098,C00041,start_learning,2026-08-21 15:04:48,1043
B00009914,U000756,C00062,buy,2026-08-11 03:06:48,47
B00009915,U000034,C00072,finish,2026-08-16 23:25:48,1911
B00009916,U000729,C00044,finish,2026-08-23 02:48:48,1052
B00009917,U000907,C00083,start_learning,2026-08-30 14:14:48,1481
B00009918,U000614,C00074,view,2026-09-01 11:15:48,272
B00009919,U000876,C00095,start_learning,2026-08-14 02:23:48,506
B00009920,U000242,C00087,view,2026-08-12 20:43:48,2930
B00009921,U000938,C00063,buy,2026-08-31 08:52:48,3286
B00009922,U000301,C00097,buy,2026-08-06 06:30:48,2808
B00009923,U000218,C00081,buy,2026-08-19 18:27:48,3051
B00009924,U000400,C00097,finish,2026-08-13 03:25:48,2574
B00009925,U000169,C00037,finish,2026-08-19 19:14:48,3466
B00009926,U000628,C00044,start_learning,2026-08-05 18:47:48,85
B00009927,U000013,C00091,view,2026-08-27 07:32:48,1424
B00009928,U000737,C00096,start_learning,2026-08-20 21:56:48,2500
B00009929,U000488,C00066,start_learning,2026-08-27 21:52:48,2909
B00009930,U000960,C00051,start_learning,2026-08-23 11:31:48,3003
B00009931,U000598,C00058,start_learning,2026-08-11 22:39:48,1706
B00009932,U000041,C00002,view,2026-08-16 12:50:48,1112
B00009933,U000342,C00081,view,2026-08-03 11:45:48,1268
B00009934,U000808,C00002,buy,2026-08-29 03:52:48,2767
B00009935,U000784,C00038,start_learning,2026-08-05 04:05:48,633
B00009936,U000552,C00097,start_learning,2026-08-21 07:21:48,120
B00009937,U000764,C00013,favorite,2026-08-13 08:47:48,2814
B00009938,U000490,C00020,start_learning,2026-08-10 23:59:48,1198
B00009939,U000583,C00094,view,2026-08-12 22:01:48,3220
B00009940,U000265,C00011,start_learning,2026-08-23 11:44:48,2677
B00009941,U000352,C00023,favorite,2026-08-07 13:41:48,3176
B00009942,U000192,C00083,buy,2026-08-24 02:13:48,1992
B00009943,U000762,C00004,favorite,2026-08-31 04:29:48,248
B00009944,U000219,C00024,view,2026-08-28 17:30:48,1268
B00009945,U000349,C00076,favorite,2026-08-11 22:19:48,461
B00009946,U000270,C00085,start_learning,2026-08-07 21:24:48,166
B00009947,U000673,C00007,favorite,2026-08-07 00:35:48,1556
B00009948,U000748,C00048,favorite,2026-08-12 15:09:48,855
B00009949,U000496,C00029,view,2026-08-16 12:39:48,2229
B00009950,U000875,C00072,view,2026-08-29 21:21:48,803
B00009951,U000502,C00017,finish,2026-08-22 13:20:48,1793
B00009952,U000610,C00042,finish,2026-08-05 15:15:48,858
B00009953,U000508,C00004,favorite,2026-08-07 00:58:48,3014
B00009954,U000368,C00027,start_learning,2026-08-17 17:12:48,1748
B00009955,U000525,C00078,start_learning,2026-08-06 17:10:48,2488
B00009956,U000343,C00041,finish,2026-08-15 10:55:48,1595
B00009957,U000918,C00077,buy,2026-08-12 09:04:48,2524
B00009958,U000209,C00089,buy,2026-08-11 03:52:48,2859
B00009959,U000412,C00019,favorite,2026-08-10 00:24:48,2626
B00009960,U000282,C00071,buy,2026-08-21 04:26:48,825
B00009961,U000991,C00056,buy,2026-08-10 05:02:48,2955
B00009962,U000130,C00031,start_learning,2026-08-07 11:08:48,2696
B00009963,U000911,C00010,favorite,2026-08-21 02:38:48,2789
B00009964,U000506,C00029,buy,2026-08-04 14:56:48,1791
B00009965,U000577,C00070,buy,2026-08-28 12:10:48,2190
B00009966,U000393,C00089,buy,2026-08-08 09:05:48,2272
B00009967,U000052,C00044,view,2026-08-07 05:40:48,951
B00009968,U000489,C00012,buy,2026-08-28 21:40:48,3042
B00009969,U000186,C00035,buy,2026-08-14 04:59:48,3133
B00009970,U000208,C00073,view,2026-08-19 03:01:48,2713
B00009971,U000874,C00094,finish,2026-08-03 08:29:48,627
B00009972,U000317,C00052,start_learning,2026-08-28 16:58:48,3587
B00009973,U000393,C00041,buy,2026-08-15 22:25:48,806
B00009974,U000096,C00020,finish,2026-08-03 13:54:48,1608
B00009975,U000751,C00046,view,2026-08-29 08:34:48,2432
B00009976,U000097,C00025,finish,2026-08-26 13:30:48,2898
B00009977,U000992,C00080,start_learning,2026-08-16 13:15:48,1606
B00009978,U000926,C00025,finish,2026-08-30 16:58:48,2790
B00009979,U000001,C00033,start_learning,2026-08-22 13:40:48,1359
B00009980,U000061,C00035,favorite,2026-08-18 07:55:48,3119
B00009981,U000100,C00004,buy,2026-08-15 05:02:48,2444
B00009982,U000142,C00065,finish,2026-08-15 20:18:48,2710
B00009983,U000758,C00061,favorite,2026-08-03 21:26:48,2796
B00009984,U000135,C00078,favorite,2026-08-12 05:16:48,1886
B00009985,U000207,C00088,finish,2026-09-01 07:02:48,3094
B00009986,U000627,C00070,view,2026-08-07 11:57:48,687
B00009987,U000118,C00056,buy,2026-08-09 23:17:48,2058
B00009988,U000339,C00095,buy,2026-08-18 07:59:48,3316
B00009989,U000293,C00040,buy,2026-08-28 03:58:48,1706
B00009990,U000729,C00070,start_learning,2026-08-21 09:16:48,3081
B00009991,U000727,C00062,start_learning,2026-08-22 03:13:48,1898
B00009992,U000933,C00050,buy,2026-08-11 13:17:48,969
B00009993,U000485,C00073,start_learning,2026-08-21 15:06:48,461
B00009994,U000052,C00060,buy,2026-08-15 20:24:48,1140
B00009995,U000490,C00011,buy,2026-08-14 23:15:48,2575
B00009996,U000373,C00014,finish,2026-08-10 23:58:48,717
B00009997,U000666,C00041,buy,2026-08-26 14:44:48,2670
B00009998,U000816,C00038,start_learning,2026-08-25 20:08:48,3221
B00009999,U000055,C00025,favorite,2026-08-13 04:42:48,2559
B00010000,U000155,C00066,start_learning,2026-08-29 11:23:48,2784
